meaning,meaning_cnt,allomorph,allomorph_cyr,title,full_text,form_cnt
,1,em,эм,,,1
(MID.)PST.3SG,1,e(j),э(й),,,1
(SUF.)PST.3SG,1,ej,эй,,,1
(ДЕСЯТ),1,lag’g’,лагкь,,,2
1CAUS,1,d˙:,д˙:,,,1
1SG,1,em,эм,,,2
2SG,2,ek,эк,Переведенный корпус,suem’p’ k’aaǯ’a kooret naak’ štobe l’aahč štobi vuajehček oojjke k’iid’ i l’aahč š’iiγ’ čuujjke,1
2SG,2,ex,эх,kld_txt_Lehtiranta_3_kɒn’t’_moajnas,ujnčex,2
2SG,2,ex,эх,kld_txt_Lehtiranta_3_kɒn’t’_moajnas,tunn j'aanna j'aalččex t’iirven,2
3PL,2,en’,энҍ,Переведенный корпус,pɨjet nɨt’t’ štobe sɨjj l’iihčen’ seekksem m’eedas tes’t’ vuajj kues’s’ l’eev seekks m’eedas vuajj čuujjke udlen’n’e a kues’s’ pejjne paahka to rueppt seeks ejj jɒdd valas k’irse,2
3PL,2,en’,энҍ,kld_txt_Kert1961_jeerrkja_oollmej_bajas,kues’s’ meene koollm p’eejv i šeeŋŋ vɒɒze i pugg oollme ujnsen’ što kaasska jaav’r ɒrr k’eed’k suel,2
3PL,2,ev,эв,Переведенный корпус,i kɨdda asob’ena maajj maanes’ meennev ab’r’ kɨddaab’r’,3
3PL,2,ev,эв,Переведенный корпус,p’eejva l’eev što al’mes’ kopč(e)neddev peevl p’eejjv kues’s’ ejj vuaj meenne ab’b’r’ ab’b’r’ ejj vuaj i veeʒ a vuajj prosta meenne i veeʒ,3
3PL,2,ev,эв,Переведенный корпус,čeares tenn veeze kon pɨjet čeexxčа ted veeʒ pukk b’eda l’ii roovas i čaares vesenom taal’l’va mennev paje al’m’ al’m’,3
3PL.NPST,2,ev,эв,Переведенный корпус,čuud’d’čuer’r’v pajnal s’aamn’es’ pel̥t paar’net’ an’ paar’r’ne poaččev,1
3PL.NPST,2,ɐv:,в:,kld_txt_Kert1961_byl_o_ljajne,si͔i kɛdžɐv:,1
3PL.PST,1,i͔n˙,ын˙,,,2
3SG,1,ev,эв,,,1
3SG.NPST,1,škud˙,шкуд˙,,,1
3SG.PST,1,e,э,,,6
?,18,a,а,kld_txt_Itkonen1931_6_page254,num’m’p cuer̥’r̥’t’ c’eel̥’k’e što vɨgga bɨdd moast,1
?,18,al,ал,Переведенный корпус,kuul’ pɒppalet raaznɨ nalla laanas jeenne no kuul’ abɨčna val’d’et pooves,1
?,18,d,д,kld_txt_Kert1961_rybolovstvo_20210223,ja eennten' son'n'e jaam’m’de,1
?,18,den'n'e,дэнне,kld_txt_KarNC_deers,vr'em'aden'n'e vɨggev pajše v'es'lamuše l'ehč,1
?,18,e,э,Переведенный корпус,nuut’et kooxxt jaav’res nɨt’t’e i joks,5
?,18,e,э,Переведенный корпус,kuddlɒg’g’ kualmante ɨg’es’ janvari maanas’ munn učenekam’i avcand klaases’ vɨjjl’em čiirre puuʒeguejm,5
?,18,e,э,kld_txt_KarNC_deers,no peeljuve tɒn’n’e ɒɒj̥j̥kv’eer’t’ puaze,5
?,18,e,э,kld_txt_KarNC_deers,samo jeenne n’eel’l’jlɒg’g’e veer’t’ puaze,5
?,18,e,э,kld_txt_Kert1961_nuemmel_piras,a kuhte ak'k' jamma Iiijjen’ aajjk al'l't.,5
?,18,em,эм,Переведенный корпус,taal’l’va veеʒ bɨvaet keess’em i bɨvaet i čovta keessem nu t’eennet kuuddlag’g’ keǯǯemlag’g’ sajn’tim’eetrav,3
?,18,em,эм,Переведенный корпус,taal’l’va veеʒ bɨvaet keess’em i bɨvaet i čovta keessem nu t’eennet kuuddlag’g’ keǯǯemlag’g’ sajn’tim’eetrav,3
?,18,em,эм,Переведенный корпус,veʒʒ keessem bɨvaet l’aam’d’es vaar’en,3
?,18,en’,энҍ,kld_txt_KarNC_wedding_pt2,a munngul šen’te dak šen’tedas mustgul puvle al’n nugge dak mus(t)gul pugnen’dekke,1
?,18,eɲč,энч,kld_txt_Lehtiranta_3_kɒn’t’_moajnas,puud’e(j) m’iidmeɲčp’aalla kued’(e),1
?,18,gal,гал,Переведенный корпус,ab’b’r l’ii gal nuurr abb’r tedd kues’es b’eda čaaʒ’ veeʒ mann kɨdda,1
?,18,i,и,Переведенный корпус,kuddlɒg’g’ kualmante ɨg’es’ janvari maanas’ munn učenekam’i avcand klaases’ vɨjjl’em čiirre puuʒeguejm,1
?,18,j,й,kld_txt_Kert1961_rybolovstvo_20210223,ja jɒddjen' moaze,1
?,18,l,л,kld_txt_Kert1961_rybolovstvo_20210223,k’iihčlen',2
?,18,l,л,Переведенный корпус,sonn val’d’e samastr’eles’ pɨje n’ul i tɨvvluve r’eešškled,2
?,18,mat’,матҍ,kld_txt_KarNC_deers,jesl’i k’ees’ l’ii lɒg’mat’ l’ibo vɨddem’p’lɒg’g’,1
?,18,m’,мь,kld_txt_Kert1961_byl_o_ljajne,kas’t˙ li L’ain ja man’tɛm’ sonn li?”,1
?,18,n,н,Переведенный корпус,akka n'iijjt vaarra tuvvnede poahksenne,1
?,18,sem,сэм,Переведенный корпус,čuujgmen’ k’iihčep man’t’e zv’eer l’eev keerrma man’t’esem k’iijje l’eev koonngɒrre l’eev keerrma meenn vuejga,1
?,18,t,т,kld_txt_Kert1961_pro_vorona_tulena_i_dikogo_olena,ɒres’t ɒres’t ja vaan’n’cel’ kesktamus n’iijjta,2
?,18,t,т,kld_txt_Kert1961_rybolovstvo_20210223,sɨjj voal'l'ten' taahkta oakkše nɨjp skoba ja v'eer̥cet',2
?,18,x,х,Переведенный корпус,k’iičem man’t’e l’eev uʒ’xa muure,3
?,18,x,х,Переведенный корпус,no p’ervɨ vs’evo p’ees’s’ muure p’ees’s’ muure tag b’eda uʒ’xa,3
?,18,x,х,kld_txt_Kert1961_pro_vorona_tulena_i_dikogo_olena,kroŋkxellev,3
?.PST.3SG,1,en',энҍ,,,1
???,2,av,ав,Переведенный корпус,l’eev nu mugga p’r’im’eetav kojt m’iil’d’es i vuejjev c’eel̥’l̥’k’e,1
???,2,s,с,Переведенный корпус,eexxt vuerr oollme t'iid'sen' što ruhc puadd kuelnegg čuhpe ja saam’et’ puket’ koan'te,1
A,1,a,а,,,1
ABE,1,x,х,,,1
ABE.SG,1,xa,ха,,,1
ABSTR,2,vud,вуд,Переведенный корпус,sonn nɨdd žal'ej ujjne n'iijjtes' kaallsa n'iijt sajes' vapteg ja cɒɒr al'k ahk'en' što lunten' ižes' pɒɒssvudes',1
ABSTR,2,vudd,вудт,kld_txt_Kert1961_jeerrkja_oollmej_bajas,kuhk’evudde suel gul’ii n’eel’l’jlɒg’g’ oollme,1
ACAUS,1,j,й,,,8
ACAUS.NPST.3SG,1,aj,ай,,,1
ACAUS.PST.3SG,1,ej,эй,,,6
ACC,4,(e),(э),kld_txt_Lehtiranta_1_r’iim’ɲ_moajnas,r’iimmɲ saarrn čte jeel’ poor(e)[b] muun(e),5
ACC,4,(e),(э),kld_txt_Lehtiranta_1_r’iim’ɲ_moajnas,poor(e) suun(e),5
ACC,4,(e),(э),kld_txt_Lehtiranta_1_r’iim’ɲ_moajnas,suun(e) poor(e),5
ACC,4,(e),(э),kld_txt_Lehtiranta_1_r’iim’ɲ_moajnas,suun(e) poor,5
ACC,4,(e),(э),kld_txt_Lehtiranta_1_r’iim’ɲ_moajnas,mun(n) i tuun(e) rast rɒd’d’(e)jam,5
ACC,4,e,э,kld_txt_Genetz1891,čaaʒ'jel'l'e puud'e(j) man'(e) kukxelk mune,2
ACC,4,e,э,kld_txt_Genetz1891,egg meneɲe evvtel' mune tax munn poora(m) toone,2
ACC,4,et,эт,Переведенный корпус,sijd’es’ m’iinet pood’d’en pravažat jeen’ až’ i v’iil’j tɒɒvvrež vuep’s’ej i mudda oollme,2
ACC,4,et,эт,Переведенный корпус,m’iinet pugg š’iiggten’n’e vstr’eetelen,2
ACC,4,et’,этҍ,Переведенный корпус,puer’es oollme saarrnev što vuus’ ɲues’s’ jeer’r’k’e siin’et’ čofta muehc,8
ACC,4,et’,этҍ,kld_txt_KarNC_deers,a s’iinet’ sɨjj pɨɲɲev,8
ACC,4,et’,этҍ,kld_txt_KarNC_wedding_pt2,a uks al’n tam’p’e ɒret s’iinet’ jev luušt ceel̥l̥kev:,8
ACC,4,et’,этҍ,kld_txt_KarNC_wedding_pt2,c’aal̥l̥k: mustgul čal’m’ jev ujn t’iinet’ emm vuej vɨgge,8
ACC,4,et’,этҍ,kld_txt_Kert1961_jeerrkja_oollmej_bajas,jesl’e kɒmpaɲe paar’r’n vaallt mun kuujje tanna munn lɨgga nɨd’d’ što ruuc m’iinet’ jev kɒn’t,8
ACC,4,et’,этҍ,kld_txt_Kert1961_pro_vorona_tulena_i_dikogo_olena,tam’p’e eellm olmenč t’inet’ šɨll,8
ACC,4,et’,этҍ,Пkld_txt_Kert1961_suška škur,kues’s’ sɨjj koošškev sonn s’inet’ n’aassk,8
ACC,4,et’,этҍ,Переведенный корпус,n’iijjta paar’r’n’ ponrav’dede i cɒɒr al’l’k’ i kaallsa n’iijjt nɒɒj̥j̥tledden’ i jeel’ešuud’d’en’ š’iiggten’n’e i tenna rajja jeellev i m’iinet’ kuessa kɒhčev,8
ACC.PL,13,e(j)d,э(й)д,kld_txt_Lehtiranta_1_r’iim’ɲ_moajnas,bɨdd kuun’n’de(ẟ) jeenna muurre ja p’aasstaγe(j)d bed pooɲ(e)[f],5
ACC.PL,13,e(j)d,э(й)д,kld_txt_Lehtiranta_1_r’iim’ɲ_moajnas,taall kuun’d(‘)e muure(j)d i pooɲe p’aasstaγed,5
ACC.PL,13,e(j)d,э(й)д,kld_txt_Lehtiranta_1_r’iim’ɲ_moajnas,bɨdd tar’r’vmuure(j)d kuattksen,5
ACC.PL,13,e(j)d,э(й)д,kld_txt_Lehtiranta_1_r’iim’ɲ_moajnas,r’iimmɲ por’de eele muure(j)d i saarrn,5
ACC.PL,13,e(j)d,э(й)д,kld_txt_Lehtiranta_1_r’iim’ɲ_moajnas,r’iimmɲ puelle(h)t koattkse(j)d ja saarrn,5
ACC.PL,13,e(j)t,э(й)т,kld_txt_Genetz1891,čaaʒ'jeelle kab'b'er' sɨz l'iiške(j) t'iiŋ’ke(j)t kab'b'er' sɨzn raajjk pugg koollken' kobba,9
ACC.PL,13,e(j)t,э(й)т,kld_txt_Genetz1891,čaaʒ'jelle puude(j) t’iiŋ’ke(j)t i pɨt’e saaml’eɲče kab’b’er' sɨz lɨške(j) kab’b’er' lak’ šante,9
ACC.PL,13,e(j)t,э(й)т,kld_txt_Genetz1891,sɨjj al'kes kočsen tonst m’ii l'ii pampel'e(j)t l'eeštaɲč pugg laampse(j)t pore,9
ACC.PL,13,e(j)t,э(й)т,kld_txt_Genetz1891,sɨjj al'kes kočsen tonst m’ii l'ii pampel'e(j)t l'eeštaɲč pugg laampse(j)t pore,9
ACC.PL,13,e(j)t,э(й)т,kld_txt_Lehtiranta_2_r’iim’ɲ_i_taale_moajnas,a r’iim’m’ɲ voal’te(j) kuul’e(j)t,9
ACC.PL,13,e(j)t,э(й)т,kld_txt_Lehtiranta_2_r’iim’ɲ_i_taale_moajnas,kas’t ton(n) с’aal̥l̥k kuul’e(j)t vaalеax,9
ACC.PL,13,e(j)t,э(й)т,kld_txt_Lehtiranta_2_r’iim’ɲ_i_taale_moajnas,lɨk’k’en koal’l’te(j)t,9
ACC.PL,13,e(j)t,э(й)т,kld_txt_Lehtiranta_2_r’iim’ɲ_i_taale_moajnas,luuš’š’ten s’iijpe(j)t koal’l’t(e)ja,9
ACC.PL,13,e(j)t,э(й)т,kld_txt_Lehtiranta_2_r’iim’ɲ_i_taale_moajnas,i jel’l’e lɨggxelle s’eejpe(j)tant,9
ACC.PL,13,e(j)t’,э(й)тҍ,kld_txt_Genetz1891,t’iiŋ’k’e(j)t’ pɨdd(a),7
ACC.PL,13,e(j)t’,э(й)тҍ,kld_txt_Genetz1891,tax anta(m) t'iiŋ’k’e(j)t’,7
ACC.PL,13,e(j)t’,э(й)тҍ,kld_txt_Genetz1891,tat’t’e v'aala vul'ke t’iiŋ’k’e gorra saaml'anč ɒrr t’iiŋ’ke(j)t’ vuerrt,7
ACC.PL,13,e(j)t’,э(й)тҍ,kld_txt_Genetz1891,no l'aaɲč at't' kul mɨn’n’e t’iiŋ’k’e(j)t’ ejj bɨdd jenamp,7
ACC.PL,13,e(j)t’,э(й)тҍ,kld_txt_Genetz1891,voal'te(j) soane(j)t’ vuulke(j) muure(j)t’ soagge,7
ACC.PL,13,e(j)t’,э(й)тҍ,kld_txt_Genetz1891,voal'te(j) soane(j)t’ vuulke(j) muure(j)t’ soagge,7
ACC.PL,13,e(j)t’,э(й)тҍ,kld_txt_Genetz1891,taall muursoane(j)t’ i k’aass,7
ACC.PL,13,ed,эд,kld_txt_Kert1961_pro_vorona_tulena_i_dikogo_olena,k’aassxen’ puuʒedes’,2
ACC.PL,13,ed,эд,kld_txt_Lehtiranta_1_r’iim’ɲ_moajnas,taall kuun’d(‘)e muure(j)d i pooɲe p’aasstaγed,2
ACC.PL,13,et,эт,Переведенный корпус,nu sp’erva luuš’t’et saajmet čuallma el’e že ɲɒɒrges tavas kas’s’ kuul’l’ dolžan meenne paal’ bajas paal’ bajas,28
ACC.PL,13,et,эт,Переведенный корпус,saajmet k’iičet sutken eex’x’teš’,28
ACC.PL,13,et,эт,Переведенный корпус,aalt kuun’n’tev vuuz’et,28
ACC.PL,13,et,эт,Переведенный корпус,lɨgget’ koollset ood’a ja kuk’a m’etrav t’een’n’et’ n’eel’l’j vɨdd,28
ACC.PL,13,et,эт,Переведенный корпус,koollset’ vued mɒɒše(t) mazeguejm a evtla oollme koollse vuedde pɨjjev koommset’ el’e_že nuer’j naak’ a pɨjet nɨt’t’ že seerva koommset,28
ACC.PL,13,et,эт,Переведенный корпус,tenn rɒjj mɨjj sɒɒgem sɒɒnet zapraavat kuuht xaar’an’,28
ACC.PL,13,et,эт,Переведенный корпус,vɨjem puuʒet mɨjj vɒɒl’d’em p’eerg m’il’l’d’e maal’c’et p’imat’ tobɨrket saav’ex’et poolxet’ saallvas koompas t’etradet’ fataparaat ɒɒkše i vɨjjl’em čiirre,28
ACC.PL,13,et,эт,Переведенный корпус,vɨjem puuʒet mɨjj vɒɒl’d’em p’eerg m’il’l’d’e maal’c’et p’imat’ tobɨrket saav’ex’et poolxet’ saallvas koompas t’etradet’ fataparaat ɒɒkše i vɨjjl’em čiirre,28
ACC.PL,13,et,эт,Переведенный корпус,vɨjem puuʒet mɨjj vɒɒl’d’em p’eerg m’il’l’d’e maal’c’et p’imat’ tobɨrket saav’ex’et poolxet’ saallvas koompas t’etradet’ fataparaat ɒɒkše i vɨjjl’em čiirre,28
ACC.PL,13,et,эт,Переведенный корпус,meenn sɒɒnes kuuht jeer’g’ jɒd’exen’ p’eerg ja saav’ex’et koogg l’iijem koorrma saallvas sɨz’z’en’,28
ACC.PL,13,et,эт,Переведенный корпус,parna cɒɒg’g’en maal’c’et tobɨrket p’imat,28
ACC.PL,13,et,эт,Переведенный корпус,parna cɒɒg’g’en maal’c’et tobɨrket p’imat,28
ACC.PL,13,et,эт,Переведенный корпус,parna jeenna lɒɒvvlen raaznɨ laavlet ruušas saames,28
ACC.PL,13,et,эт,Переведенный корпус,puuʒet pugg kornem ja ɨldem tool ja al’g’em aavvde čaaj činne p’eerg,28
ACC.PL,13,et,эт,Переведенный корпус,kɨp’t’em uttet kɨp’t’em utt tuul’xem čaaj poorem ja jorem vued’d’e,28
ACC.PL,13,et,эт,Переведенный корпус,pugg maal’c’eguejm eel vel kolek’eegg cɒɒg’g’en saav’ex’et doobrat ja vuud’d’en b’eda š’iiggten’n’e,28
ACC.PL,13,et,эт,Переведенный корпус,kornem puuʒet,28
ACC.PL,13,et,эт,Переведенный корпус,aavdem čaajet p’eerget kɨp’t’em pɒɒštem vueɲč,28
ACC.PL,13,et,эт,Переведенный корпус,aavdem čaajet p’eerget kɨp’t’em pɒɒštem vueɲč,28
ACC.PL,13,et,эт,Переведенный корпус,čɒɒgem saav’ex’et koollm oollme kuuddjen činne p’eerg vel,28
ACC.PL,13,et,эт,Переведенный корпус,jornev veeʒe k’iištet l’aajj čuujjge k’eeresen ur’d’es saav’ex’et n’ik’ee ejj murda,28
ACC.PL,13,et,эт,Переведенный корпус,polxet jeb’b’ kaadxellma mɨjen pugg š’iiggten’n’e n’ik’ee čueʒa,28
ACC.PL,13,et,эт,Переведенный корпус,puuʒet pugg š’iiggten’n’e kɒɒrem sɒɒnet,28
ACC.PL,13,et,эт,Переведенный корпус,v koolas mɨjj sraazaže puuʒet m’iine uj̥deš vaarra,28
ACC.PL,13,et,эт,Переведенный корпус,kast’umčiket v’iil’l’g’es roovašket mooǯes plaat’jat i jeekna kopčenedem iiǯan škoola enternaahte v’ees’s’lušše,28
ACC.PL,13,et,эт,Переведенный корпус,kast’umčiket v’iil’l’g’es roovašket mooǯes plaat’jat i jeekna kopčenedem iiǯan škoola enternaahte v’ees’s’lušše,28
ACC.PL,13,et,эт,Переведенный корпус,mudda vuer puud’e muuɲekaallsa ja pɨt’e n’iijjta laaj̥et i šuurr ɨš’s’t’e t’iivvt kɒl’eguejm,28
ACC.PL,13,et,эт,Переведенный корпус,ja cɒɒg'e sama moǯes' vaaptek oasset man'te sos l'iijjen',28
ACC.PL,13,et',этҍ,kld_txt_KarNC_deers,s'iinen' gaz'eta paj l'eev gaz'etet' looggev,22
ACC.PL,13,et',этҍ,Переведенный корпус,muur’r’t’e ɲurkem tuurket' ja š’iid’d’e lɒjt kuadda,22
ACC.PL,13,et',этҍ,Переведенный корпус,kas't' luuhp’el' l'aajj koanta sonn meenne sajja čuur'v'et' n'al'mes' ompan vuuv’s'e,22
ACC.PL,13,et',этҍ,Переведенный корпус,sarneškud'e Mar’r'j Uvvan n’iijjt kaallseguejm c'aal̥l̥k kooz čuur'v’et' pɨjje tenn sajja koappče čuer'v' gar',22
ACC.PL,13,et',этҍ,Переведенный корпус,vot munn t’iinet' spas’s’je vojnas't' rucet' vɨg'g'e paak' tuug’g’en',22
ACC.PL,13,et',этҍ,Переведенный корпус,vot munn t’iinet' spas’s’je vojnas't' rucet' vɨg'g'e paak' tuug’g’en',22
ACC.PL,13,et',этҍ,kld_txt_Kert1961_rybolovstvo_20210223,sɨjj kubet' pooves't' voal'l'ten',22
ACC.PL,13,et',этҍ,kld_txt_Kert1961_rybolovstvo_20210223,kues's' nuut' veennse pɨjjen' nuur'et' ja k'iivtet' moannen',22
ACC.PL,13,et',этҍ,kld_txt_Kert1961_rybolovstvo_20210223,kues's' nuut' veennse pɨjjen' nuur'et' ja k'iivtet' moannen',22
ACC.PL,13,et',этҍ,kld_txt_Kert1961_rybolovstvo_20210223,tel' kuuht оollmе vuul'l'ken' par̥ket' soagge,22
ACC.PL,13,et',этҍ,kld_txt_Kert1961_rybolovstvo_20210223,sɨjj voal'l'ten' taahkta oakkše nɨjp skoba ja v'eer̥cet',22
ACC.PL,13,et',этҍ,kld_txt_Kert1961_rybolovstvo_20210223,ooʒen' per'a p'ees's'muuret',22
ACC.PL,13,et',этҍ,kld_txt_Kert1961_rybolovstvo_20210223,oakkšen v’eer'r'en' p’iizet' sueges't',22
ACC.PL,13,et',этҍ,kld_txt_Kert1961_rybolovstvo_20210223,maŋŋa p’eezet' poage kɨššken',22
ACC.PL,13,et',этҍ,kld_txt_Kert1961_rybolovstvo_20210223,pɨjjen' v’eer̥cet' t’iivvt paar̥ket',22
ACC.PL,13,et',этҍ,kld_txt_Kert1961_rybolovstvo_20210223,pɨjjen' v’eer̥cet' t’iivvt paar̥ket',22
ACC.PL,13,et',этҍ,kld_txt_Kert1961_rybolovstvo_20210223,paar̥ket' mur’r'ten',22
ACC.PL,13,et',этҍ,kld_txt_Kert1961_rybolovstvo_20210223,v'aаl voаllеn' k'eemmna kunet',22
ACC.PL,13,et',этҍ,Переведенный корпус,k'as's'et' sama mooǯes' jiijv puuʒet',22
ACC.PL,13,et',этҍ,Переведенный корпус,tonn mej pueres' čaann eg'g' pɨhta m'iinne lɒj̥et' kɒl'l'et' ja mooǯes' šolk ɒɒsset',22
ACC.PL,13,et',этҍ,Переведенный корпус,tonn mej pueres' čaann eg'g' pɨhta m'iinne lɒj̥et' kɒl'l'et' ja mooǯes' šolk ɒɒsset',22
ACC.PL,13,et',этҍ,Переведенный корпус,tonn mej pueres' čaann eg'g' pɨhta m'iinne lɒj̥et' kɒl'l'et' ja mooǯes' šolk ɒɒsset',22
ACC.PL,13,et’,этҍ,kld_SAM_SG_map_20230815,paak’et’ koahten’ pevl,40
ACC.PL,13,et’,этҍ,Переведенный корпус,kuul’et’ čaal’et kot’ suel’det kot’ košktet,40
ACC.PL,13,et’,этҍ,Переведенный корпус,kɨdda puuʒe taggev čuer’v’et’,40
ACC.PL,13,et’,этҍ,Переведенный корпус,koollset’ lɨgget’ t’een’n’et’ olma raadd kuuss muure mugga muur kas’s’ l’ii vaanas vuek’s’,40
ACC.PL,13,et’,этҍ,Переведенный корпус,tenn soonn v’aarr koošškad i koollset’ lɨhk nɨt’t’ kooxxt son’n’e bɨdd,40
ACC.PL,13,et’,этҍ,Переведенный корпус,koollset’ bɨdd vel suum’p’et’,40
ACC.PL,13,et’,этҍ,Переведенный корпус,suum’p’et’ lɨgget t’een’n’et’ k’eev’l’ k’eev’l’ lɨgget kuuss vuek’s’es’t’,40
ACC.PL,13,et’,этҍ,Переведенный корпус,k’aavvla pɨjet vel nɒɒket’ a tej(d) nɒɒk’e k’aaǯa kruges’t’ pɨjet p’ees’s’ muur iižes’ suem’p’,40
ACC.PL,13,et’,этҍ,Переведенный корпус,koollset’ vued mɒɒše(t) mazeguejm a evtla oollme koollse vuedde pɨjjev koommset’ el’e_že nuer’j naak’ a pɨjet nɨt’t’ že seerva koommset,40
ACC.PL,13,et’,этҍ,Переведенный корпус,vɨjem puuʒet mɨjj vɒɒl’d’em p’eerg m’il’l’d’e maal’c’et p’imat’ tobɨrket saav’ex’et poolxet’ saallvas koompas t’etradet’ fataparaat ɒɒkše i vɨjjl’em čiirre,40
ACC.PL,13,et’,этҍ,Переведенный корпус,vɨjem puuʒet mɨjj vɒɒl’d’em p’eerg m’il’l’d’e maal’c’et p’imat’ tobɨrket saav’ex’et poolxet’ saallvas koompas t’etradet’ fataparaat ɒɒkše i vɨjjl’em čiirre,40
ACC.PL,13,et’,этҍ,kld_txt_Genetz1891,dɨ soage t’iiŋ’k’et’,40
ACC.PL,13,et’,этҍ,kld_txt_Itkonen1931_6_page254,voal’l’t’en’ ja koavvn’en’ s’iin’et’ kaallas paar’n’en’es’,40
ACC.PL,13,et’,этҍ,kld_txt_Itkonen1931_6_page254,poorrap s’iin’et’,40
ACC.PL,13,et’,этҍ,kld_txt_KarNC_deers,sɨjj jiil’l’en’ puuʒet’ pɨɲɲen’ i tel’ meenn k’eez’ kɨd kuun’t’x’ev i čeexxča kooppčev,40
ACC.PL,13,et’,этҍ,kld_txt_KarNC_deers,puudzet’ paj jeb’b’ pɨɲɲma paj svol’no jiil’em čeexxča kooppčev vooddeddev,40
ACC.PL,13,et’,этҍ,kld_txt_KarNC_deers,každe ɨg’g’e paj effte kooppčen’ puuʒet’,40
ACC.PL,13,et’,этҍ,kld_txt_KarNC_deers,ad’d’ kon’ešno parnedes’ tože pɨɲɲev puuʒet’,40
ACC.PL,13,et’,этҍ,kld_txt_KarNC_wedding_pt2,tel’ čel’m’et’,40
ACC.PL,13,et’,этҍ,kld_txt_KarNC_wedding_pt2,en’n’ten’ tam’p’e son’n’e tiiŋ’ket’,40
ACC.PL,13,et’,этҍ,kld_txt_KarNC_wedding_pt2,čil’met’ vɒɒzet,40
ACC.PL,13,et’,этҍ,kld_txt_KarNC_wedding_pt2,tiiŋ’ket’ en’n’ten’,40
ACC.PL,13,et’,этҍ,kld_txt_KarNC_wedding_pt2,vɒɒzen’ čil’met’ ja vɨn’e jugge ja,40
ACC.PL,13,et’,этҍ,kld_txt_KarNC_wedding_pt2,kencet’ sejčev čistev,40
ACC.PL,13,et’,этҍ,Переведенный корпус,vuul'kep lаnnа t’iin'ket’ soagne,40
ACC.PL,13,et’,этҍ,Переведенный корпус,eexxt vuerr oollme t'iid'sen' što ruhc puadd kuelnegg čuhpe ja saam’et’ puket’ koan'te,40
ACC.PL,13,et’,этҍ,Переведенный корпус,eexxt vuerr oollme t'iid'sen' što ruhc puadd kuelnegg čuhpe ja saam’et’ puket’ koan'te,40
ACC.PL,13,et’,этҍ,Переведенный корпус,munn ompan n’iila s’iinet’,40
ACC.PL,13,et’,этҍ,Переведенный корпус,kues's' ujnešguedbedd'e tɨkven’et’,40
ACC.PL,13,et’,этҍ,Пkld_txt_Kert1961_suška škur,olme vaallt tuul’j ja kɒmmset’ leevlaht ja pɨjj koošškte,40
ACC.PL,13,et’,этҍ,Пkld_txt_Kert1961_suška škur,tuul’j al’n’ vuajj vued’d’e il’i kuarre maal’c’et’ ja rɒvvet’ a kɒmmsen’ kuaret’ tubɨrket’ p’imat’ buurket’,40
ACC.PL,13,et’,этҍ,Пkld_txt_Kert1961_suška škur,tuul’j al’n’ vuajj vued’d’e il’i kuarre maal’c’et’ ja rɒvvet’ a kɒmmsen’ kuaret’ tubɨrket’ p’imat’ buurket’,40
ACC.PL,13,et’,этҍ,Пkld_txt_Kert1961_suška škur,tuul’j al’n’ vuajj vued’d’e il’i kuarre maal’c’et’ ja rɒvvet’ a kɒmmsen’ kuaret’ tubɨrket’ p’imat’ buurket’,40
ACC.PL,13,et’,этҍ,Пkld_txt_Kert1961_suška škur,tuul’j al’n’ vuajj vued’d’e il’i kuarre maal’c’et’ ja rɒvvet’ a kɒmmsen’ kuaret’ tubɨrket’ p’imat’ buurket’,40
ACC.PL,13,et’,этҍ,Переведенный корпус,a kaal’l’es’ n’iijjt cele p’eejve m’iil’l’te lɨke sonn i č’aaz’ gɒrre vɒrrad sonn i p’eerk kɨppt i laammpset’ por̥tad i muur’et’ kuennt d’i šeel’d’et’ pass,40
ACC.PL,13,et’,этҍ,Переведенный корпус,a kaal’l’es’ n’iijjt cele p’eejve m’iil’l’te lɨke sonn i č’aaz’ gɒrre vɒrrad sonn i p’eerk kɨppt i laammpset’ por̥tad i muur’et’ kuennt d’i šeel’d’et’ pass,40
ACC.PL,13,et’,этҍ,Переведенный корпус,n’iijjt l’aajj tenn vuer caagga muuɲkaallsa laaj̥et’ v’iil’l’k’es’ p’eeck v’iil’l’k’es’ mooǯes’ p’imat’,40
ACC.PL,13,et’,этҍ,Переведенный корпус,k’aas’s’et’ sama mooǯes’ ja š’iig puuʒet’ ja vɨge mun n’iijta vaarra ja kuud’e tenn še sajja kooz kuud’d’ex’ iižant n’iijt,40
ACC.PL,13,et’,этҍ,Переведенный корпус,čuud’d’čuer’r’v pajnal s’aamn’es’ pel̥t paar’net’ an’ paar’r’ne poaččev,40
ACC.PL,13,et’,этҍ,Переведенный корпус,tel’ sug’g’eš i el’k’en’ s’in’et’ ar’jeguejm taagge(d),40
ACC.PL,13,i(j)t',и(й)тҍ,kld_txt_Genetz1891,saaml'a c'aal̥l̥ka pɨhtek t'iiŋ’k'i(j)t',1
ACC.PL,13,i̮t,ыт,kld_txt_Kert1961_byl_o_ljajne,puki̮t kån’tɛ kuɛd˙ si̮z’n’,1
ACC.PL,13,i͔t˙,ыт˙,kld_txt_Kert1961_byl_o_ljajne,tɛi bale ruc jennɛ såmi͔t˙ kontl’i͔n˙,1
ACC.PL,13,t,т,Переведенный корпус,parna cɒɒg’g’en maal’c’et tobɨrket p’imat,2
ACC.PL,13,t,т,Переведенный корпус,kast’umčiket v’iil’l’g’es roovašket mooǯes plaat’jat i jeekna kopčenedem iiǯan škoola enternaahte v’ees’s’lušše,2
ACC.PL,13,t’,тҍ,Переведенный корпус,tejd raajket pɨjet p’e’r’enoskat’,6
ACC.PL,13,t’,тҍ,Переведенный корпус,p’e’r’enoskat’ lɨgget nɒɒk’en’,6
ACC.PL,13,t’,тҍ,Переведенный корпус,vɨjem puuʒet mɨjj vɒɒl’d’em p’eerg m’il’l’d’e maal’c’et p’imat’ tobɨrket saav’ex’et poolxet’ saallvas koompas t’etradet’ fataparaat ɒɒkše i vɨjjl’em čiirre,6
ACC.PL,13,t’,тҍ,kld_txt_KarNC_wedding_pt2,juuggen’ ja vɒɒllen’ l’ekarstvat’ ja c’aal̥l̥k maaxxtgul,6
ACC.PL,13,t’,тҍ,Пkld_txt_Kert1961_suška škur,tuul’j al’n’ vuajj vued’d’e il’i kuarre maal’c’et’ ja rɒvvet’ a kɒmmsen’ kuaret’ tubɨrket’ p’imat’ buurket’,6
ACC.PL,13,t’,тҍ,Переведенный корпус,n’iijjt l’aajj tenn vuer caagga muuɲkaallsa laaj̥et’ v’iil’l’k’es’ p’eeck v’iil’l’k’es’ mooǯes’ p’imat’,6
ACC.PL,13,ɛt˙,т˙,kld_txt_Kert1961_byl_o_ljajne,tɛs’t˙ L’ain šur ni̮ipɛn˙ ter̭pe cepɛt˙ čūd˙čur’v’i̮s’,3
ACC.PL,13,ɛt˙,т˙,kld_txt_Kert1961_byl_o_ljajne,i ɛl’ki͔ sinɛt˙ kån’n’tɛ,3
ACC.PL,13,ɛt˙,т˙,kld_txt_Kert1961_byl_o_ljajne,i kas’t˙ rucɛt˙ kåvvn,3
ACC.PL?,1,et,эт,,,1
ACC.SG,6,(e),(э),kld_txt_Genetz1891,vaal'te ɨšte kɒb(e) raabe(j) kab'b'er' pɨjje(j) kuut' juul'k’es' keske ja raajk pukkej kap’p’r’e,5
ACC.SG,6,(e),(э),kld_txt_Lehtiranta_2_r’iim’ɲ_i_taale_moajnas,mun(n) t’eellagast vuaŋkam kuul’(e),5
ACC.SG,6,(e),(э),kld_txt_Lehtiranta_2_r’iim’ɲ_i_taale_moajnas,r’iim’m’ɲ voal’tej kuul’(e) s’eejpes vuella,5
ACC.SG,6,(e),(э),kld_txt_Lehtiranta_2_r’iim’ɲ_i_taale_moajnas,porškuuẟ’e kuul’(e),5
ACC.SG,6,(e),(э),kld_txt_Lehtiranta_2_r’iim’ɲ_i_taale_moajnas,porr kuul’(e),5
ACC.SG,6,a,а,kld_txt_Genetz1891,aajjas’ jaala ooʒ,1
ACC.SG,6,e,э,Переведенный корпус,mennev tɒɒjv šurr ab’r’ a s’eent’aabres akt’aabr maanas a’lg uže pɨjje veeze,15
ACC.SG,6,e,э,Переведенный корпус,vеeze mudda ege pɨjj udlenne mudda ege milgnes,15
ACC.SG,6,e,э,Переведенный корпус,vеeze mudda ege pɨjj udlenne mudda ege milgnes,15
ACC.SG,6,e,э,Переведенный корпус,vеeze mudda ege pɨjj udlenne mudda ege milgnes,15
ACC.SG,6,e,э,Переведенный корпус,čeares tenn veeze kon pɨjet čeexxčа ted veeʒ pukk b’eda l’ii roovas i čaares vesenom taal’l’va mennev paje al’m’ al’m’,15
ACC.SG,6,e,э,Переведенный корпус,pɒstxet’ koogg l’eev čuuʒes’ b’eda bɨdd jenna vaan’n’c’e i čuuʒe kooppče eft sajja,15
ACC.SG,6,e,э,Переведенный корпус,koollset’ lɨgget’ t’een’n’et’ olma raadd kuuss muure mugga muur kas’s’ l’ii vaanas vuek’s’,15
ACC.SG,6,e,э,Переведенный корпус,tes’t’ ufšten geagraafe munn rɒst mɒɒj(n)se parnat pugg čaar bajas kooxxt ad’d’ izmen’iilsa čaarr tejja ɨg’e kooxxt jeel’ešued’d’eš per’a i tag daale,15
ACC.SG,6,e,э,Переведенный корпус,ja tel’e čuujjglem puudem tenn sajja kas’s’ mɨjj l’iijem kuedda sɒɒn puuʒe ja lɨlmɨ pɒp činnen mɨjje vkuusnɨ p’eerg,15
ACC.SG,6,e,э,kld_txt_Genetz1891,sonn ejj alka pag'g'e(δ) voal'te(j) taale k'aassad'd'e muursoane vuella kuaddas’ vaancel’,15
ACC.SG,6,e,э,kld_txt_Itkonen1931_6_page254,koavvn’en’ kued’e vaar’es’t’,15
ACC.SG,6,e,э,kld_txt_KarNC_wedding_pt2,avvta tezges nɨšʼšʼe vɒɒllenʼ čoonnte lɨhcenʼ,15
ACC.SG,6,e,э,kld_txt_Kert1961_pro_vorona_tulena_i_dikogo_olena,kaallsenč ejj t’iid’ mene i poorre,15
ACC.SG,6,e,э,kld_txt_Kert1961_rybolovstvo_20210223,tanna k’eezet' tol'ko eft loahpe,15
ACC.SG,6,e,э,Переведенный корпус,mudda vuer puud’e muuɲekaallsa ja pɨt’e n’iijjta laaj̥et i šuurr ɨš’s’t’e t’iivvt kɒl’eguejm,15
ACC.SG,6,e(j)t’,э(й)тҍ,kld_txt_Genetz1891,voal'te(j) s'irre(δ) paarna(j)n' vuejve(j)t’ rɒdd,1
ACC.SG,6,et',этҍ,kld_txt_Kert1961_rybolovstvo_20210223,ja eel’l’ken' paar̥ket' skoban kaar'r'te ja nɨjpen' vuullе,2
ACC.SG,6,et',этҍ,kld_txt_Kert1961_rybolovstvo_20210223,tenn še cɨcces't' vuajj cɨhce soajmet',2
ACC.SG,6,etʼ,эт,kld_txt_KarNC_wedding_pt2,ja telʼgesden’n’egʼe čilʼmetʼ vɒsʼsʼenʼ ja telʼ jodʼdʼedde evtes’ pɨtʼtʼe sʼeessa.,1
ADJ,3,es’,эсь,kld_txt_Genetz1891,tal’ v’iil’l’k’es’ k’eeddka,4
ADJ,3,es’,эсь,kld_txt_Genetz1891,vaan'cel'(e) v’iil’k’es’ k’eedka kuajjve(δ),4
ADJ,3,es’,эсь,kld_txt_Genetz1891,avvta vuul’ke(j) v’iil’g’es’ k’eeddke kuajjve(δ),4
ADJ,3,es’,эсь,kld_txt_Genetz1891,a čoahp’es’ peellv,4
ADJ,3,eš,эш,Переведенный корпус,a n’iijjtb’eel’l’ l’aajj i kaasven’ mooǯe i lɨhk’eš d’i m’iillves’,1
ADJ,3,j,й,kld_txt_Kert1961_jeerrkja_oollmej_bajas,kuul’l’j’aav’r’ rɨntes’t’ jiil’l’en’ jeerrkja oollme,1
ADV,13,a,а,kld_txt_Kert1961_pro_vorona_tulena_i_dikogo_olena,luvvtjev paj jeem’m’n’e vuessta vuegg,1
ADV,13,as,ас,kld_txt_Kert1961_pro_vorona_tulena_i_dikogo_olena,ɨjas kɒmladd vued’d’e tol’ke mušt,1
ADV,13,e,э,Переведенный корпус,kuuddej n’iijjt vaarra kaal’l’mluvve d’ii eebbas ooxxte ɒre vaar’ kes’kes’,1
ADV,13,el't,эльт,kld_txt_Kert1961_nuemmel_piras,kal'l'es' jall pere n'uezel't pejjel' p’eejv' ja pejjel’ p’eejv' š’iigten’n’e.,1
ADV,13,enne,эннэ,Переведенный корпус,vеeze mudda ege pɨjj udlenne mudda ege milgnes,3
ADV,13,enne,эннэ,Переведенный корпус,pl'assej taall mooǯtenne per'e,3
ADV,13,enne,эннэ,Переведенный корпус,akka n'iijjt vaarra tuvvnede poahksenne,3
ADV,13,en’n’e,энне,Переведенный корпус,kuuss š’iiggten’n’e sojj,8
ADV,13,en’n’e,энне,Переведенный корпус,kues’s’ koollas ja saav’ex’ l’eev lɨhkma olma kuu šɒbašt m’aahca soonn čuejjk s’iineguejm b’eda udlen’n’e,8
ADV,13,en’n’e,энне,Переведенный корпус,pɨjet nɨt’t’ štobe sɨjj l’iihčen’ seekksem m’eedas tes’t’ vuajj kues’s’ l’eev seekks m’eedas vuajj čuujjke udlen’n’e a kues’s’ pejjne paahka to rueppt seeks ejj jɒdd valas k’irse,8
ADV,13,en’n’e,энне,Переведенный корпус,pugg maal’c’eguejm eel vel kolek’eegg cɒɒg’g’en saav’ex’et doobrat ja vuud’d’en b’eda š’iiggten’n’e,8
ADV,13,en’n’e,энне,Переведенный корпус,polxet jeb’b’ kaadxellma mɨjen pugg š’iiggten’n’e n’ik’ee čueʒa,8
ADV,13,en’n’e,энне,Переведенный корпус,puuʒet pugg š’iiggten’n’e kɒɒrem sɒɒnet,8
ADV,13,en’n’e,энне,Переведенный корпус,m’iinet pugg š’iiggten’n’e vstr’eetelen,8
ADV,13,en’n’e,энне,Переведенный корпус,i tenn v’eečres kuu l’aajj kug’g’ meene m’iine b’eda mooǯten’n’e,8
ADV,13,es,эс,Переведенный корпус,vеeze mudda ege pɨjj udlenne mudda ege milgnes,2
ADV,13,es,эс,kld_txt_Genetz1891,l’iixxten’ olkes,2
ADV,13,eš’,эшь,Переведенный корпус,eex’x’teš’ kaal’l’es’ puud’e vaar’es’ mɒɒst,2
ADV,13,eš’,эшь,Переведенный корпус,eex’x’t’eš’ raj vɨje mooǯes’ paar’r’n’ tedd l’aajj cɒɒr al’l’k’,2
ADV,13,eš’(t’),эшь(тҍ),kld_txt_Kert1961_jeerrkja_oollmej_bajas,eex’x’teš’(t’) nɨm’(p’)b’aalla jaav’r’ puud’d’en’ ruuc,1
ADV,13,nes,нэс,Переведенный корпус,čuujgem saav’ex’eguejm meenem peejnem m’iilgnes ur’d’eel,1
ADV,13,ten'n'e,тэнне,kld_txt_Kert1961_rybolovstvo_20210223,nuuht' cɨhcej š'iiggten'n'e,1
ADV,13,ten’n’e,тэнне,Переведенный корпус,n’iijjta paar’r’n’ ponrav’dede i cɒɒr al’l’k’ i kaallsa n’iijjt nɒɒj̥j̥tledden’ i jeel’ešuud’d’en’ š’iiggten’n’e i tenna rajja jeellev i m’iinet’ kuessa kɒhčev,1
ADV,13,ten’n’e.,тэнне.,kld_txt_Kert1961_nuemmel_piras,kal'l'es' jall pere n'uezel't pejjel' p’eejv' ja pejjel’ p’eejv' š’iigten’n’e.,1
ADV.DAT,1,es,эс,,,1
ADV.LAT,1,es’,эсь,,,1
ADV.TR,2,as,ас,Переведенный корпус,no p’ervimi pueddev ɲuvč ja čueɲɲe ja cizga rušas son kаǯet ‘punačka’,8
ADV.TR,2,as,ас,Переведенный корпус,pɨjet nɨt’t’ štobe sɨjj l’iihčen’ seekksem m’eedas tes’t’ vuajj kues’s’ l’eev seekks m’eedas vuajj čuujjke udlen’n’e a kues’s’ pejjne paahka to rueppt seeks ejj jɒdd valas k’irse,8
ADV.TR,2,as,ас,Переведенный корпус,pɨjet nɨt’t’ štobe sɨjj l’iihčen’ seekksem m’eedas tes’t’ vuajj kues’s’ l’eev seekks m’eedas vuajj čuujjke udlen’n’e a kues’s’ pejjne paahka to rueppt seeks ejj jɒdd valas k’irse,8
ADV.TR,2,as,ас,Переведенный корпус,pɨjet nɨt’t’ štobe sɨjj l’iihčen’ seekksem m’eedas tes’t’ vuajj kues’s’ l’eev seekks m’eedas vuajj čuujjke udlen’n’e a kues’s’ pejjne paahka to rueppt seeks ejj jɒdd valas k’irse,8
ADV.TR,2,as,ас,Переведенный корпус,parna jeenna lɒɒvvlen raaznɨ laavlet ruušas saames,8
ADV.TR,2,as,ас,Переведенный корпус,iince kɒʒjem vɨjjl’em evdas,8
ADV.TR,2,as,ас,kld_txt_KarNC_deers,munndet(t) vaanas pɨɲɲe a pɨɲe el’j v’iil’ja,8
ADV.TR,2,as,ас,kld_txt_KarNC_deers,maŋŋa m’iines’t’ puaz peejjneškuud’e pajjas šenteškuud’e laššneškuud’e,8
ADV.TR,2,es,эс,Переведенный корпус,parna jeenna lɒɒvvlen raaznɨ laavlet ruušas saames,1
ANTIC,2,(e)j,(э)й,kld_txt_Lehtiranta_2_r’iim’ɲ_i_taale_moajnas,ten(n) kuejjke l’ii taalest ja k’eet’kest ja ɲuem’m’lest vuen’ex s’eejjp čte s’eejp kuedd(e)jen jaavvra,1
ANTIC,2,uvv,увв,kld_txt_Kert1961_nuemmel_piras,puarsamuss al'l'k ujte l’eejp paštjen' vuepsuvve,1
ANTIC.PST.3SG,1,ej,эй,,,3
ASSOC,1,kånc,кнц,,,2
ATTN,2,l,л,Переведенный корпус,tel’ k’aaǯa a kut’as’ kes’s’ luuštal nuut’ tavas,2
ATTN,2,l,л,Переведенный корпус,a munn kɨgeškuada a tɨjj kultlegge,2
ATTN,2,l’,ль,kld_txt_Kert1961_byl_o_ljajne,tɛi bale ruc jennɛ såmi͔t˙ kontl’i͔n˙,1
ATTN?,1,l,л,,,2
ATTR,6,as,ас,Переведенный корпус,soonn puadd m’eer(e) gor’r’en i pɨht keelmas ɲues’s’ jeerg,1
ATTR,6,em,эм,kld_txt_Kert1961_nuemmel_piras,nɨt't’ jen'xem p’iiras pugg påddede gå’ n'uemmel' p’iiras.,1
ATTR,6,em’,эмь,Переведенный корпус,keskes’t’ koollset’ kuud’et’ mugga al’a saja a vuul’em’b’eel’l’ lɨgget raajk,1
ATTR,6,es,эс,Переведенный корпус,aavguust maanas s’eent’aabr maanas akt’aabr maanas j’eerg l’eev loosses,5
ATTR,6,es,эс,Переведенный корпус,puer’es oollme saarrnev što vuus’ ɲues’s’ jeer’r’k’e siin’et’ čofta muehc,5
ATTR,6,es,эс,Переведенный корпус,vɨjem mɨjj rast laan’d’ lɒɒn’d’e m’iil’l’d’e čuujav’r’ čel’čedvɒɒr’e a al’m’es l’aajj b’eda mooǯes vɒɒvkez,5
ATTR,6,es,эс,Переведенный корпус,kast’umčiket v’iil’l’g’es roovašket mooǯes plaat’jat i jeekna kopčenedem iiǯan škoola enternaahte v’ees’s’lušše,5
ATTR,6,es,эс,Переведенный корпус,kast’umčiket v’iil’l’g’es roovašket mooǯes plaat’jat i jeekna kopčenedem iiǯan škoola enternaahte v’ees’s’lušše,5
ATTR,6,es',эсь,Переведенный корпус,k'as's'et' sama mooǯes' jiijv puuʒet',5
ATTR,6,es',эсь,Переведенный корпус,ja cɒɒg'e sama moǯes' vaaptek oasset man'te sos l'iijjen',5
ATTR,6,es',эсь,Переведенный корпус,tonn mej pueres' čaann eg'g' pɨhta m'iinne lɒj̥et' kɒl'l'et' ja mooǯes' šolk ɒɒsset',5
ATTR,6,es',эсь,Переведенный корпус,kues’s’ ɨddev mooǯes' sɒɒn k'aassxa v’iil'l'kes' cɒɒr puuʒeguejm,5
ATTR,6,es',эсь,Переведенный корпус,kues’s’ ɨddev mooǯes' sɒɒn k'aassxa v’iil'l'kes' cɒɒr puuʒeguejm,5
ATTR,6,es’,эсь,kld_SAM_SG_map_20230815,činč(ev)es’b’e(e)l’ valas jɒd’d’e,17
ATTR,6,es’,эсь,Переведенный корпус,nuuht’ l’ii kug’g’es’ vuud’en m’etrav koollm ɲeel’l’j čuud’e,17
ATTR,6,es’,эсь,Переведенный корпус,saam saarnev što nim’b’ aavgustes puadd kuevs i čɒɒhpes’ j’eer‘g lɒɒgas k’iin’n’t’e,17
ATTR,6,es’,эсь,Переведенный корпус,nu vot nap’r’im’eer / vot kooxxt / jesl’e m’eer gor’r’en’ kas’s’ puadd tav(’)v(’)al p’iiŋŋk / pɨjjen’ s’eenkes’ peevl l’ee∅ / to saam’ saarrnev što l’aaɲč tav(’)v(’)al p’iiŋŋg ja ɲues’s’ jeerrk / vuajj pued’d’e c’iigg jeerrk,17
ATTR,6,es’,эсь,kld_txt_KarNC_deers,ruup’p’s’es’ čum eevvdel’ jev el’l’ij m’iines’t’,17
ATTR,6,es’,эсь,kld_txt_KarNC_deers,m’iin ruup’p’s’es’ čuma ɒɒlkxuv’v’en’ tala kolxozes’t’,17
ATTR,6,es’,эсь,kld_txt_KarNC_wedding_pt2,at’t’ ju maŋ’mes’ lɨhcep’,17
ATTR,6,es’,эсь,kld_txt_Lehtiranta_1_r’iim’ɲ_moajnas,muurest l’ii mooǯ’ǯ’es’ lɒn(‘)deɲǯ,17
ATTR,6,es’,эсь,kld_txt_Lehtiranta_1_r’iim’ɲ_moajnas,man’de l’ii mooǯ’ǯ’es’ lɒn(‘)den’ǯ kɨr’r’js’aal(‘)geɲǯ,17
ATTR,6,es’,эсь,Переведенный корпус,muuɲkaallsa šɒlšuve taate sonn kaal’l’mde n’iijta da čofta n’iijjt l’aajj š’iig ja mooǯe cɒɒge sonn n’iijjta v’iil’l’k’es’ p’eeck štobɨ ejj kelmče,17
ATTR,6,es’,эсь,Переведенный корпус,eex’x’t’eš’ raj vɨje mooǯes’ paar’r’n’ tedd l’aajj cɒɒr al’l’k’,17
ATTR,6,es’,эсь,Переведенный корпус,n’iijjt l’aajj tenn vuer caagga muuɲkaallsa laaj̥et’ v’iil’l’k’es’ p’eeck v’iil’l’k’es’ mooǯes’ p’imat’,17
ATTR,6,es’,эсь,Переведенный корпус,n’iijjt l’aajj tenn vuer caagga muuɲkaallsa laaj̥et’ v’iil’l’k’es’ p’eeck v’iil’l’k’es’ mooǯes’ p’imat’,17
ATTR,6,es’,эсь,Переведенный корпус,n’iijjt l’aajj tenn vuer caagga muuɲkaallsa laaj̥et’ v’iil’l’k’es’ p’eeck v’iil’l’k’es’ mooǯes’ p’imat’,17
ATTR,6,es’,эсь,Переведенный корпус,mooǯes’ ɒɒsseguejm sonn šende v’aal mooǯ’da i š’iiga,17
ATTR,6,es’,эсь,Переведенный корпус,k’aas’s’et’ sama mooǯes’ ja š’iig puuʒet’ ja vɨge mun n’iijta vaarra ja kuud’e tenn še sajja kooz kuud’d’ex’ iižant n’iijt,17
ATTR,6,es’,эсь,Переведенный корпус,k’iilt suul al’n’ kues’s’t’ ruup’p’s’es’ pellv,17
ATTR()?,1,es,эс,,,1
ATTR.NMNZ,1,es,эс,,,1
AUG,1,p’jek,пек,,,1
CAR,1,xem,хэм,,,1
CAUS,9,d,д,Переведенный корпус,kuul’et’ čaal’et kot’ suel’det kot’ košktet,1
CAUS,9,edd,эдт,kld_txt_KarNC_wedding_pt2,ja telʼgesden’n’egʼe čilʼmetʼ vɒsʼsʼenʼ ja telʼ jodʼdʼedde evtes’ pɨtʼtʼe sʼeessa.,1
CAUS,9,ehk(e),эххк(э),kld_txt_Genetz1891,k’eehpsehk(e) v’aala l’ii,1
CAUS,9,ex,эх,Переведенный корпус,meenn sɒɒnes kuuht jeer’g’ jɒd’exen’ p’eerg ja saav’ex’et koogg l’iijem koorrma saallvas sɨz’z’en’,1
CAUS,9,t,т,Переведенный корпус,pɨetamu tav’v’en nuut’ šaalgtet,12
CAUS,9,t,т,Переведенный корпус,kuul’et’ čaal’et kot’ suel’det kot’ košktet,12
CAUS,9,t,т,Переведенный корпус,čɒɒhp’es forkta j’eel’ex ujd j’eel’ex,12
CAUS,9,t,т,Переведенный корпус,tes’t’ ufšten geagraafe munn rɒst mɒɒj(n)se parnat pugg čaar bajas kooxxt ad’d’ izmen’iilsa čaarr tejja ɨg’e kooxxt jeel’ešued’d’eš per’a i tag daale,12
CAUS,9,t,т,kld_txt_Genetz1891,aajjan jaal ooʒmen’ paal̥’l̥’k’tuvv mɨn’n’e kaazxen’,12
CAUS,9,t,т,kld_txt_Genetz1891,no sonn oašte paal̥’l̥’k’tuvv,12
CAUS,9,t,т,kld_txt_Itkonen1931_6_page254,ja cuer̥’r̥’t’ agga ujjtte,12
CAUS,9,t,т,kld_txt_KarNC_wedding_pt2,a keebbtuv’v’egul”,12
CAUS,9,t,т,kld_txt_KarNC_wedding_pt2,i vot mɨjj pud’em zamorskoj kupca pugg l’eev kebtuvvma,12
CAUS,9,t,т,Переведенный корпус,n’uvven’ ja kooškten',12
CAUS,9,t,т,kld_txt_Lehtiranta_2_r’iim’ɲ_i_taale_moajnas,eevvtjeer’r’k pe’lte(j),12
CAUS,9,t,т,Переведенный корпус,a kaal’l’es’ n’iijjt cele p’eejve m’iil’l’te lɨke sonn i č’aaz’ gɒrre vɒrrad sonn i p’eerk kɨppt i laammpset’ por̥tad i muur’et’ kuennt d’i šeel’d’et’ pass,12
CAUS,9,t.,т.,kld_txt_Kert1961_nuemmel_piras,k’ee man'tem lɨhkmušše (lɨhk) valtat.,1
CAUS,9,tx,тх,kld_txt_Genetz1891,ten tuegga paštxe(δ) pɨht,1
CAUS,9,t’,тҍ,kld_txt_Itkonen1931_6_page254,a kaallas paar’n’en’es’ put’t’ej kued’e gur’r’e,1
CAUS,9,x,х,Переведенный корпус,kɨp’t’em uttet kɨp’t’em utt tuul’xem čaaj poorem ja jorem vued’d’e,11
CAUS,9,x,х,Переведенный корпус,polxet jeb’b’ kaadxellma mɨjen pugg š’iiggten’n’e n’ik’ee čueʒa,11
CAUS,9,x,х,kld_txt_Genetz1891,k’eedka lɨggxellškuadd,11
CAUS,9,x,х,kld_txt_Itkonen1931_6_page254,tejd ejj lɨggxelleɲč,11
CAUS,9,x,х,kld_txt_Kert1961_nuemmel_piras,sonn jur'te kolm al'kes mat’xe,11
CAUS,9,x,х,kld_txt_Kert1961_pro_vorona_tulena_i_dikogo_olena,k’aassxen’ puuʒedes’,11
CAUS,9,x,х,kld_txt_Lehtiranta_1_r’iim’ɲ_moajnas,r’iimmɲ saarrn čte mun(n) kɨr’j(e)xem,11
CAUS,9,x,х,kld_txt_Lehtiranta_1_r’iim’ɲ_moajnas,r’iimmɲ saarrn čte jeenna l’ii tuujje tuun s’eel’g kɨr’j(e)xe(ẟ),11
CAUS,9,x,х,Переведенный корпус,a l’aajj n’iijta v’aal uc’c’ i ejj šɨl̥kxa n’imeenn lɨhke,11
CAUS,9,x,х,Переведенный корпус,go soon jev vaarra jɒɒddxeš kuud'd'e,11
CAUS,9,x,х,Переведенный корпус,kues’s’ ɨddev mooǯes' sɒɒn k'aassxa v’iil'l'kes' cɒɒr puuʒeguejm,11
CAUS(?),1,x,х,,,2
CAUS(?).NPST.3SG,1,aht,аххт,,,1
CAUS(?).PST.3SG,1,eht,эххт,,,1
CAUS.CNG,1,xet,хэт,,,1
CAUS.IMP.SG,4,(e)(h)t,(э)(хх)т,kld_txt_Lehtiranta_1_r’iim’ɲ_moajnas,kɨr’j(e)(h)t muun(e) s’eel’g,1
CAUS.IMP.SG,4,add,адт,kld_txt_Kert1961_pro_vorona_tulena_i_dikogo_olena,ɨjas kɒmladd vued’d’e tol’ke mušt,1
CAUS.IMP.SG,4,et’,этҍ,Переведенный корпус,k’aas’s’et’ sama mooǯes’ ja š’iig puuʒet’ ja vɨge mun n’iijta vaarra ja kuud’e tenn še sajja kooz kuud’d’ex’ iižant n’iijt,1
CAUS.IMP.SG,4,t,т,kld_txt_Kert1961_pro_vorona_tulena_i_dikogo_olena,puudenč aǯat tonn soon por̥t juxt,2
CAUS.IMP.SG,4,t,т,kld_txt_Kert1961_pro_vorona_tulena_i_dikogo_olena,puudenč aǯat tonn soon por̥t juxt,2
CAUS.NPST.3SG,5,a(h)t,а(хх)т,kld_txt_Lehtiranta_1_r’iim’ɲ_moajnas,porssa(h)t,3
CAUS.NPST.3SG,5,a(h)t,а(хх)т,kld_txt_Lehtiranta_1_r’iim’ɲ_moajnas,porssa(h)t,3
CAUS.NPST.3SG,5,a(h)t,а(хх)т,kld_txt_Lehtiranta_1_r’iim’ɲ_moajnas,porssa(h)t,3
CAUS.NPST.3SG,5,a(h)t[c],а(хх)т[ц],kld_txt_Lehtiranta_1_r’iim’ɲ_moajnas,porssa(h)t[c] k’een mun(n) poor(e)ččem,1
CAUS.NPST.3SG,5,ad,ад,Переведенный корпус,tenn soonn v’aarr koošškad i koollset’ lɨhk nɨt’t’ kooxxt son’n’e bɨdd,2
CAUS.NPST.3SG,5,ad,ад,Переведенный корпус,a kaal’l’es’ n’iijjt cele p’eejve m’iil’l’te lɨke sonn i č’aaz’ gɒrre vɒrrad sonn i p’eerk kɨppt i laammpset’ por̥tad i muur’et’ kuennt d’i šeel’d’et’ pass,2
CAUS.NPST.3SG,5,aht,аххт,Переведенный корпус,rɒdne n’iijtes’ meenn ejj lɨk soon paje pueraht a n’iijjtb’eel’l’ xošš i pugg per̥t m’iil’l’te lɨke jeen’n’b’eel’l’ soonen’ paje ɒr̥r̥tedd ja cele p’iijve m’iil’l’te ševraht,2
CAUS.NPST.3SG,5,aht,аххт,Переведенный корпус,rɒdne n’iijtes’ meenn ejj lɨk soon paje pueraht a n’iijjtb’eel’l’ xošš i pugg per̥t m’iil’l’te lɨke jeen’n’b’eel’l’ soonen’ paje ɒr̥r̥tedd ja cele p’iijve m’iil’l’te ševraht,2
CAUS.NPST.3SG,5,aht’,аххьт,kld_txt_Itkonen1931_6_page254,taabaht’,1
CAUS.NPST.CNG,1,eht,эххт,,,1
CAUS.PST.3SG,4,'et',этҍ,Переведенный корпус,k'as's'et' sama mooǯes' jiijv puuʒet',1
CAUS.PST.3SG,4,e(h)t,э(хх)т,kld_txt_Lehtiranta_1_r’iim’ɲ_moajnas,r’iimmɲ puelle(h)t koattkse(j)d ja saarrn,1
CAUS.PST.3SG,4,ed,эд,kld_txt_KarNC_wedding_pt2,tel’ žen’ix’ mɒst ujted peer̥’r̥’te,1
CAUS.PST.3SG,4,eht,эххт,kld_txt_Kert1961_pro_vorona_tulena_i_dikogo_olena,iiǯ’ l’aajj kɒn’n’t’ i paz’eht kɒn’t’ tuul’jes’,2
CAUS.PST.3SG,4,eht,эххт,kld_txt_Lehtiranta_2_r’iim’ɲ_i_taale_moajnas,vɨl’šeht,2
CAUS.PST3SG,1,et',этҍ,,,1
CAUS1,6,d,д,Переведенный корпус,muuɲkaallsa šɒlšuve taate sonn kaal’l’mde n’iijta da čofta n’iijjt l’aajj š’iig ja mooǯe cɒɒge sonn n’iijjta v’iil’l’k’es’ p’eeck štobɨ ejj kelmče,1
CAUS1,6,d˙,д˙,kld_txt_Kert1961_byl_o_ljajne,sonn mehced˙,1
CAUS1,6,t,т,kld_txt_KarNC_wedding_pt2,nɨšše čil’meguejm ja čontken’ muhctad,3
CAUS1,6,t,т,Переведенный корпус,ejj eesstma sonn xar’a vuel’l’k’te kued’es’ vel’l’ej son’n’e vuessta aahk’ ja el’g’e šume kaallses’ eel,3
CAUS1,6,t,т,Переведенный корпус,vuur’t’e vuur’t’e až’es’ ejj t’eedda sonn ejj jur’r’t’ma što vuel’l’k'teš soon kaal’l’me vaar’es’,3
CAUS1,6,x,х,kld_txt_KarNC_deers,m’iin ruup’p’s’es’ čuma ɒɒlkxuv’v’en’ tala kolxozes’t’,3
CAUS1,6,x,х,Переведенный корпус,jeen’n’p’eel’l’ sernna soon ejj šɒbša i paje jur’te kooxxt bɨ vɨjxe n’iijjtp’eel’ per̥tes’ pɒɒge,3
CAUS1,6,x,х,Переведенный корпус,tedd l’aajj muuɲkaallsa muuɲkaallsa t’iirvxede n’iijten’ sonn vuessta,3
CAUS1,6,x’,хь,kld_txt_KarNC_deers,sɨjj jiil’l’en’ puuʒet’ pɨɲɲen’ i tel’ meenn k’eez’ kɨd kuun’t’x’ev i čeexxča kooppčev,1
CAUS1,6,ɛt,т,kld_txt_Kert1961_byl_o_ljajne,l’k̭i͔ jena i̮ije mil’tɛ vodḓɛtɛ,1
CAUS1.IMP.SG,1,eht’,эххьт,,,1
CAUS1.NPST.3SG,1,aht,аххт,,,1
CAUS1.PST.3SG,2,eht’,эххьт,Переведенный корпус,luuj̥j̥knelle ɨšteht’ n’iijtes’ sɒne eel ja vɨjjel’ lɒttkna puuʒje al’n vaarra,2
CAUS1.PST.3SG,2,eht’,эххьт,Переведенный корпус,pɨd’d’e sonn n’iijtes’ vaarra ɨšteht’ soon p’eez’ vuella a iiǯ vɨxxta vɨjjel’ mɒɒst štobɨ ejj ujjine n’iijtes’ sɒr’m’,2
CAUS1.PST.3SG,2,eh’t’,эххьт,kld_txt_Kert1961_pro_vorona_tulena_i_dikogo_olena,kug’g’eh’t’ m’iil’l’te,1
CAUS2,2,ax,ах,Переведенный корпус,keeǯ’ kooz jodd–xax,1
CAUS2,2,t,т,Пkld_txt_Kert1961_suška škur,olme vaallt tuul’j ja kɒmmset’ leevlaht ja pɨjj koošškte,1
CAUS2.PST.3SG,2,ed’,эдҍ,kld_txt_Genetz1891,son taabed’,1
CAUS2.PST.3SG,2,eht’,эххьт,kld_txt_Genetz1891,ruuv’t kuajv taakeht’,1
CAUS?,2,d,д,kld_txt_Kert1961_pro_vorona_tulena_i_dikogo_olena,paar’n’am paar’n’am voar’r’duvve,1
CAUS?,2,eht,эххт,kld_txt_KarNC_wedding_pt2,sɨjj vɒsʼsʼenʼ tejn ja tel’ evtes’ joddehtenʼ,1
CAUS?.3SG.NPST,1,ad,ад,,,1
CAUS?.NPST.3SG,1,ad,ад,,,1
CAᴜS,4,eht,эххт,kld_txt_Kert1961_rybolovstvo_20210223,ja maŋŋa tenn puk tuullt'ehten',1
CAᴜS,4,eht’,эххьт,Переведенный корпус,s’iireškudden’ d’ii vuajjl’eht’en’,1
CAᴜS,4,t,т,kld_txt_Kert1961_rybolovstvo_20210223,sueg' jor̥ten',3
CAᴜS,4,t,т,kld_txt_Kert1961_rybolovstvo_20210223,suldeš' kaas's'te kues's' nuut' kaas’s'tet',3
CAᴜS,4,t,т,kld_txt_Kert1961_rybolovstvo_20210223,suldeš' kaas's'te kues's' nuut' kaas’s'tet',3
CAᴜS,4,x,х,kld_txt_Kert1961_rybolovstvo_20210223,tuul’l’txen',2
CAᴜS,4,x,х,Переведенный корпус,s’iirren’ s’iirren’ paar’r’n taabxuve,2
CAᴜS.3SG.NPST,1,t,т,,,1
CNG,1,e,э,,,11
CNG.NPST,1,(e)[b],(э)[б],,,1
CNG.PST,2,a,а,Переведенный корпус,a l’aajj n’iijta v’aal uc’c’ i ejj šɨl̥kxa n’imeenn lɨhke,2
CNG.PST,2,a,а,Переведенный корпус,tonn mej pueres' čaann eg'g' pɨhta m'iinne lɒj̥et' kɒl'l'et' ja mooǯes' šolk ɒɒsset',2
CNG.PST,2,eɲč,энч,kld_txt_Itkonen1931_6_page254,tejd ejj lɨggxelleɲč,1
CNG?,1,e,э,,,1
COLL,4,as,ас,kld_txt_Genetz1891,ruuv’t kuajv kuut’as kuun’n’ten’,3
COLL,4,as,ас,kld_txt_Itkonen1931_6_page254,kolmas puud’e,3
COLL,4,as,ас,kld_txt_Kert1961_byl_o_ljajne,l’k’i͔n˙ kuextas jel’l’e,3
COLL,4,as’,ась,Переведенный корпус,tel’ k’aaǯa a kut’as’ kes’s’ luuštal nuut’ tavas,2
COLL,4,as’,ась,Переведенный корпус,jeen’en’es’ kueht’as’ sɨjj ejj eft vuer vɨggen’ kaal’l’es’ n’iijt keeɲɲle rajja,2
COLL,4,eš(’t’),эш(тҍ),kld_txt_KarNC_wedding_pt2,nemmpeš(’t’) vɨggl’ev tože sama avvta,2
COLL,4,eš(’t’),эш(тҍ),kld_txt_KarNC_wedding_pt2,kualmneš(’t’) poohplev,2
COLL,4,s,с,kld_txt_Genetz1891,avvta kuajjva taahk’eš pɨht’en’ vɨdds kuajv,1
COM,5,en,эн,Переведенный корпус,tedd paake kohče iǯ’as’ tenn оlmе taalenes'.,1
COM,5,en’,энҍ,kld_txt_Itkonen1931_6_page254,voal’l’t’en’ ja koavvn’en’ s’iin’et’ kaallas paar’n’en’es’,3
COM,5,en’,энҍ,kld_txt_Itkonen1931_6_page254,a kaallas paar’n’en’es’ put’t’ej kued’e gur’r’e,3
COM,5,en’,энҍ,Переведенный корпус,rɒdne n’iijtes’ meenn ejj lɨk soon paje pueraht a n’iijjtb’eel’l’ xošš i pugg per̥t m’iil’l’te lɨke jeen’n’b’eel’l’ soonen’ paje ɒr̥r̥tedd ja cele p’iijve m’iil’l’te ševraht,3
COM,5,guejm,гуэйм,Переведенный корпус,tel’e eeltnet nɨm’m’pe red’d’en’ rɨnnte i nuut’ k’eez’et k’iid’eguejm ele že eexxt olme veensen nuur’e vokgoarre nuehta a kut’es’ kut’ kuuxxt oollme kut’ p’iirаs nuut’ čoovvgev,22
COM,5,guejm,гуэйм,Переведенный корпус,kues’s’ koollas ja saav’ex’ l’eev lɨhkma olma kuu šɒbašt m’aahca soonn čuejjk s’iineguejm b’eda udlen’n’e,22
COM,5,guejm,гуэйм,Переведенный корпус,koollset’ vued mɒɒše(t) mazeguejm a evtla oollme koollse vuedde pɨjjev koommset’ el’e_že nuer’j naak’ a pɨjet nɨt’t’ že seerva koommset,22
COM,5,guejm,гуэйм,Переведенный корпус,kuddlɒg’g’ kualmante ɨg’es’ janvari maanas’ munn učenekam’i avcand klaases’ vɨjjl’em čiirre puuʒeguejm,22
COM,5,guejm,гуэйм,Переведенный корпус,pugg maal’c’eguejm eel vel kolek’eegg cɒɒg’g’en saav’ex’et doobrat ja vuud’d’en b’eda š’iiggten’n’e,22
COM,5,guejm,гуэйм,Переведенный корпус,a mɨjj čuujjglem saav’ex’eguejm,22
COM,5,guejm,гуэйм,Переведенный корпус,čuujgem saav’ex’eguejm meenem peejnem m’iilgnes ur’d’eel,22
COM,5,guejm,гуэйм,Переведенный корпус,ɨštem laavleguejm vɨjjl’em mɒɒst,22
COM,5,guejm,гуэйм,Переведенный корпус,parna pugg ujjden peer̥’r̥’t’e tuvvnedden mudda ɒɒsseguejm,22
COM,5,guejm,гуэйм,Переведенный корпус,tenn paxodes m’iineguejm l’iijjen puadda kar’elsk’i parna,22
COM,5,guejm,гуэйм,kld_txt_KarNC_deers,eevvdel’ mɨjj joddlem’ kɒvvseguejm,22
COM,5,guejm,гуэйм,kld_txt_KarNC_wedding_pt2,… mɒššenʼ t’iiŋʼk’eguejm tam’p’e lʼeev pʼeelʼčudʼdʼ kopʼejkedde ili mar̥ʼr̥ʼkʼ.,22
COM,5,guejm,гуэйм,kld_txt_KarNC_wedding_pt2,nɨšše čil’meguejm ja čontken’ muhctad,22
COM,5,guejm,гуэйм,kld_txt_Kert1961_nuemmel_piras,al'kes'kånc juggen’ vɨn kukseguejm,22
COM,5,guejm,гуэйм,kld_txt_Kert1961_pro_vorona_tulena_i_dikogo_olena,ja čelma čuurvedes’guejm saar’k’sev,22
COM,5,guejm,гуэйм,kld_txt_Kert1961_pro_vorona_tulena_i_dikogo_olena,kaahtenč l’ajj tuul’jeguejm,22
COM,5,guejm,гуэйм,Переведенный корпус,mudda vuer puud’e muuɲekaallsa ja pɨt’e n’iijjta laaj̥et i šuurr ɨš’s’t’e t’iivvt kɒl’eguejm,22
COM,5,guejm,гуэйм,Переведенный корпус,mooǯes’ ɒɒsseguejm sonn šende v’aal mooǯ’da i š’iiga,22
COM,5,guejm,гуэйм,Переведенный корпус,ejj pued vaje muuɲkaallsa lɒɒj̥eguejm il’i cɒɒr al'l'k soon gɒrra,22
COM,5,guejm,гуэйм,Переведенный корпус,kues’s’ ɨddev mooǯes' sɒɒn k'aassxa v’iil'l'kes' cɒɒr puuʒeguejm,22
COM,5,guejm,гуэйм,Переведенный корпус,tel’ sug’g’eš i el’k’en’ s’in’et’ ar’jeguejm taagge(d),22
COM,5,guejm,гуэйм,Переведенный корпус,i k’eelteguejm di pugg vessten’,22
COM,5,guejm.,гуэйм.,kld_txt_KarNC_wedding_pt2,telʼ vɒsʼsʼenʼ nɨšše tinʼkʼeguejm.,1
COM,5,in˙,ын˙,kld_txt_Kert1961_byl_o_ljajne,tɛin˙ dɛl’i portuvven˙,1
COM.INST,1,ɛn˙,н˙,,,1
COM.PL,3,e,э,Переведенный корпус,sarneškud'e Mar’r'j Uvvan n’iijjt kaallseguejm c'aal̥l̥k kooz čuur'v’et' pɨjje tenn sajja koappče čuer'v' gar',1
COM.PL,3,gueim,гуэым,kld_txt_KarNC_wedding_pt2,ɒrseg’g’e vɨs’te an’ soonn luej̥j̥k i prɒššed num’b’es’gueim k’eegg soost l’eev,1
COM.PL,3,guejm,гуэйм,Переведенный корпус,sɨjj pɨsseguejm voan’n’cen’ m'eh'cte,3
COM.PL,3,guejm,гуэйм,kld_txt_Kert1961_jeerrkja_oollmej_bajas,oollme eel’l’ken’ saarrne parnaguejm štobe kɒmpaɲe paar’r’n soon al’n nɒɒj̥j̥tlede(h)č,3
COM.PL,3,guejm,гуэйм,kld_txt_Kert1961_rybolovstvo_20210223,nuut'et' koollm oollmaguejm,3
COM.SG,8,an,ан,Переведенный корпус,tagda mɨjj iiǯ pɒɒj̥kan urdan snemajedem tel’e al’g’em jɒddjem saav’exal’n valas,2
COM.SG,8,an,ан,Переведенный корпус,tagda mɨjj iiǯ pɒɒj̥kan urdan snemajedem tel’e al’g’em jɒddjem saav’exal’n valas,2
COM.SG,8,an’,анҍ,Переведенный корпус,puarrsamuss al'l'k’ l'ajj čeehp' s’iirre garmon'an’,1
COM.SG,8,en,эн,Переведенный корпус,tel’e eeltnet nɨm’m’pe red’d’en’ rɨnnte i nuut’ k’eez’et k’iid’eguejm ele že eexxt olme veensen nuur’e vokgoarre nuehta a kut’es’ kut’ kuuxxt oollme kut’ p’iirаs nuut’ čoovvgev,7
COM.SG,8,en,эн,Переведенный корпус,čaar pugg pakrɨvaetsa čaar pukk tuvvnadd čexxčа veezen,7
COM.SG,8,en,эн,kld_txt_Kert1961_pro_vorona_tulena_i_dikogo_olena,luuj̥ke ja eženes’ jɒddseleškud’e,7
COM.SG,8,en,эн,kld_txt_Kert1961_rybolovstvo_20210223,oakkšen v’eer'r'en' p’iizet' sueges't',7
COM.SG,8,en,эн,kld_txt_Lehtiranta_2_r’iim’ɲ_i_taale_moajnas,jeerrka kaal’l’es vuje(j)[a] kuul’l’k’eer’r’sen,7
COM.SG,8,en,эн,kld_txt_Lehtiranta_3_kɒn’t’_moajnas,tunn j'aanna j'aalččex t’iirven,7
COM.SG,8,en,эн,Переведенный корпус,j’iil’e eexxt kaal’l’es’ n’iijtenes’,7
COM.SG,8,en',энҍ,kld_txt_Kert1961_rybolovstvo_20210223,tanna eexxt olme tuerrpem muuren' el'ke tuerrpe,5
COM.SG,8,en',энҍ,kld_txt_Kert1961_rybolovstvo_20210223,oakkšen' v’eer'r'en',5
COM.SG,8,en',энҍ,kld_txt_Kert1961_rybolovstvo_20210223,ja eel’l’ken' paar̥ket' skoban kaar'r'te ja nɨjpen' vuullе,5
COM.SG,8,en',энҍ,Переведенный корпус,pɒɒze soon eel keellm vujnegen' ja kallmed soon,5
COM.SG,8,en',энҍ,Переведенный корпус,koojn soon n'iijjt ɒrr pɒɒl'l'te cɒɒr al'ken',5
COM.SG,8,en’,энҍ,kld_SAM_SG_map_20230815,veennsen’ vuajj meenne suull… pɨrr suull,21
COM.SG,8,en’,энҍ,kld_SAM_SG_map_20230815,tes’t vuajj meenne veennsen’,21
COM.SG,8,en’,энҍ,kld_SAM_SG_map_20230815,veennsen’ meenax,21
COM.SG,8,en’,энҍ,Переведенный корпус,vele šɨl’et kuul’e nuut’en’,21
COM.SG,8,en’,энҍ,Переведенный корпус,toolgɒr’r’en’ kɨp’ten man’n’ o šal’d,21
COM.SG,8,en’,энҍ,Переведенный корпус,i nɨd’d’ pradalžaetsa kaaždɨ eeg’en’ raaznɨ p’iirras raaznɨ sajen šel’l’ev kuul’e,21
COM.SG,8,en’,энҍ,Переведенный корпус,muur pugg l’eev tes’t’ mudd saj kaahta veezen’,21
COM.SG,8,en’,энҍ,Переведенный корпус,i kues’s’ čuujjklet’ štobi soonn l’aahč soonen’ l’aahč š’iiγ’ čuujjke,21
COM.SG,8,en’,энҍ,kld_txt_Genetz1891,sonn taabed’d' kuajv eften’ kiiden’,21
COM.SG,8,en’,энҍ,kld_txt_Genetz1891,sonn taabed’d' kuajv eften’ kiiden’,21
COM.SG,8,en’,энҍ,kld_txt_Genetz1891,sonn taabed’d’e kuajv eften’ kiid’en’,21
COM.SG,8,en’,энҍ,kld_txt_Genetz1891,sonn taabed’d’e kuajv eften’ kiid’en’,21
COM.SG,8,en’,энҍ,kld_txt_Itkonen1931_6_page254,val’d’e kaallsa paar’n’en’es’,21
COM.SG,8,en’,энҍ,kld_txt_KarNC_wedding_pt2,nɨšše čil’meguejm ja čontken’ muhctad,21
COM.SG,8,en’,энҍ,Переведенный корпус,Oalkembel't uks tueg jeg'g'e šuurr keelten’ ja karvul'l'e mune kuuht'e kaalse koolmet' sutket',21
COM.SG,8,en’,энҍ,Пkld_txt_Kert1961_suška škur,tuul’j al’n’ vuajj vued’d’e il’i kuarre maal’c’et’ ja rɒvvet’ a kɒmmsen’ kuaret’ tubɨrket’ p’imat’ buurket’,21
COM.SG,8,en’,энҍ,Переведенный корпус,a n’iijjtb’eel’l’ l’aajj i kaasven’ mooǯe i lɨhk’eš d’i m’iillves’,21
COM.SG,8,en’,энҍ,Переведенный корпус,jeen’en’es’ kueht’as’ sɨjj ejj eft vuer vɨggen’ kaal’l’es’ n’iijt keeɲɲle rajja,21
COM.SG,8,en’,энҍ,Переведенный корпус,i nɨd’d’ sɨjj jiil’l’en’ jeen’n’b’eel’l’ n’iijten’es’ eft vued’d’en’ ja poorren’ ja ɒrren’ paje k’iide rɨs's't'e ja pɒɒknedden’,21
COM.SG,8,en’,энҍ,Переведенный корпус,ɨšteht’ iiǯant n’iijt sɒɒne eel ja vɨje vaarra i kuud’e soon tɒge an’ muuɲɲg’en’ kallm čal’m mune jeve kičehče soon eel p’eel’j jeve kullehče soone jiin,21
COM.SG,8,en’,энҍ,Переведенный корпус,tedd l’aajj muuɲkaallsa muuɲkaallsa t’iirvxede n’iijten’ sonn vuessta,21
COM.SG,8,n,н,kld_txt_Kert1961_rybolovstvo_20210223,ja eel’l’ken' paar̥ket' skoban kaar'r'te ja nɨjpen' vuullе,1
COM.SG,8,n’,нҍ,Переведенный корпус,tenn rɒjj mɨjj sɒɒgem sɒɒnet zapraavat kuuht xaar’an’,1
COM.SG,8,ɛn˙,н˙,kld_txt_Kert1961_byl_o_ljajne,ni̮tše paŋk simnɛn˙ råŋŋk muggɛ šɛ man’tɛm’ mu͔nn l’a,2
COM.SG,8,ɛn˙,н˙,kld_txt_Kert1961_byl_o_ljajne,mudḓa saijes’t лi̮kkɛ pi̮rr kuɛd˙ krepas’t˙ murɛn˙,2
COMP,3,a,а,Переведенный корпус,vuajj nuuht’ bɨtt i uʒ’a,22
COMP,3,a,а,Переведенный корпус,tav’v’en starjedet vaal’de šur’a abjom čaj,22
COMP,3,a,а,Переведенный корпус,lɨgget’ koollset ood’a ja kuk’a m’etrav t’een’n’et’ n’eel’l’j vɨdd,22
COMP,3,a,а,Переведенный корпус,lɨgget’ koollset ood’a ja kuk’a m’etrav t’een’n’et’ n’eel’l’j vɨdd,22
COMP,3,a,а,Переведенный корпус,a mudda a lɨhkev kuk’a el’e an’exa k’iihčev kooxxt iiž’es’ rooŋ’ŋ’k’ i meenn kugga bɨdd,22
COMP,3,a,а,Переведенный корпус,keskes’t’ koollset’ kuud’et’ mugga al’a saja a vuul’em’b’eel’l’ lɨgget raajk,22
COMP,3,a,а,Переведенный корпус,suem’p’ vuulet’ lɨgget’ mooǯta,22
COMP,3,a,а,Переведенный корпус,koollset’ vued mɒɒše(t) mazeguejm a evtla oollme koollse vuedde pɨjjev koommset’ el’e_že nuer’j naak’ a pɨjet nɨt’t’ že seerva koommset,22
COMP,3,a,а,Переведенный корпус,ɒd’d’em’vuajva tuul’l’ej alavud’d’e l’ii jeena koollm čuud’d’e m’etredde,22
COMP,3,a,а,Переведенный корпус,soonn l’ii algadan jeena tooxnedde m’etredde,22
COMP,3,a,а,kld_txt_KarNC_deers,soost l’aajj kon’ešna puaz jeena,22
COMP,3,a,а,kld_txt_KarNC_deers,a jeena al’l’a kolxozes’t’,22
COMP,3,a,а,kld_txt_Kert1961_byl_o_ljajne,l’k̭i͔ jena i̮ije mil’tɛ vodḓɛtɛ,22
COMP,3,a,а,kld_txt_Kert1961_pro_vorona_tulena_i_dikogo_olena,al’tla puud’e ujjn kuuht nuer’j al’ka kuedes’t valas k’irsellev ja xur’g’sev,22
COMP,3,a,а,kld_txt_Kert1961_pro_vorona_tulena_i_dikogo_olena,nuer’j poorrem luus kus’k’ ja jug’g’enalšem kuul’ raašk no per’a meenn karnses’t,22
COMP,3,a,а,kld_txt_Kert1961_pro_vorona_tulena_i_dikogo_olena,čin puk mi l’ii per’a,22
COMP,3,a,а,kld_txt_Kert1961_pro_vorona_tulena_i_dikogo_olena,sonn vuages’t tummpla,22
COMP,3,a,а,kld_txt_Kert1961_rybolovstvo_20210223,tes't bɨdd sugge m'aalka,22
COMP,3,a,а,kld_txt_Kert1961_rybolovstvo_20210223,ooʒen' per'a p'ees's'muuret',22
COMP,3,a,а,Переведенный корпус,pɨd’d’e sonn n’iijtes’ vaarra ɨšteht’ soon p’eez’ vuella a iiǯ vɨxxta vɨjjel’ mɒɒst štobɨ ejj ujjine n’iijtes’ sɒr’m’,22
COMP,3,a,а,Переведенный корпус,mooǯes’ ɒɒsseguejm sonn šende v’aal mooǯ’da i š’iiga,22
COMP,3,a,а,Переведенный корпус,mooǯes’ ɒɒsseguejm sonn šende v’aal mooǯ’da i š’iiga,22
COMP,3,amp,амп,kld_txt_Genetz1891,no l'aaɲč at't' kul mɨn’n’e t’iiŋ’k’e(j)t’ ejj bɨdd jenamp,2
COMP,3,amp,амп,kld_txt_Lehtiranta_2_r’iim’ɲ_i_taale_moajnas,tanna kuul’l’ paramp puadd i ɲaaʒʒ,2
COMP,3,la,ла,Переведенный корпус,vot sɨjj puud’d’en’ al’l’tla,2
COMP,3,la,ла,Переведенный корпус,puud’d’en’ al’l’tla,2
COND,6,(e)čč,(э)чч,kld_txt_Lehtiranta_1_r’iim’ɲ_moajnas,porssa(h)t[c] k’een mun(n) poor(e)ččem,1
COND,6,ehč,эххч,Переведенный корпус,suem’p’ k’aaǯ’a kooret naak’ štobe l’aahč štobi vuajehček oojjke k’iid’ i l’aahč š’iiγ’ čuujjke,5
COND,6,ehč,эххч,Переведенный корпус,p’ees’s’ muur raadet mugga štobi soonn ejj vuajče muurrtje l’aahč bi rɒvas ja muulehče jeenne vuek’s’ i ejj sojnehče,5
COND,6,ehč,эххч,Переведенный корпус,p’ees’s’ muur raadet mugga štobi soonn ejj vuajče muurrtje l’aahč bi rɒvas ja muulehče jeenne vuek’s’ i ejj sojnehče,5
COND,6,ehč,эххч,Переведенный корпус,ɨšteht’ iiǯant n’iijt sɒɒne eel ja vɨje vaarra i kuud’e soon tɒge an’ muuɲɲg’en’ kallm čal’m mune jeve kičehče soon eel p’eel’j jeve kullehče soone jiin,5
COND,6,ehč,эххч,Переведенный корпус,ɨšteht’ iiǯant n’iijt sɒɒne eel ja vɨje vaarra i kuud’e soon tɒge an’ muuɲɲg’en’ kallm čal’m mune jeve kičehče soon eel p’eel’j jeve kullehče soone jiin,5
COND,6,eč,эч,Переведенный корпус,vuulklešuude evdes’ vaan’c’e vaar’ m’iil’l’te n’iijjt el’ge soon moolle štobɨ ejj kuedeče sonn ooxxte vaarra,1
COND,6,hč,ххч,Переведенный корпус,pɨjet nɨt’t’ štobe sɨjj l’iihčen’ seekksem m’eedas tes’t’ vuajj kues’s’ l’eev seekks m’eedas vuajj čuujjke udlen’n’e a kues’s’ pejjne paahka to rueppt seeks ejj jɒdd valas k’irse,1
COND,6,č,ч,Переведенный корпус,k’eev’l’ lɨgget nɨt’t’ štobe soonn čoxta veeʒe ejj vuajče,6
COND,6,č,ч,kld_txt_Kert1961_jeerrkja_oollmej_bajas,oollme meennen’ tenn n’iijjta aanne štobe sonn lɨgga(h)č nɨd’d’ kooxxt bɨ ruuce jev p’eezče s’iine gɒrre,6
COND,6,č,ч,kld_txt_Lehtiranta_3_kɒn’t’_moajnas,ujnčex,6
COND,6,č,ч,kld_txt_Lehtiranta_3_kɒn’t’_moajnas,egg pelče,6
COND,6,č,ч,kld_txt_Lehtiranta_3_kɒn’t’_moajnas,poka p’iiŋk egg vaaltče,6
COND,6,č,ч,Переведенный корпус,muuɲkaallsa šɒlšuve taate sonn kaal’l’mde n’iijta da čofta n’iijjt l’aajj š’iig ja mooǯe cɒɒge sonn n’iijjta v’iil’l’k’es’ p’eeck štobɨ ejj kelmče,6
COND,6,čč,чч,kld_txt_Lehtiranta_1_r’iim’ɲ_moajnas,k’een mun(n) poorččem,2
COND,6,čč,чч,kld_txt_Lehtiranta_3_kɒn’t’_moajnas,tunn j'aanna j'aalččex t’iirven,2
COND.3SG,4,a(h)č,а(хх)ч,kld_txt_Kert1961_jeerrkja_oollmej_bajas,oollme meennen’ tenn n’iijjta aanne štobe sonn lɨgga(h)č nɨd’d’ kooxxt bɨ ruuce jev p’eezče s’iine gɒrre,1
COND.3SG,4,ahč,аххч,kld_txt_Kert1961_jeerrkja_oollmej_bajas,kɒmpa luša/lɨšše soon vaaltahč kuujje,3
COND.3SG,4,ahč,аххч,kld_txt_Kert1961_rybolovstvo_20210223,štop luštɨj povve k'iirrknahč pɨjje kul̥p,3
COND.3SG,4,ahč,аххч,Переведенный корпус,jur’te kaal’l’es’ vaal’l’te nɨzan kuu šendahč go rɒdne jeen’n’ n’iijtaja a vɨjte muddanaalla,3
COND.3SG,4,e(h)č,э(хх)ч,kld_txt_Kert1961_jeerrkja_oollmej_bajas,oollme eel’l’ken’ saarrne parnaguejm štobe kɒmpaɲe paar’r’n soon al’n nɒɒj̥j̥tlede(h)č,1
COND.3SG,4,hč,ххч,Переведенный корпус,suem’p’ k’aaǯ’a kooret naak’ štobe l’aahč štobi vuajehček oojjke k’iid’ i l’aahč š’iiγ’ čuujjke,3
COND.3SG,4,hč,ххч,Переведенный корпус,i kues’s’ čuujjklet’ štobi soonn l’aahč soonen’ l’aahč š’iiγ’ čuujjke,3
COND.3SG,4,hč,ххч,Переведенный корпус,i kues’s’ čuujjklet’ štobi soonn l’aahč soonen’ l’aahč š’iiγ’ čuujjke,3
COND.CNG,1,če,чэ,,,2
CONF.3SG,1,hč,ххч,,,1
CONG,1,č,ч,,,1
CVB,1,men’,мэнҍ,,,1
DAT,2,a,а,kld_GGM_SG_map_202308D,и činčp’aalla,6
DAT,2,a,а,kld_SAM_SG_map_20230815,vuel’kes’b’aalla,6
DAT,2,a,а,kld_SAM_SG_map_20230815,sadamadda činčb’e(e)l’ta tel’ jɒdax čuekas m’iil’l’te,6
DAT,2,a,а,Переведенный корпус,k’aavvla pɨjet vel nɒɒket’ a tej(d) nɒɒk’e k’aaǯa kruges’t’ pɨjet p’ees’s’ muur iižes’ suem’p’,6
DAT,2,a,а,kld_txt_Kert1961_jeerrkja_oollmej_bajas,eex’x’teš’(t’) nɨm’(p’)b’aalla jaav’r’ puud’d’en’ ruuc,6
DAT,2,a,а,kld_txt_Lehtiranta_2_r’iim’ɲ_i_taale_moajnas,taal’l’va kɒš’š’kkuul’(e) porssall,6
DAT,2,e,э,kld_GGM_SG_map_202308D,ну tɒge voarred ton’n’e tam’b’e тоже,31
DAT,2,e,э,kld_SAM_SG_map_20230815,tɨjje bɨdd meenne kualmant sɨjjta,31
DAT,2,e,э,Переведенный корпус,tenn soonn v’aarr koošškad i koollset’ lɨhk nɨt’t’ kooxxt son’n’e bɨdd,31
DAT,2,e,э,Переведенный корпус,ja tel’e čuujjglem puudem tenn sajja kas’s’ mɨjj l’iijem kuedda sɒɒn puuʒe ja lɨlmɨ pɒp činnen mɨjje vkuusnɨ p’eerg,31
DAT,2,e,э,Переведенный корпус,i tenn v’eečres kuu l’aajj kug’g’ meene m’iine b’eda mooǯten’n’e,31
DAT,2,e,э,kld_txt_Genetz1891,с'eel̥’l̥'k’en' mann mɨjje ejj šaan't’ al'ke,31
DAT,2,e,э,kld_txt_Genetz1891,sɨjje šan't'e al'ke lahk’eolma lahk’etaall,31
DAT,2,e,э,kld_txt_Genetz1891,no l'aaɲč at't' kul mɨn’n’e t’iiŋ’k’e(j)t’ ejj bɨdd jenamp,31
DAT,2,e,э,kld_txt_Genetz1891,aajjan jaal ooʒmen’ paal̥’l̥’k’tuvv mɨn’n’e kaazxen’,31
DAT,2,e,э,kld_txt_Genetz1891,pɨjješ sɨjje poorre,31
DAT,2,e,э,kld_txt_KarNC_deers,maŋ’ŋ’ per’e l’aajj šiig mɨjje,31
DAT,2,e,э,kld_txt_KarNC_deers,každe ɨg’g’e paj effte kooppčen’ puuʒet’,31
DAT,2,e,э,kld_txt_KarNC_deers,gaz'eta sɨjje toage vɨget,31
DAT,2,e,э,kld_txt_KarNC_wedding_pt2,no ladno mɨjj zamorske kupcagul jɒd’d’ep’ m’iinen’ l’eev pugg l’ekarstva mɨjjgul an’n’t’ep’ tɨjjegul,31
DAT,2,e,э,kld_txt_KarNC_wedding_pt2,tel’ koorren’ rɨb’b’ex’ son’n’e,31
DAT,2,e,э,kld_txt_KarNC_wedding_pt2,telʼ en’nʼt’enʼ sonʼnʼe cʼeer̥’k’ vɒɒllenʼ jugge.,31
DAT,2,e,э,kld_txt_KarNC_wedding_pt2,en’n’ten’ tam’p’e son’n’e tiiŋ’ket’,31
DAT,2,e,э,kld_txt_KarNC_wedding_pt2,tel’ son’n’e sarfan tuer’v en’n’ten’,31
DAT,2,e,э,kld_txt_Kert1961_pro_vorona_tulena_i_dikogo_olena,paar’n’am paar’n’am tala tɨje n’innč,31
DAT,2,e,э,kld_txt_Kert1961_pro_vorona_tulena_i_dikogo_olena,tala tɨje num’m’p’,31
DAT,2,e,э,kld_txt_Kert1961_rybolovstvo_20210223,nostme k'eessev' nuut',31
DAT,2,e,э,kld_txt_Lehtiranta_2_r’iim’ɲ_i_taale_moajnas,puud’d’en sun’n’e ɲuem’m’el i taall i k’eet’t’k kuessa i k’eeǯ’ǯ’ev,31
DAT,2,e,э,kld_txt_Lehtiranta_2_r’iim’ɲ_i_taale_moajnas,mɨn’n’e c’aal̥l̥k pɒbbeht kuul’l’,31
DAT,2,e,э,kld_txt_Lehtiranta_2_r’iim’ɲ_i_taale_moajnas,meejt mɨjje ejj pɒbbeht,31
DAT,2,e,э,kld_txt_Lehtiranta_3_kɒn’t’_moajnas,ibe mɨn’n’e tuun ɲiɲɲč,31
DAT,2,e,э,kld_txt_Lehtiranta_3_kɒn’t’_moajnas,kueddaj tun’n’e kooɲɲčkuun’n’ i kooɲɲčtuul’l’j,31
DAT,2,e,э,Переведенный корпус,ejj eesstma sonn xar’a vuel’l’k’te kued’es’ vel’l’ej son’n’e vuessta aahk’ ja el’g’e šume kaallses’ eel,31
DAT,2,e,э,Переведенный корпус,muuɲkaallsa son’n’e c’eel̥’k’e što v’aal puadd,31
DAT,2,e,э,Переведенный корпус,cɒɒr al’l’k’ sraaze kooxxt ujnes’ n’iijt šɒbšuve son’n’e i c’iil̥’k’e n’iijjta,31
DAT,2,e,э,Переведенный корпус,tonn l’aax mɨn’n’e čofta m’iil’l’e vɨjd mɨn’n’e kuujje,31
DAT,2,e,э,Переведенный корпус,tonn l’aax mɨn’n’e čofta m’iil’l’e vɨjd mɨn’n’e kuujje,31
DAT.3SG,1,a,а,,,1
DAT.PL,4,ed,эд,kld_txt_Kert1961_pro_vorona_tulena_i_dikogo_olena,paa(r)rnedes’ r’aagen’t,2
DAT.PL,4,ed,эд,kld_txt_Kert1961_pro_vorona_tulena_i_dikogo_olena,aahk’ r’aagg paarrnedes’,2
DAT.PL,4,et,эт,Переведенный корпус,tejd raajket pɨjet p’e’r’enoskat’,3
DAT.PL,4,et,эт,Переведенный корпус,vɨjem puuʒet mɨjj vɒɒl’d’em p’eerg m’il’l’d’e maal’c’et p’imat’ tobɨrket saav’ex’et poolxet’ saallvas koompas t’etradet’ fataparaat ɒɒkše i vɨjjl’em čiirre,3
DAT.PL,4,et,эт,Переведенный корпус,puuʒet pugg š’iiggten’n’e kɒɒrem sɒɒnet,3
DAT.PL,4,et’,этҍ,kld_GGM_SG_map_202308D,tola kɒllk jogg paak’et’,5
DAT.PL,4,et’,этҍ,Переведенный корпус,pɒstxet’ koogg l’eev čuuʒes’ b’eda bɨdd jenna vaan’n’c’e i čuuʒe kooppče eft sajja,5
DAT.PL,4,et’,этҍ,Переведенный корпус,keskes’t’ koollset’ kuud’et’ mugga al’a saja a vuul’em’b’eel’l’ lɨgget raajk,5
DAT.PL,4,et’,этҍ,Переведенный корпус,koollset’ vued mɒɒše(t) mazeguejm a evtla oollme koollse vuedde pɨjjev koommset’ el’e_že nuer’j naak’ a pɨjet nɨt’t’ že seerva koommset,5
DAT.PL,4,et’,этҍ,Переведенный корпус,a jeer’es’ oollme kuud’d’jen’ venset’,5
DAT.PL,4,t,т,Переведенный корпус,tes’t’ ufšten geagraafe munn rɒst mɒɒj(n)se parnat pugg čaar bajas kooxxt ad’d’ izmen’iilsa čaarr tejja ɨg’e kooxxt jeel’ešued’d’eš per’a i tag daale,1
DAT.POSS3,2,as,ас,Переведенный корпус,puarrsamuss saarrn v'iil'jas,3
DAT.POSS3,2,as,ас,kld_txt_Kert1961_pro_vorona_tulena_i_dikogo_olena,tes’t kalsenč vuud’e nɨm’m’p ɨj ja kualmant p’eejv’ vaan’n’cel’ nuurmuss n’iijjtas kuessa,3
DAT.POSS3,2,as,ас,kld_txt_Kert1961_pro_vorona_tulena_i_dikogo_olena,kɒn’n’t’ kues’s’ vuul’ke m’aahca c’iil̥’ke koabkas,3
DAT.POSS3,2,as’,ась,Переведенный корпус,tedd paake kohče iǯ’as’ tenn оlmе taalenes'.,2
DAT.POSS3,2,as’,ась,kld_txt_Kert1961_pro_vorona_tulena_i_dikogo_olena,n’iijjt š’iid’e aǯas’ kɒn’tket,2
DAT.SG,9,(e)ja,(э)я,kld_txt_Lehtiranta_2_r’iim’ɲ_i_taale_moajnas,luuš’š’ten s’iijpe(j)t koal’l’t(e)ja,1
DAT.SG,9,a,а,kld_GGM_SG_map_202308D,sonn тоже jɒdd... kɒllk šuurr javvra,100
DAT.SG,9,a,а,kld_SAM_SG_map_20230815,tɨjje bɨdd meenne kualmant sɨjjta,100
DAT.SG,9,a,а,kld_SAM_SG_map_20230815,и vuajj mudda sajja muaj... vuajj,100
DAT.SG,9,a,а,kld_SAM_SG_map_20230815,vuajj pejjde tenn sɨjjta,100
DAT.SG,9,a,а,kld_SAM_SG_map_20230815,kualmant sɨjjta meenne,100
DAT.SG,9,a,а,kld_SAM_SG_map_20230815,vans jɒddaj jog m’iil’l’te javvra,100
DAT.SG,9,a,а,kld_SAM_SG_map_20230815,vaan’n’c’e av’t sɨjdes’t num’p’ sɨjjta,100
DAT.SG,9,a,а,kld_SAM_SG_map_20230815,num’p’ sɨjjta kuu l’ii vaar’es’,100
DAT.SG,9,a,а,kld_SAM_SG_map_20230815,num’p’ sɨjjta,100
DAT.SG,9,a,а,kld_SAM_SG_map_20230815,jaav’r’es’ jes’ jɒdjax sɨjjta,100
DAT.SG,9,a,а,kld_SAM_SG_map_20230815,vaš’š’ sajja,100
DAT.SG,9,a,а,Переведенный корпус,kɨdda veeʒ m’iil’g’n’es’ sunt p’eejjv paššt čuuddem,100
DAT.SG,9,a,а,Переведенный корпус,kɨdda lavleškued’d’ev vežda cizga,100
DAT.SG,9,a,а,Переведенный корпус,kɨdda pueddev ɲuvč čueɲɲe i mudda loond,100
DAT.SG,9,a,а,Переведенный корпус,kɨdda puuʒe taggev čuer’v’et’,100
DAT.SG,9,a,а,Переведенный корпус,kɨdda tɒɒjv bɨvaet veeʒ,100
DAT.SG,9,a,а,Переведенный корпус,i kɨdda asob’ena maajj maanes’ meennev ab’r’ kɨddaab’r’,100
DAT.SG,9,a,а,Переведенный корпус,ab’b’r l’ii gal nuurr abb’r tedd kues’es b’eda čaaʒ’ veeʒ mann kɨdda,100
DAT.SG,9,a,а,Переведенный корпус,kɨdda l’eev raznɨ jeerg,100
DAT.SG,9,a,а,Переведенный корпус,p’eejva l’eev što al’mes’ kopč(e)neddev peevl p’eejjv kues’s’ ejj vuaj meenne ab’b’r’ ab’b’r’ ejj vuaj i veeʒ a vuajj prosta meenne i veeʒ,100
DAT.SG,9,a,а,Переведенный корпус,k’ees’s’a tɒɒijv l’eev b’eda žor p’eejv,100
DAT.SG,9,a,а,Переведенный корпус,muddavuer kuu žor p’eejve l’eev ab’r’ meennev i b’eda redka k’ees’s’a muddavuer tol’ka men(a)s veeʒ,100
DAT.SG,9,a,а,Переведенный корпус,taal’l’va veеʒ bɨvaet keess’em i bɨvaet i čovta keessem nu t’eennet kuuddlag’g’ keǯǯemlag’g’ sajn’tim’eetrav,100
DAT.SG,9,a,а,Переведенный корпус,čeares tenn veeze kon pɨjet čeexxčа ted veeʒ pukk b’eda l’ii roovas i čaares vesenom taal’l’va mennev paje al’m’ al’m’,100
DAT.SG,9,a,а,Переведенный корпус,pɒstxet’ koogg l’eev čuuʒes’ b’eda bɨdd jenna vaan’n’c’e i čuuʒe kooppče eft sajja,100
DAT.SG,9,a,а,Переведенный корпус,k’aavvla pɨjet vel nɒɒket’ a tej(d) nɒɒk’e k’aaǯa kruges’t’ pɨjet p’ees’s’ muur iižes’ suem’p’,100
DAT.SG,9,a,а,Переведенный корпус,suem’p’ k’aaǯ’a kooret naak’ štobe l’aahč štobi vuajehček oojjke k’iid’ i l’aahč š’iiγ’ čuujjke,100
DAT.SG,9,a,а,Переведенный корпус,kues’s’ koollas ja saav’ex’ l’eev lɨhkma olma kuu šɒbašt m’aahca soonn čuejjk s’iineguejm b’eda udlen’n’e,100
DAT.SG,9,a,а,Переведенный корпус,pɨjet nɨt’t’ štobe sɨjj l’iihčen’ seekksem m’eedas tes’t’ vuajj kues’s’ l’eev seekks m’eedas vuajj čuujjke udlen’n’e a kues’s’ pejjne paahka to rueppt seeks ejj jɒdd valas k’irse,100
DAT.SG,9,a,а,Переведенный корпус,soonn s’iirrej jug’g’enalla,100
DAT.SG,9,a,а,Переведенный корпус,s’iijnem vɨjem vɨjem jeeskem vaarra,100
DAT.SG,9,a,а,Переведенный корпус,ja tel’e čuujjglem puudem tenn sajja kas’s’ mɨjj l’iijem kuedda sɒɒn puuʒe ja lɨlmɨ pɒp činnen mɨjje vkuusnɨ p’eerg,100
DAT.SG,9,a,а,Переведенный корпус,puudem mɨjj mɒɒst s’ijjda,100
DAT.SG,9,a,а,Переведенный корпус,v koolas mɨjj sraazaže puuʒet m’iine uj̥deš vaarra,100
DAT.SG,9,a,а,kld_txt_Genetz1891,sonn paarna mene(j) jaavvra jordan jus't'e kukxel'l'e čaaʒ'jelle,100
DAT.SG,9,a,а,kld_txt_Genetz1891,čaz'jelle moaze jaavvra čoaŋe,100
DAT.SG,9,a,а,kld_txt_Genetz1891,olmeɲč tatte moaze vaancel kuaddas’,100
DAT.SG,9,a,а,kld_txt_Genetz1891,mene(j) kuaddas’,100
DAT.SG,9,a,а,kld_txt_Genetz1891,sonn ejj alka pag'g'e(δ) voal'te(j) taale k'aassad'd'e muursoane vuella kuaddas’ vaancel’,100
DAT.SG,9,a,а,kld_txt_Genetz1891,puude(j) kuaddas’ olmeɲč luušte taal laammpas puvvra,100
DAT.SG,9,a,а,kld_txt_Genetz1891,sonn poage voal'te pampel'es voal'te ja vaan'cel'(e) vaarra koze vuejjv kuent,100
DAT.SG,9,a,а,kld_txt_Genetz1891,vaan’c’e vaarra,100
DAT.SG,9,a,а,kld_txt_Genetz1891,voan’n’c’el’ kuaddas’,100
DAT.SG,9,a,а,kld_txt_Genetz1891,meene(j) kuaddas’,100
DAT.SG,9,a,а,kld_txt_Genetz1891,meene kuaddas’,100
DAT.SG,9,a,а,kld_txt_Genetz1891,meennen’ kuadda,100
DAT.SG,9,a,а,kld_txt_Genetz1891,no saam’m’l'aɲč čac’c’k allma,100
DAT.SG,9,a,а,kld_txt_Genetz1891,allma k’iihč,100
DAT.SG,9,a,а,kld_txt_Itkonen1931_6_page254,sɨjj luemmen’ tonn kuadda,100
DAT.SG,9,a,а,kld_txt_KarNC_deers,sɨjj jiil’l’en’ puuʒet’ pɨɲɲen’ i tel’ meenn k’eez’ kɨd kuun’t’x’ev i čeexxča kooppčev,100
DAT.SG,9,a,а,kld_txt_KarNC_deers,puudzet’ paj jeb’b’ pɨɲɲma paj svol’no jiil’em čeexxča kooppčev vooddeddev,100
DAT.SG,9,a,а,kld_txt_KarNC_deers,pooddlev kues's' pastex' ut'olas't il'e k'es's'a pooddlev,100
DAT.SG,9,a,а,kld_txt_KarNC_wedding,vɨg’g’en žen’ex’ žen’ex’ pɨht’en’ n’iijjta,100
DAT.SG,9,a,а,kld_txt_KarNC_wedding_pt2,tel’ vul’g’e janna,100
DAT.SG,9,a,а,kld_txt_KarNC_wedding_pt2,tel’ vul’k’en’ jannas’,100
DAT.SG,9,a,а,kld_txt_KarNC_wedding_pt2,aǯas’ nɨšše,100
DAT.SG,9,a,а,kld_txt_KarNC_wedding_pt2,vot mugga sajja pud’em,100
DAT.SG,9,a,а,kld_txt_Kert1961_jeerrkja_oollmej_bajas,oollme meennen’ tenn n’iijjta aanne štobe sonn lɨgga(h)č nɨd’d’ kooxxt bɨ ruuce jev p’eezče s’iine gɒrre,100
DAT.SG,9,a,а,kld_txt_Kert1961_jeerrkja_oollmej_bajas,a ruuc uže vɨjjten’ jaavvra,100
DAT.SG,9,a,а,kld_txt_Kert1961_jeerrkja_oollmej_bajas,kues’s’ meene koollm p’eejv i šeeŋŋ vɒɒze i pugg oollme ujnsen’ što kaasska jaav’r ɒrr k’eed’k suel,100
DAT.SG,9,a,а,kld_txt_Kert1961_pro_vorona_tulena_i_dikogo_olena,nɨm’m’p’ nuar’r’ja,100
DAT.SG,9,a,а,kld_txt_Kert1961_pro_vorona_tulena_i_dikogo_olena,kualmant kɒn’n’t’a,100
DAT.SG,9,a,а,kld_txt_Kert1961_pro_vorona_tulena_i_dikogo_olena,ja vel’k’e puarsamus n’iijda kuessa,100
DAT.SG,9,a,а,kld_txt_Kert1961_pro_vorona_tulena_i_dikogo_olena,ja vel’k’e puarsamus n’iijda kuessa,100
DAT.SG,9,a,а,kld_txt_Kert1961_pro_vorona_tulena_i_dikogo_olena,ɒres’t ɒres’t ja vaan’n’cel’ kesktamus n’iijjta,100
DAT.SG,9,a,а,kld_txt_Kert1961_pro_vorona_tulena_i_dikogo_olena,tes’t kalsenč vuud’e nɨm’m’p ɨj ja kualmant p’eejv’ vaan’n’cel’ nuurmuss n’iijjtas kuessa,100
DAT.SG,9,a,а,kld_txt_Kert1961_pro_vorona_tulena_i_dikogo_olena,exxte maann kualmant ɨg’g’ nɨmmpa nɨm’m’p’ ɨg’g’,100
DAT.SG,9,a,а,kld_txt_Kert1961_pro_vorona_tulena_i_dikogo_olena,kɒn’n’t’ kues’s’ vuul’ke m’aahca c’iil̥’ke koabkas,100
DAT.SG,9,a,а,kld_txt_Kert1961_pro_vorona_tulena_i_dikogo_olena,ja kɒmmel’ n’iijtes’ š’iidenč sajja,100
DAT.SG,9,a,а,kld_txt_Kert1961_pro_vorona_tulena_i_dikogo_olena,a ɨgga soon muhcguude mov’jas,100
DAT.SG,9,a,а,kld_txt_Kert1961_pro_vorona_tulena_i_dikogo_olena,ja kɒdes’t poššemb’alla kued’,100
DAT.SG,9,a,а,kld_txt_Kert1961_pro_vorona_tulena_i_dikogo_olena,ja vɨjjl’en’ až’es’ kuadda,100
DAT.SG,9,a,а,kld_txt_Lehtiranta_1_r’iim’ɲ_moajnas,r’iimmɲ vuul’ge vaarra karrel ja saarrn,100
DAT.SG,9,a,а,kld_txt_Lehtiranta_1_r’iim’ɲ_moajnas,čalmeɲen d’ii čalmeɲen kuk’k’ena ujjnbed’d’e,100
DAT.SG,9,a,а,kld_txt_Lehtiranta_2_r’iim’ɲ_i_taale_moajnas,pɨje(j) maŋ’ŋ’k’eer’r’sa i vujjel,100
DAT.SG,9,a,а,kld_txt_Lehtiranta_2_r’iim’ɲ_i_taale_moajnas,kuunteč vaarra,100
DAT.SG,9,a,а,kld_txt_Lehtiranta_2_r’iim’ɲ_i_taale_moajnas,puud’d’en sun’n’e ɲuem’m’el i taall i k’eet’t’k kuessa i k’eeǯ’ǯ’ev,100
DAT.SG,9,a,а,kld_txt_Lehtiranta_2_r’iim’ɲ_i_taale_moajnas,ten(n) kuejjke l’ii taalest ja k’eet’kest ja ɲuem’m’lest vuen’ex s’eejjp čte s’eejp kuedd(e)jen jaavvra,100
DAT.SG,9,a,а,kld_txt_Lehtiranta_3_kɒn’t’_moajnas,kɒn’n’t vɨl’ge(j) m’aacca,100
DAT.SG,9,a,а,kld_txt_Lehtiranta_3_kɒn’t’_moajnas,i saarrn aakkas,100
DAT.SG,9,a,а,kld_txt_Lehtiranta_3_kɒn’t’_moajnas,jeel’ pɨj(e) paarnaj kooɲɲčtuul’j vuus’s’temp’aalla kued’(e),100
DAT.SG,9,a,а,kld_txt_Lehtiranta_3_kɒn’t’_moajnas,pɨjax vuus’s’temp’aalla kued’(e),100
DAT.SG,9,a,а,kld_txt_Lehtiranta_3_kɒn’t’_moajnas,aak’k’ pɨje(j) vuus’s’temp’aalla kued’(e) kooɲɲčtuul’j,100
DAT.SG,9,a,а,kld_txt_Lehtiranta_3_kɒn’t’_moajnas,puud’e(j) m’iidmeɲčp’aalla kued’(e),100
DAT.SG,9,a,а,Переведенный корпус,jur’te kaal’l’es’ vaal’l’te nɨzan kuu šendahč go rɒdne jeen’n’ n’iijtaja a vɨjte muddanaalla,100
DAT.SG,9,a,а,Переведенный корпус,ɨšteht’ iiǯant n’iijt sɒɒne eel ja vɨje vaarra i kuud’e soon tɒge an’ muuɲɲg’en’ kallm čal’m mune jeve kičehče soon eel p’eel’j jeve kullehče soone jiin,100
DAT.SG,9,a,а,Переведенный корпус,luuj̥j̥knelle ɨšteht’ n’iijtes’ sɒne eel ja vɨjjel’ lɒttkna puuʒje al’n vaarra,100
DAT.SG,9,a,а,Переведенный корпус,pɨd’d’e sonn n’iijtes’ vaarra ɨšteht’ soon p’eez’ vuella a iiǯ vɨxxta vɨjjel’ mɒɒst štobɨ ejj ujjine n’iijtes’ sɒr’m’,100
DAT.SG,9,a,а,Переведенный корпус,kuuddej n’iijjt vaarra kaal’l’mluvve d’ii eebbas ooxxte ɒre vaar’ kes’kes’,100
DAT.SG,9,a,а,Переведенный корпус,muuɲkaallsa šɒlšuve taate sonn kaal’l’mde n’iijta da čofta n’iijjt l’aajj š’iig ja mooǯe cɒɒge sonn n’iijjta v’iil’l’k’es’ p’eeck štobɨ ejj kelmče,100
DAT.SG,9,a,а,Переведенный корпус,vuulklešuude evdes’ vaan’c’e vaar’ m’iil’l’te n’iijjt el’ge soon moolle štobɨ ejj kuedeče sonn ooxxte vaarra,100
DAT.SG,9,a,а,Переведенный корпус,mudda vuer puud’e muuɲekaallsa ja pɨt’e n’iijjta laaj̥et i šuurr ɨš’s’t’e t’iivvt kɒl’eguejm,100
DAT.SG,9,a,а,Переведенный корпус,cɒɒr al’l’k’ sraaze kooxxt ujnes’ n’iijt šɒbšuve son’n’e i c’iil̥’k’e n’iijjta,100
DAT.SG,9,a,а,Переведенный корпус,n’iijjta paar’r’n’ ponrav’dede i cɒɒr al’l’k’ i kaallsa n’iijjt nɒɒj̥j̥tledden’ i jeel’ešuud’d’en’ š’iiggten’n’e i tenna rajja jeellev i m’iinet’ kuessa kɒhčev,100
DAT.SG,9,a,а,Переведенный корпус,n’iijjta paar’r’n’ ponrav’dede i cɒɒr al’l’k’ i kaallsa n’iijjt nɒɒj̥j̥tledden’ i jeel’ešuud’d’en’ š’iiggten’n’e i tenna rajja jeellev i m’iinet’ kuessa kɒhčev,100
DAT.SG,9,a,а,Переведенный корпус,k’aas’s’et’ sama mooǯes’ ja š’iig puuʒet’ ja vɨge mun n’iijta vaarra ja kuud’e tenn še sajja kooz kuud’d’ex’ iižant n’iijt,100
DAT.SG,9,a,а,Переведенный корпус,k’aas’s’et’ sama mooǯes’ ja š’iig puuʒet’ ja vɨge mun n’iijta vaarra ja kuud’e tenn še sajja kooz kuud’d’ex’ iižant n’iijt,100
DAT.SG,9,a,а,Переведенный корпус,ɨštet' n'iijt saan eel ja vɨjjel' vaarra,100
DAT.SG,9,a,а,Переведенный корпус,akka n'iijjt vaarra tuvvnede poahksenne,100
DAT.SG,9,a,а,Переведенный корпус,go soon jev vaarra jɒɒddxeš kuud'd'e,100
DAT.SG,9,a.,а.,kld_txt_KarNC_wedding_pt2,ja telʼgesden’n’egʼe čilʼmetʼ vɒsʼsʼenʼ ja telʼ jodʼdʼedde evtes’ pɨtʼtʼe sʼeessa.,1
DAT.SG,9,as’,ась,kld_txt_Genetz1891,puude(j) kuaddas’ olmeɲč luušte taal laammpas puvvra,1
DAT.SG,9,e,э,Переведенный корпус,pastex jaad’sellav čiirre,50
DAT.SG,9,e,э,Переведенный корпус,saam saarnev što nim’b’ aavgustes puadd kuevs i čɒɒhpes’ j’eer‘g lɒɒgas k’iin’n’t’e,50
DAT.SG,9,e,э,Переведенный корпус,vuus’ ɲues’s’ jeer’r’k’e puuʒe / čuez b’eda čofta s’iirran i b’eda čofta puuʒe karrev,50
DAT.SG,9,e,э,Переведенный корпус,vuus’ ɲues’s’ jeer’r’k’e cɨzga laavvlev b’eda čuud’d’,50
DAT.SG,9,e,э,Переведенный корпус,puer’es oollme saarrnev što vuus’ ɲues’s’ jeer’r’k’e siin’et’ čofta muehc,50
DAT.SG,9,e,э,Переведенный корпус,k’eev’l’ lɨgget nɨt’t’ štobe soonn čoxta veeʒe ejj vuajče,50
DAT.SG,9,e,э,Переведенный корпус,koollset’ vued mɒɒše(t) mazeguejm a evtla oollme koollse vuedde pɨjjev koommset’ el’e_že nuer’j naak’ a pɨjet nɨt’t’ že seerva koommset,50
DAT.SG,9,e,э,Переведенный корпус,kuddlɒg’g’ kualmante ɨg’es’ janvari maanas’ munn učenekam’i avcand klaases’ vɨjjl’em čiirre puuʒeguejm,50
DAT.SG,9,e,э,Переведенный корпус,vɨjem puuʒet mɨjj vɒɒl’d’em p’eerg m’il’l’d’e maal’c’et p’imat’ tobɨrket saav’ex’et poolxet’ saallvas koompas t’etradet’ fataparaat ɒɒkše i vɨjjl’em čiirre,50
DAT.SG,9,e,э,Переведенный корпус,ɒd’d’em’vuajva tuul’l’ej alavud’d’e l’ii jeena koollm čuud’d’e m’etredde,50
DAT.SG,9,e,э,Переведенный корпус,vɨjem vuus’ lujav’r’urrte,50
DAT.SG,9,e,э,Переведенный корпус,k’iičem pugg čaarre,50
DAT.SG,9,e,э,Переведенный корпус,čaarre k’iičem man’t’e soonn l’ii,50
DAT.SG,9,e,э,Переведенный корпус,čuujgmen’ k’iihčep man’t’e zv’eer l’eev keerrma man’t’esem k’iijje l’eev koonngɒrre l’eev keerrma meenn vuejga,50
DAT.SG,9,e,э,Переведенный корпус,jornev veeʒe k’iištet l’aajj čuujjge k’eeresen ur’d’es saav’ex’et n’ik’ee ejj murda,50
DAT.SG,9,e,э,Переведенный корпус,parna pugg ujjden peer̥’r̥’t’e tuvvnedden mudda ɒɒsseguejm,50
DAT.SG,9,e,э,Переведенный корпус,kast’umčiket v’iil’l’g’es roovašket mooǯes plaat’jat i jeekna kopčenedem iiǯan škoola enternaahte v’ees’s’lušše,50
DAT.SG,9,e,э,kld_txt_Genetz1891,vaal'te ɨšte kɒb(e) raabe(j) kab'b'er' pɨjje(j) kuut' juul'k’es' keske ja raajk pukkej kap’p’r’e,50
DAT.SG,9,e,э,kld_txt_Genetz1891,nu tal'e čaaʒ’jel'l'e puud'e saaml’eɲče c'aal̥l̥ka,50
DAT.SG,9,e,э,kld_txt_Genetz1891,čaaʒ'jelle puude(j) t’iiŋ’ke(j)t i pɨt’e saaml’eɲče kab’b’er' sɨz lɨške(j) kab’b’er' lak’ šante,50
DAT.SG,9,e,э,kld_txt_Genetz1891,tal’ pɨhten’ kolmas ruuv’t kuajv saaml’eɲče,50
DAT.SG,9,e,э,kld_txt_Genetz1891,meennen’ p’iillte,50
DAT.SG,9,e,э,kld_txt_Genetz1891,nu c'aal̥l̥k kaaz’x’es’,50
DAT.SG,9,e,э,kld_txt_Genetz1891,tedd vaallt k’iiddes’,50
DAT.SG,9,e,э,kld_txt_KarNC_deers,soonn vuul’k’e čuuʒje soonn čeed čuuʒes’t’ j’iil’e vooddede,50
DAT.SG,9,e,э,kld_txt_KarNC_deers,kolxoz pel’e ja en’d’e gosudarstve kon’ešno,50
DAT.SG,9,e,э,kld_txt_KarNC_deers,rɨbkop’p’e en’d’e paj vot,50
DAT.SG,9,e,э,kld_txt_KarNC_deers,maŋŋades’t’ daže kolxoz kues’s’ kolxos’s’e ɨštem jeenne ɨg’g’e meene,50
DAT.SG,9,e,э,kld_txt_KarNC_wedding,munn gu vaalta iǯan m’iil’l’e,50
DAT.SG,9,e,э,kld_txt_KarNC_wedding_pt2,čaapxe rɨpʼpʼexʼ koorʼrʼenʼ,50
DAT.SG,9,e,э,kld_txt_KarNC_wedding_pt2,tel’ žen’ix’ mɒst ujted peer̥’r̥’te,50
DAT.SG,9,e,э,kld_txt_Kert1961_jeerrkja_oollmej_bajas,kɒmpa luša/lɨšše soon vaaltahč kuujje,50
DAT.SG,9,e,э,kld_txt_Kert1961_jeerrkja_oollmej_bajas,jesl’e kɒmpaɲe paar’r’n vaallt mun kuujje tanna munn lɨgga nɨd’d’ što ruuc m’iinet’ jev kɒn’t,50
DAT.SG,9,e,э,kld_txt_Kert1961_jeerrkja_oollmej_bajas,kuhk’evudde suel gul’ii n’eel’l’jlɒg’g’ oollme,50
DAT.SG,9,e,э,kld_txt_Kert1961_pro_vorona_tulena_i_dikogo_olena,vɒl’te keessktamuss n’iijd kuujje,50
DAT.SG,9,e,э,kld_txt_Kert1961_pro_vorona_tulena_i_dikogo_olena,tel’ koollm n’ijd pugg vɨjjten’ kuujje,50
DAT.SG,9,e,э,kld_txt_Kert1961_pro_vorona_tulena_i_dikogo_olena,exxt kaar’nse,50
DAT.SG,9,e,э,kld_txt_Kert1961_pro_vorona_tulena_i_dikogo_olena,exxte maann kualmant ɨg’g’ nɨmmpa nɨm’m’p’ ɨg’g’,50
DAT.SG,9,e,э,kld_txt_Kert1961_pro_vorona_tulena_i_dikogo_olena,n’iijjt iince kɒссej,50
DAT.SG,9,e,э,kld_txt_Kert1961_pro_vorona_tulena_i_dikogo_olena,pɨje k’eer’s’e,50
DAT.SG,9,e,э,kld_txt_Lehtiranta_1_r’iim’ɲ_moajnas,r’iimmɲ por’de eele muure(j)d i saarrn,50
DAT.SG,9,e,э,kld_txt_Lehtiranta_2_r’iim’ɲ_i_taale_moajnas,pɨje(j) vujjem k’eer’r’es l’eek’k’e,50
DAT.SG,9,e,э,kld_txt_Lehtiranta_2_r’iim’ɲ_i_taale_moajnas,i čuš’š’ pes’te(j) muur’r’e,50
DAT.SG,9,e,э,kld_txt_Lehtiranta_3_kɒn’t’_moajnas,vuag(e) c’aal̥l̥k alkɲam t’iirrvse,50
DAT.SG,9,e,э,Переведенный корпус,a pɨht’e peer̥r̥te jeer’es nɨzan sonn peele uššte vuajj pɒbbxe nɨzan kuu ejj vuaɲč vuajxe rɒdne jeen’ soon n’iijtaja,50
DAT.SG,9,e,э,Переведенный корпус,i nɨd’d’ sɨjj jiil’l’en’ jeen’n’b’eel’l’ n’iijten’es’ eft vued’d’en’ ja poorren’ ja ɒrren’ paje k’iide rɨs's't'e ja pɒɒknedden’,50
DAT.SG,9,e,э,Переведенный корпус,ɲues’s’ nɨzan per̥tes’ b’eda p’iirrse,50
DAT.SG,9,e,э,Переведенный корпус,tonn l’aax mɨn’n’e čofta m’iil’l’e vɨjd mɨn’n’e kuujje,50
DAT.SG,9,e,э,Переведенный корпус,tonn l’aax mɨn’n’e čofta m’iil’l’e vɨjd mɨn’n’e kuujje,50
DAT.SG,9,e,э,Переведенный корпус,a go kujje vuul'l'kkud'e,50
DAT.SG,9,e(ẟ),э(),kld_txt_Lehtiranta_2_r’iim’ɲ_i_taale_moajnas,kaallseɲǯ revvej vesst muurre(ẟ),1
DAT.SG,9,et’,этҍ,Переведенный корпус,koollset’ bɨdd vel suum’p’et’,1
DAT.SG,9,ja,я,kld_txt_Lehtiranta_2_r’iim’ɲ_i_taale_moajnas,s’eejjp kueddej koal’l’t(e)ja,4
DAT.SG,9,ja,я,Переведенный корпус,a pɨht’e peer̥r̥te jeer’es nɨzan sonn peele uššte vuajj pɒbbxe nɨzan kuu ejj vuaɲč vuajxe rɒdne jeen’ soon n’iijtaja,4
DAT.SG,9,ja,я,Переведенный корпус,no n’iijtaja bɨdde l’aajj jeena sonn l’aajj v’aal uc’c’ bɨdde l’aajj soon m’iil’l’te ujjne,4
DAT.SG,9,ja,я,Переведенный корпус,jur’te kaal’l’es’ vaal’l’te nɨzan kuu šendahč go rɒdne jeen’n’ n’iijtaja a vɨjte muddanaalla,4
DAT.SG,9,а,а,Переведенный корпус,čeexxčа tɒɒjv b’eda poddal tavval,4
DAT.SG,9,а,а,Переведенный корпус,čeexxčа b’eda tɒɒjv m’eennev al’m’,4
DAT.SG,9,а,а,Переведенный корпус,vuul'kep lаnnа t’iin'ket’ soagne,4
DAT.SG,9,а,а,Переведенный корпус,puud'd'en’ lаnnа,4
DAT.SG.,1,a,а,,,1
DAT.SG?,1,e,э,,,1
DEC.PST.3SG,1,ej,эй,,,1
DECAUS,1,j,й,,,3
DECAUS.NPST.3SG,1,aj,ай,,,3
DECAUS.PST.3SG,1,ej,эй,,,1
DIM,6,a,а,Переведенный корпус,k’iičem man’t’e l’eev uʒ’xa muure,10
DIM,6,a,а,Переведенный корпус,no p’ervɨ vs’evo p’ees’s’ muure p’ees’s’ muure tag b’eda uʒ’xa,10
DIM,6,a,а,kld_txt_Genetz1891,tal’ ɨd’d’en’ t’eeɲ’k k’eedka vuul’l’n,10
DIM,6,a,а,kld_txt_Genetz1891,vaan'cel'(e) v’iil’k’es’ k’eedka kuajjve(δ),10
DIM,6,a,а,Переведенный корпус,aggas't' liijen’ kuuht vaajjveš al'k',10
DIM,6,a,а,kld_txt_Kert1961_jeerrkja_oollmej_bajas,kuul’l’j’aav’r’ rɨntes’t’ jiil’l’en’ jeerrkja oollme,10
DIM,6,a,а,kld_txt_Kert1961_pro_vorona_tulena_i_dikogo_olena,vɒl’te kaallsas’t puarsamuss n’iijd,10
DIM,6,a,а,Переведенный корпус,a pɨht’e peer̥r̥te jeer’es nɨzan sonn peele uššte vuajj pɒbbxe nɨzan kuu ejj vuaɲč vuajxe rɒdne jeen’ soon n’iijtaja,10
DIM,6,a,а,Переведенный корпус,no n’iijtaja bɨdde l’aajj jeena sonn l’aajj v’aal uc’c’ bɨdde l’aajj soon m’iil’l’te ujjne,10
DIM,6,a,а,Переведенный корпус,jur’te kaal’l’es’ vaal’l’te nɨzan kuu šendahč go rɒdne jeen’n’ n’iijtaja a vɨjte muddanaalla,10
DIM,6,anč,анч,Переведенный корпус,jeerka olmanč vaan’n’c joaddsel’ meer’r’e,2
DIM,6,anč,анч,Переведенный корпус,tel’(?) olmanč puadd son’n’e vuessta vaan’n’c,2
DIM,6,en’č,энҍч,Переведенный корпус,k’iilten’č parnaj veerr pajjan,1
DIM,6,eɲ,эн,kld_txt_Lehtiranta_1_r’iim’ɲ_moajnas,juelγeɲen d’i(i) juelγeɲen men(n) vexxteɲɲe vu(e)jjbed’d’e kar’r’e(ẟ),8
DIM,6,eɲ,эн,kld_txt_Lehtiranta_1_r’iim’ɲ_moajnas,juelγeɲen d’i(i) juelγeɲen men(n) vexxteɲɲe vu(e)jjbed’d’e kar’r’e(ẟ),8
DIM,6,eɲ,эн,kld_txt_Lehtiranta_1_r’iim’ɲ_moajnas,čalmeɲen d’ii čalmeɲen kuk’k’ena ujjnbed’d’e,8
DIM,6,eɲ,эн,kld_txt_Lehtiranta_1_r’iim’ɲ_moajnas,čalmeɲen d’ii čalmeɲen kuk’k’ena ujjnbed’d’e,8
DIM,6,eɲ,эн,kld_txt_Lehtiranta_1_r’iim’ɲ_moajnas,p’aal’l’jeɲen d’ii p’aal’l’jeɲen kuk’k’en kullbed’d’e,8
DIM,6,eɲ,эн,kld_txt_Lehtiranta_1_r’iim’ɲ_moajnas,p’aal’l’jeɲen d’ii p’aal’l’jeɲen kuk’k’en kullbed’d’e,8
DIM,6,eɲ,эн,kld_txt_Lehtiranta_1_r’iim’ɲ_moajnas,s’eejjbeɲam d’ii s’eejjbeɲam koox’x’t tun(n) vuelgax,8
DIM,6,eɲ,эн,kld_txt_Lehtiranta_1_r’iim’ɲ_moajnas,s’eejjbeɲam d’ii s’eejjbeɲam koox’x’t tun(n) vuelgax,8
DIM,6,l’eɲč,ленч,kld_txt_Genetz1891,nu tal'e čaaʒ’jel'l'e puud'e saaml’eɲče c'aal̥l̥ka,3
DIM,6,l’eɲč,ленч,kld_txt_Genetz1891,čaaʒ'jelle puude(j) t’iiŋ’ke(j)t i pɨt’e saaml’eɲče kab’b’er' sɨz lɨške(j) kab’b’er' lak’ šante,3
DIM,6,l’eɲč,ленч,kld_txt_Genetz1891,tal’ pɨhten’ kolmas ruuv’t kuajv saaml’eɲče,3
DIM,6,ɲ,н,kld_txt_Lehtiranta_3_kɒn’t’_moajnas,paarnɲam paarnɲam kooz tun(n) vɨl’l’gex,4
DIM,6,ɲ,н,kld_txt_Lehtiranta_3_kɒn’t’_moajnas,paarnɲam paarnɲam kooz tun(n) vɨl’l’gex,4
DIM,6,ɲ,н,kld_txt_Lehtiranta_3_kɒn’t’_moajnas,jeel’ c’aal̥l̥k alkɲam meen(e) až’ant m’iil’l’te,4
DIM,6,ɲ,н,kld_txt_Lehtiranta_3_kɒn’t’_moajnas,vuag(e) c’aal̥l̥k alkɲam t’iirrvse,4
DIM.?,1,a,а,,,1
DIM.ACC(?),1,a,а,,,1
DIM.ACC.SG,1,a,а,,,11
DIM.DAT.POSS3,1,as,ас,,,1
DIM.GEN.PL,2,a,а,kld_txt_Kert1961_jeerrkja_oollmej_bajas,oollme eel’l’ken’ saarrne parnaguejm štobe kɒmpaɲe paar’r’n soon al’n nɒɒj̥j̥tlede(h)č,1
DIM.GEN.PL,2,aj,ай,kld_txt_Lehtiranta_3_kɒn’t’_moajnas,jeel’ pɨj(e) paarnaj kooɲɲčtuul’j vuus’s’temp’aalla kued’(e),1
DIM.GEN.SG,2,a,а,kld_GGM_SG_map_202308D,tɒge uc’c’ javra lun’n’ l’ii sɨjjt,12
DIM.GEN.SG,2,a,а,kld_GGM_SG_map_202308D,jev l’eev v(‘)aal jevla šuurr ja(a)v(v)ra v’aal l’ii,12
DIM.GEN.SG,2,a,а,Переведенный корпус,koollset’ vued mɒɒše(t) mazeguejm a evtla oollme koollse vuedde pɨjjev koommset’ el’e_že nuer’j naak’ a pɨjet nɨt’t’ že seerva koommset,12
DIM.GEN.SG,2,a,а,kld_txt_Genetz1891,aajjas’ jaala ooʒ,12
DIM.GEN.SG,2,a,а,kld_txt_Genetz1891,aajjan jaal ooʒmen’ paal̥’l̥’k’tuvv mɨn’n’e kaazxen’,12
DIM.GEN.SG,2,a,а,kld_txt_Kert1961_pro_vorona_tulena_i_dikogo_olena,kued al’n’ kuuxxt kaar’nes’ al’ka kiersellev ja luuvvtjev,12
DIM.GEN.SG,2,a,а,kld_txt_Kert1961_pro_vorona_tulena_i_dikogo_olena,al’tla puud’e ujjn kuuht nuer’j al’ka kuedes’t valas k’irsellev ja xur’g’sev,12
DIM.GEN.SG,2,a,а,Переведенный корпус,n’iijta bajas i muuɲ bajas,12
DIM.GEN.SG,2,a,а,Переведенный корпус,n’iijjt l’aajj tenn vuer caagga muuɲkaallsa laaj̥et’ v’iil’l’k’es’ p’eeck v’iil’l’k’es’ mooǯes’ p’imat’,12
DIM.GEN.SG,2,a,а,Переведенный корпус,n’iijjta paar’r’n’ ponrav’dede i cɒɒr al’l’k’ i kaallsa n’iijjt nɒɒj̥j̥tledden’ i jeel’ešuud’d’en’ š’iiggten’n’e i tenna rajja jeellev i m’iinet’ kuessa kɒhčev,12
DIM.GEN.SG,2,a,а,Переведенный корпус,jeen’n’b’eel’l’ sraaze šummguud’e kaallsa ell,12
DIM.GEN.SG,2,a,а,Переведенный корпус,sonn nɨdd žal'ej ujjne n'iijjtes' kaallsa n'iijt sajes' vapteg ja cɒɒr al'k ahk'en' što lunten' ižes' pɒɒssvudes',12
DIM.GEN.SG,2,e,э,kld_txt_Itkonen1931_6_page254,vɨge kaallas kued’e gur’r’e,2
DIM.GEN.SG,2,e,э,kld_txt_Itkonen1931_6_page254,a kaallas paar’n’en’es’ put’t’ej kued’e gur’r’e,2
DIM.LOC.SG,2,as’t,асьт,kld_txt_Itkonen1931_6_page254,saada aggas’t iinn kaaddal,1
DIM.LOC.SG,2,es’t’,эсьт,kld_txt_Itkonen1931_6_page254,aakeɲč toommpen kued’es’t’ kɨkka,1
DIM.NOM.PL,1,a,а,,,10
DIM.NOM.PL.,1,enč,энч,,,1
DIM.NOM.SG,13,a,а,kld_GGM_SG_map_202308D,tam’b’e l’ii uc’c’ jaavra,25
DIM.NOM.SG,13,a,а,kld_GGM_SG_map_202308D,tam’b’eel’l’ al’l’ak šuurr jaavra,25
DIM.NOM.SG,13,a,а,kld_txt_Genetz1891,sonn paarna mene(j) jaavvra jordan jus't'e kukxel'l'e čaaʒ'jelle,25
DIM.NOM.SG,13,a,а,kld_txt_Genetz1891,iinc'ejk koc'c'ejen kaallaseɲč ja aaka,25
DIM.NOM.SG,13,a,а,kld_txt_KarNC_deers,munndet(t) vaanas pɨɲɲe a pɨɲe el’j v’iil’ja,25
DIM.NOM.SG,13,a,а,kld_txt_Kert1961_pro_vorona_tulena_i_dikogo_olena,kroŋk kroŋk kroŋk ajja puadd,25
DIM.NOM.SG,13,a,а,kld_txt_Kert1961_pro_vorona_tulena_i_dikogo_olena,kroŋk kroŋk kroŋk ajja puadd,25
DIM.NOM.SG,13,a,а,kld_txt_Kert1961_pro_vorona_tulena_i_dikogo_olena,kroŋk kroŋk kroŋk ajja puadd,25
DIM.NOM.SG,13,a,а,kld_txt_Kert1961_pro_vorona_tulena_i_dikogo_olena,hur’gg hur’gg hur’gg ajja puadd hur’gg hur’gg hur’gg ajja puadd,25
DIM.NOM.SG,13,a,а,kld_txt_Kert1961_pro_vorona_tulena_i_dikogo_olena,xoŋker xoŋker aajja puadd,25
DIM.NOM.SG,13,a,а,kld_txt_Lehtiranta_3_kɒn’t’_moajnas,tunn j'aanna j'aalččex t’iirven,25
DIM.NOM.SG,13,a,а,Переведенный корпус,a l’aajj n’iijta v’aal uc’c’ i ejj šɨl̥kxa n’imeenn lɨhke,25
DIM.NOM.SG,13,a,а,Переведенный корпус,no n’iijtaja bɨdde l’aajj jeena sonn l’aajj v’aal uc’c’ bɨdde l’aajj soon m’iil’l’te ujjne,25
DIM.NOM.SG,13,a,а,Переведенный корпус,tenn nɨznes’ l’aajj iiǯes’ n’iijta,25
DIM.NOM.SG,13,a,а,Переведенный корпус,tedd l’aajj muuɲkaallsa muuɲkaallsa t’iirvxede n’iijten’ sonn vuessta,25
DIM.NOM.SG,13,a,а,Переведенный корпус,tedd l’aajj muuɲkaallsa muuɲkaallsa t’iirvxede n’iijten’ sonn vuessta,25
DIM.NOM.SG,13,a,а,Переведенный корпус,t’iirrv t’iirrv muuɲkaallsa,25
DIM.NOM.SG,13,a,а,Переведенный корпус,muuɲkaallsa šɒlšuve taate sonn kaal’l’mde n’iijta da čofta n’iijjt l’aajj š’iig ja mooǯe cɒɒge sonn n’iijjta v’iil’l’k’es’ p’eeck štobɨ ejj kelmče,25
DIM.NOM.SG,13,a,а,Переведенный корпус,muuɲkaallsa son’n’e c’eel̥’k’e što v’aal puadd,25
DIM.NOM.SG,13,a,а,Переведенный корпус,kaallsa nɨd'd' i lɨgge,25
DIM.NOM.SG,13,a,а,Переведенный корпус,ejj pued vaje muuɲkaallsa lɒɒj̥eguejm il’i cɒɒr al'l'k soon gɒrra,25
DIM.NOM.SG,13,a,а,Переведенный корпус,kues’s’ muuɲkaallsa puud'e sonn el'ge šumme soon eel,25
DIM.NOM.SG,13,a,а,Переведенный корпус,muuɲkaallsa s'eenntel' soon eel,25
DIM.NOM.SG,13,a,а,Переведенный корпус,a aka tenn vr'em'a vuerred,25
DIM.NOM.SG,13,a,а,Переведенный корпус,pɒɒss aaka v'iižes' vuessta,25
DIM.NOM.SG,13,aj,ай,kld_txt_KarNC_deers,nɨm’m’p’ v’iil’l’aj l’aajj sɨmman je’gem’ al’l’k,1
DIM.NOM.SG,13,e,э,kld_txt_Genetz1891,с'eel̥’l̥'k’en' mann mɨjje ejj šaan't’ al'ke,2
DIM.NOM.SG,13,e,э,kld_txt_Genetz1891,sɨjje šan't'e al'ke lahk’eolma lahk’etaall,2
DIM.NOM.SG,13,enč,энч,kld_SAM_SG_map_20230815,jaavrenč,9
DIM.NOM.SG,13,enč,энч,kld_txt_Kert1961_pro_vorona_tulena_i_dikogo_olena,tel’ kaallsenč jiil’e,9
DIM.NOM.SG,13,enč,энч,kld_txt_Kert1961_pro_vorona_tulena_i_dikogo_olena,kaallsenč suaŋe kuadda,9
DIM.NOM.SG,13,enč,энч,kld_txt_Kert1961_pro_vorona_tulena_i_dikogo_olena,kaallsenč ejj t’iid’ mene i poorre,9
DIM.NOM.SG,13,enč,энч,kld_txt_Kert1961_pro_vorona_tulena_i_dikogo_olena,kaallsenč puud’e,9
DIM.NOM.SG,13,enč,энч,kld_txt_Kert1961_pro_vorona_tulena_i_dikogo_olena,tes’t kalsenč vuud’e nɨm’m’p ɨj ja kualmant p’eejv’ vaan’n’cel’ nuurmuss n’iijjtas kuessa,9
DIM.NOM.SG,13,enč,энч,kld_txt_Kert1961_pro_vorona_tulena_i_dikogo_olena,kaallsenč puud’e,9
DIM.NOM.SG,13,enč,энч,kld_txt_Kert1961_pro_vorona_tulena_i_dikogo_olena,kalsenč poore juge poore juge,9
DIM.NOM.SG,13,enč,энч,kld_txt_Kert1961_pro_vorona_tulena_i_dikogo_olena,tam’p’e eellm olmenč t’inet’ šɨll,9
DIM.NOM.SG,13,en’č,энҍч,Переведенный корпус,tol’k’e eexxt pɨssp’jeken’č,1
DIM.NOM.SG,13,eɲč,энч,kld_txt_Genetz1891,olmeɲč tatte moaze vaancel kuaddas’,8
DIM.NOM.SG,13,eɲč,энч,kld_txt_Genetz1891,puude(j) kuaddas’ olmeɲč luušte taal laammpas puvvra,8
DIM.NOM.SG,13,eɲč,энч,kld_txt_Genetz1891,iinc'ejk koc'c'ejen kaallaseɲč ja aaka,8
DIM.NOM.SG,13,eɲč,энч,kld_txt_Genetz1891,taal’(e) olmeɲč ɒrr,8
DIM.NOM.SG,13,eɲč,энч,kld_txt_Itkonen1931_6_page254,aakeɲč toommpen kued’es’t’ kɨkka,8
DIM.NOM.SG,13,eɲč,энч,kld_txt_Lehtiranta_3_kɒn’t’_moajnas,s’iinen šende(j) paaršeɲč,8
DIM.NOM.SG,13,eɲč,энч,kld_txt_Lehtiranta_3_kɒn’t’_moajnas,kɒn't ɲiic'c'kseɲč poollten,8
DIM.NOM.SG,13,eɲč,энч,kld_txt_Lehtiranta_3_kɒn’t’_moajnas,i kɒn't cueɲɲčmeɲč oš’eestken,8
DIM.NOM.SG,13,eɲǯ,эндж,kld_txt_Lehtiranta_2_r’iim’ɲ_i_taale_moajnas,kaallseɲǯ revvej vesst muurre(ẟ),3
DIM.NOM.SG,13,eɲǯ,эндж,kld_txt_Lehtiranta_2_r’iim’ɲ_i_taale_moajnas,kaallseɲǯ kuud’e(j) l’eeššeẟ,3
DIM.NOM.SG,13,eɲǯ,эндж,kld_txt_Lehtiranta_2_r’iim’ɲ_i_taale_moajnas,t’eelle eellmolmeɲǯ puadd,3
DIM.NOM.SG,13,l'a,ля,kld_txt_Genetz1891,sonn saaml'a paar’r’n’ ɵvvtel’ mene tun g'ačča jaavr,2
DIM.NOM.SG,13,l'a,ля,kld_txt_Genetz1891,saaml'a c'aal̥l̥ka pɨhtek t'iiŋ’k'i(j)t',2
DIM.NOM.SG,13,l'anč,лянч,kld_txt_Genetz1891,tat’t’e v'aala vul'ke t’iiŋ’k’e gorra saaml'anč ɒrr t’iiŋ’ke(j)t’ vuerrt,2
DIM.NOM.SG,13,l'anč,лянч,kld_txt_Genetz1891,sonn jurrt saaml'anč,2
DIM.NOM.SG,13,l'aɲč,лянч,kld_txt_Genetz1891,no saam’m’l'aɲč čac’c’k allma,1
DIM.NOM.SG,13,l’a,ля,kld_txt_Genetz1891,saam’l’a c'aal̥l̥k,1
DIM.NOM.SG,13,uj,уй,kld_txt_Genetz1891,olmuj c'aal̥l̥ka što m'ii l'aak tonn v’iɨggolmejt egg vuajje mune kab’b’er' t’iivvte(d),1
DIM.NOM.SG,13,еnč,нч,kld_txt_Kert1961_pro_vorona_tulena_i_dikogo_olena,kallsеnč l’ii puadda,1
DIM.NOM.SG.POSS2,1,at,ат,,,1
DIM.POSS.3SG,1,es’,эсь,,,1
DIM.SG.NOM,2,en’ǯ,эндҍҍж,kld_txt_Lehtiranta_1_r’iim’ɲ_moajnas,man’de l’ii mooǯ’ǯ’es’ lɒn(‘)den’ǯ kɨr’r’js’aal(‘)geɲǯ,1
DIM.SG.NOM,2,eɲǯ,эндж,kld_txt_Lehtiranta_1_r’iim’ɲ_moajnas,r’iimmɲ saarrn čte saap’p[d]’l’iŋ’geɲǯ l’ii ɲues’s’,5
DIM.SG.NOM,2,eɲǯ,эндж,kld_txt_Lehtiranta_1_r’iim’ɲ_moajnas,vuer’r’veɲǯ l’ii ɲues’s’,5
DIM.SG.NOM,2,eɲǯ,эндж,kld_txt_Lehtiranta_1_r’iim’ɲ_moajnas,r’iimmɲ saarrn čte ɲuem’m’l(‘)eɲǯ l’ii ɲues’s’,5
DIM.SG.NOM,2,eɲǯ,эндж,kld_txt_Lehtiranta_1_r’iim’ɲ_moajnas,muurest l’ii mooǯ’ǯ’es’ lɒn(‘)deɲǯ,5
DIM.SG.NOM,2,eɲǯ,эндж,kld_txt_Lehtiranta_1_r’iim’ɲ_moajnas,man’de l’ii mooǯ’ǯ’es’ lɒn(‘)den’ǯ kɨr’r’js’aal(‘)geɲǯ,5
E,1,e,э,,,1
EMPH,9,das,дас,kld_txt_KarNC_wedding_pt2,a munngul šen’te dak šen’tedas mustgul puvle al’n nugge dak mus(t)gul pugnen’dekke,1
EMPH,9,denneg’e,дэннэге,kld_txt_KarNC_wedding,tel’ puud’d’en ɒšte ja meenn menennemdenneg’e,1
EMPH,9,den’n’eges,дэннегэс,kld_txt_KarNC_wedding_pt2,tel’ lɨhcen’den’n’eges,1
EMPH,9,den’n’egʼe,дэннегэ,kld_txt_KarNC_wedding_pt2,ja telʼgesden’n’egʼe čilʼmetʼ vɒsʼsʼenʼ ja telʼ jodʼdʼedde evtes’ pɨtʼtʼe sʼeessa.,1
EMPH,9,den’n’eg’e,дэннеге,kld_txt_KarNC_wedding_pt2,tel’ puud’d’en’ soonnden’n’eg’e žen’ex’gɒn’c’ puud’d’en,1
EMPH,9,den’n’eg’g’e,дэннегке,kld_txt_KarNC_wedding_pt2,tel’ l’iijjen’ l’iijjen’ puggden’n’eg’g’e en’n’t’en’.”,1
EMPH,9,ges,гэс,kld_txt_KarNC_deers,a iižmen’ maŋŋades’t’ges k’aahpneškuud’e,4
EMPH,9,ges,гэс,kld_txt_KarNC_wedding_pt2,avvta tezges nɨšʼšʼe vɒɒllenʼ čoonnte lɨhcenʼ,4
EMPH,9,ges,гэс,kld_txt_KarNC_wedding_pt2,ja telʼgesden’n’egʼe čilʼmetʼ vɒsʼsʼenʼ ja telʼ jodʼdʼedde evtes’ pɨtʼtʼe sʼeessa.,4
EMPH,9,ges,гэс,kld_txt_KarNC_wedding_pt2,tel’ vɨggev aǯages,4
EMPH,9,gu,гу,kld_txt_KarNC_deers,kolxoz kues’s’gu šende tes’t’ meenn? meenem šendem kolxoz’n’ik,1
EMPH,9,gul,гул,Переведенный корпус,sonn c’eel̥’l̥’k’ joaddslagul meer’r’e,2
EMPH,9,gul,гул,Переведенный корпус,sonn c’eel̥’l̥’k’ munngul vaalta,2
ESS,3,en,эн,kld_txt_Kert1961_pro_vorona_tulena_i_dikogo_olena,a m’ii l’ii karnses’t porrmuššen kuem čoajva ja jɒrk kɒmme vuajva,4
ESS,3,en,эн,kld_txt_Lehtiranta_3_kɒn’t’_moajnas,aag’est l’aaj kɒn’n’t kaallsen,4
ESS,3,en,эн,kld_txt_Lehtiranta_3_kɒn’t’_moajnas,kɒn't ɲiic'c'kseɲč poollten,4
ESS,3,en,эн,kld_txt_Lehtiranta_3_kɒn’t’_moajnas,i kɒn't cueɲɲčmeɲč oš’eestken,4
ESS,3,en',энҍ,kld_txt_Kert1961_nuemmel_piras,puarsamuss al'l'k ujte l’eejp paštjen' vuepsuvve,2
ESS,3,en',энҍ,Переведенный корпус,sonn nɨdd žal'ej ujjne n'iijjtes' kaallsa n'iijt sajes' vapteg ja cɒɒr al'k ahk'en' što lunten' ižes' pɒɒssvudes',2
ESS,3,en’,энҍ,Переведенный корпус,vaar’ l’ee∅ tuvvnadma taal’l’v n’iijjden’,6
ESS,3,en’,энҍ,kld_txt_Genetz1891,aajjan jaal ooʒmen’ paal̥’l̥’k’tuvv mɨn’n’e kaazxen’,6
ESS,3,en’,энҍ,Переведенный корпус,ext s'err nɨm'm'p' tɨvnede taallen’ ja el'k'e pl'ass'je.,6
ESS,3,en’,энҍ,kld_txt_Kert1961_nuemmel_piras,kal'l'es' iǯ lɨkke kul'xes' lafkes' migjen’,6
ESS,3,en’,энҍ,kld_txt_Kert1961_pro_vorona_tulena_i_dikogo_olena,n’iicckas l’iijen’ tueres’ muurren’,6
ESS,3,en’,энҍ,kld_txt_Kert1961_pro_vorona_tulena_i_dikogo_olena,kued’ muurren’ l’iijen’ jeer̥’r̥’tb’el’l’taaf’t,6
ESS[G],1,en,эн,,,1
GEN,1,e,э,,,14
GEN.PL,5,a,а,Переведенный корпус,ɨštem sɒɒneel kut’i kolma oollme,1
GEN.PL,5,e,э,kld_GGM_SG_map_202308D,tɒge paak’e eel,45
GEN.PL,5,e,э,Переведенный корпус,kuul’e šɨl’et raaznɨ nalla,45
GEN.PL,5,e,э,Переведенный корпус,vele šɨl’et kuul’e nuut’en’,45
GEN.PL,5,e,э,Переведенный корпус,nuuht’ l’ii kug’g’es’ vuud’en m’etrav koollm ɲeel’l’j čuud’e,45
GEN.PL,5,e,э,Переведенный корпус,tel’e eeltnet nɨm’m’pe red’d’en’ rɨnnte i nuut’ k’eez’et k’iid’eguejm ele že eexxt olme veensen nuur’e vokgoarre nuehta a kut’es’ kut’ kuuxxt oollme kut’ p’iirаs nuut’ čoovvgev,45
GEN.PL,5,e,э,Переведенный корпус,tel’e eeltnet nɨm’m’pe red’d’en’ rɨnnte i nuut’ k’eez’et k’iid’eguejm ele že eexxt olme veensen nuur’e vokgoarre nuehta a kut’es’ kut’ kuuxxt oollme kut’ p’iirаs nuut’ čoovvgev,45
GEN.PL,5,e,э,Переведенный корпус,poov k’ež’ av’det i valat kul’e veennse,45
GEN.PL,5,e,э,Переведенный корпус,kuul’e kromje tavo što kɨptet suenneel paš’tet tagnazɨvamɨ tuaarax el’e pɒɒštkul’l’,45
GEN.PL,5,e,э,Переведенный корпус,i nɨd’d’ pradalžaetsa kaaždɨ eeg’en’ raaznɨ p’iirras raaznɨ sajen šel’l’ev kuul’e,45
GEN.PL,5,e,э,Переведенный корпус,i kuu ɒnadd koollse vuejke,45
GEN.PL,5,e,э,Переведенный корпус,k’aavvla pɨjet vel nɒɒket’ a tej(d) nɒɒk’e k’aaǯa kruges’t’ pɨjet p’ees’s’ muur iižes’ suem’p’,45
GEN.PL,5,e,э,Переведенный корпус,koollset’ vued mɒɒše(t) mazeguejm a evtla oollme koollse vuedde pɨjjev koommset’ el’e_že nuer’j naak’ a pɨjet nɨt’t’ že seerva koommset,45
GEN.PL,5,e,э,Переведенный корпус,koollset’ vued mɒɒše(t) mazeguejm a evtla oollme koollse vuedde pɨjjev koommset’ el’e_že nuer’j naak’ a pɨjet nɨt’t’ že seerva koommset,45
GEN.PL,5,e,э,Переведенный корпус,kuddlɒg’g’ kualmante ɨg’es’ janvari maanas’ munn učenekam’i avcand klaases’ vɨjjl’em čiirre puuʒeguejm,45
GEN.PL,5,e,э,Переведенный корпус,vɨjem mɨjj rast laan’d’ lɒɒn’d’e m’iil’l’d’e čuujav’r’ čel’čedvɒɒr’e a al’m’es l’aajj b’eda mooǯes vɒɒvkez,45
GEN.PL,5,e,э,Переведенный корпус,vɨjem mɨjj rast laan’d’ lɒɒn’d’e m’iil’l’d’e čuujav’r’ čel’čedvɒɒr’e a al’m’es l’aajj b’eda mooǯes vɒɒvkez,45
GEN.PL,5,e,э,Переведенный корпус,pugg maal’c’eguejm eel vel kolek’eegg cɒɒg’g’en saav’ex’et doobrat ja vuud’d’en b’eda š’iiggten’n’e,45
GEN.PL,5,e,э,Переведенный корпус,a mɨjj čuujjglem saav’ex’eguejm,45
GEN.PL,5,e,э,Переведенный корпус,čuujgem saav’ex’eguejm meenem peejnem m’iilgnes ur’d’eel,45
GEN.PL,5,e,э,Переведенный корпус,ɨštem laavleguejm vɨjjl’em mɒɒst,45
GEN.PL,5,e,э,Переведенный корпус,parna pugg ujjden peer̥’r̥’t’e tuvvnedden mudda ɒɒsseguejm,45
GEN.PL,5,e,э,kld_txt_Genetz1891,tat’t’e v'aala vul'ke t’iiŋ’k’e gorra saaml'anč ɒrr t’iiŋ’ke(j)t’ vuerrt,45
GEN.PL,5,e,э,kld_txt_Genetz1891,sonn ejj alka pag'g'e(δ) voal'te(j) taale k'aassad'd'e muursoane vuella kuaddas’ vaancel’,45
GEN.PL,5,e,э,kld_txt_Itkonen1931_6_page254,saame leegg appsa,45
GEN.PL,5,e,э,kld_txt_KarNC_deers,eevvdel’ mɨjj joddlem’ kɒvvseguejm,45
GEN.PL,5,e,э,kld_txt_KarNC_wedding_pt2,… mɒššenʼ t’iiŋʼk’eguejm tam’p’e lʼeev pʼeelʼčudʼdʼ kopʼejkedde ili mar̥ʼr̥ʼkʼ.,45
GEN.PL,5,e,э,kld_txt_KarNC_wedding_pt2,telʼ vɒsʼsʼenʼ nɨšše tinʼkʼeguejm.,45
GEN.PL,5,e,э,kld_txt_KarNC_wedding_pt2,nɨšše čil’meguejm ja čontken’ muhctad,45
GEN.PL,5,e,э,kld_txt_KarNC_wedding_pt2,a munngul šen’te dak šen’tedas mustgul puvle al’n nugge dak mus(t)gul pugnen’dekke,45
GEN.PL,5,e,э,kld_txt_KarNC_wedding_pt2,dak must čuun’n’e rueč l’eev”,45
GEN.PL,5,e,э,kld_txt_Kert1961_byl_o_ljajne,ex’x’tɛš́ pud˙d˙i͔n˙ jennɛ ruhce,45
GEN.PL,5,e,э,kld_txt_Kert1961_byl_o_ljajne,l’k̭i͔ jena i̮ije mil’tɛ vodḓɛtɛ,45
GEN.PL,5,e,э,kld_txt_Kert1961_nuemmel_piras,al'kes'kånc juggen’ vɨn kukseguejm,45
GEN.PL,5,e,э,kld_txt_Kert1961_pro_vorona_tulena_i_dikogo_olena,kaahtenč l’ajj tuul’jeguejm,45
GEN.PL,5,e,э,kld_txt_Kert1961_rybolovstvo_20210223,nuut' kɒʒen' oolke eel,45
GEN.PL,5,e,э,Переведенный корпус,rɒdne n’iijtes’ meenn ejj lɨk soon paje pueraht a n’iijjtb’eel’l’ xošš i pugg per̥t m’iil’l’te lɨke jeen’n’b’eel’l’ soonen’ paje ɒr̥r̥tedd ja cele p’iijve m’iil’l’te ševraht,45
GEN.PL,5,e,э,Переведенный корпус,jeen’en’es’ kueht’as’ sɨjj ejj eft vuer vɨggen’ kaal’l’es’ n’iijt keeɲɲle rajja,45
GEN.PL,5,e,э,Переведенный корпус,i nɨd’d’ sɨjj jiil’l’en’ jeen’n’b’eel’l’ n’iijten’es’ eft vued’d’en’ ja poorren’ ja ɒrren’ paje k’iide rɨs's't'e ja pɒɒknedden’,45
GEN.PL,5,e,э,Переведенный корпус,luuj̥j̥knelle ɨšteht’ n’iijtes’ sɒne eel ja vɨjjel’ lɒttkna puuʒje al’n vaarra,45
GEN.PL,5,e,э,Переведенный корпус,mudda vuer puud’e muuɲekaallsa ja pɨt’e n’iijjta laaj̥et i šuurr ɨš’s’t’e t’iivvt kɒl’eguejm,45
GEN.PL,5,e,э,Переведенный корпус,mooǯes’ ɒɒsseguejm sonn šende v’aal mooǯ’da i š’iiga,45
GEN.PL,5,e,э,Переведенный корпус,ejj pued vaje muuɲkaallsa lɒɒj̥eguejm il’i cɒɒr al'l'k soon gɒrra,45
GEN.PL,5,e,э,Переведенный корпус,kues’s’ ɨddev mooǯes' sɒɒn k'aassxa v’iil'l'kes' cɒɒr puuʒeguejm,45
GEN.PL,5,e,э,Переведенный корпус,tel’ sug’g’eš i el’k’en’ s’in’et’ ar’jeguejm taagge(d),45
GEN.PL,5,e,э,Переведенный корпус,i k’eelteguejm di pugg vessten’,45
GEN.PL,5,i,и,Переведенный корпус,ɨštem sɒɒneel kut’i kolma oollme,1
GEN.PL,5,je,е,Переведенный корпус,luuj̥j̥knelle ɨšteht’ n’iijtes’ sɒne eel ja vɨjjel’ lɒttkna puuʒje al’n vaarra,1
GEN.PL,5,ɛ,,kld_txt_Kert1961_byl_o_ljajne,odzkud˙d˙i͔n˙ kånnta rucɛ si̮z’n’,1
GEN.PL?,1,e,э,,,1
GEN.SG,2,(e),(э),Переведенный корпус,soonn puadd m’eer(e) gor’r’en i pɨht keelmas ɲues’s’ jeerg,1
GEN.SG,2,e,э,kld_SAM_SG_map_20230815,čuuhke m’iil’l’te,14
GEN.SG,2,e,э,Переведенный корпус,ɨštem sɒɒneel kut’i kolma oollme,14
GEN.SG,2,e,э,Переведенный корпус,čɒɒgem saav’ex’et koollm oollme kuuddjen činne p’eerg vel,14
GEN.SG,2,e,э,kld_txt_Itkonen1931_6_page254,kued’e sɨz suuŋŋen’,14
GEN.SG,2,e,э,kld_txt_Kert1961_pro_vorona_tulena_i_dikogo_olena,a šiid puuʒe tuul’j,14
GEN.SG,2,e,э,kld_txt_Kert1961_pro_vorona_tulena_i_dikogo_olena,čofta l’ii eellm oollme leeg loosse ap’p’s’e,14
GEN.SG,2,e,э,kld_txt_Kert1961_pro_vorona_tulena_i_dikogo_olena,čofta l’ii eellm oollme leeg loosse ap’p’s’e,14
GEN.SG,2,e,э,kld_txt_Lehtiranta_1_r’iim’ɲ_moajnas,pɨrr pɨrr muure,14
GEN.SG,2,e,э,kld_txt_Lehtiranta_2_r’iim’ɲ_i_taale_moajnas,vaan’n’cel moast čuukke m’iil’l’te,14
GEN.SG,2,e,э,kld_txt_Lehtiranta_3_kɒn’t’_moajnas,eellmoollme paar’n kooɲɲč,14
GEN.SG,2,e,э,kld_txt_Lehtiranta_3_kɒn’t’_moajnas,eellmoollme aak’k’ vel’l’ej,14
GEN.SG,2,e,э,kld_txt_Lehtiranta_3_kɒn’t’_moajnas,kas’t i koon m’iissteg tuug’g’en’ eellmoollme paar’r’n tuun(en) šɨll,14
GEN.SG,2,e,э,Переведенный корпус,ɨšteht’ iiǯant n’iijt sɒɒne eel ja vɨje vaarra i kuud’e soon tɒge an’ muuɲɲg’en’ kallm čal’m mune jeve kičehče soon eel p’eel’j jeve kullehče soone jiin,14
GEN.SG,2,e,э,Переведенный корпус,k’iih’čev keeskes’t’ paax’t’e kues’s’t’ suvv,14
GEN.SG/NOM.PL,1,e,э,,,2
HAB,3,ell,элл,kld_txt_Kert1961_pro_vorona_tulena_i_dikogo_olena,kued al’n’ kuuxxt kaar’nes’ al’ka kiersellev ja luuvvtjev,2
HAB,3,ell,элл,kld_txt_Kert1961_pro_vorona_tulena_i_dikogo_olena,kroŋkxellev,2
HAB,3,n,н,kld_txt_Kert1961_nuemmel_piras,ja p’ehctuer’v pornen’ l’eejp axxtan,1
HAB,3,ss,сс,kld_txt_Lehtiranta_2_r’iim’ɲ_i_taale_moajnas,taal’l’va kɒš’š’kkuul’(e) porssall,1
HAB.NPST.3SG,1,and,анд,,,1
ILL,2,a,а,kld_txt_Kert1961_rybolovstvo_20210223,alla kuuddej eexxt olme,5
ILL,2,a,а,kld_txt_Kert1961_rybolovstvo_20210223,maŋŋa sonn poov čacck tummpl'a,5
ILL,2,a,а,kld_txt_Kert1961_rybolovstvo_20210223,meennen' vaarra,5
ILL,2,a,а,Переведенный корпус,paar’r’n k’iičes’t’ tooge i mudda goarra k’iihč’ što viiǯed el’l’a kooz,5
ILL,2,a,а,Переведенный корпус,paar’r’n pɨje samastr’eles’ sonne rannta dii luušte,5
ILL,2,e,э,Переведенный корпус,tel’(?) olmanč puadd son’n’e vuessta vaan’n’c,15
ILL,2,e,э,Переведенный корпус,jel'l'e poačke naad’jedde mɨn’n’e,15
ILL,2,e,э,Переведенный корпус,juug’g’e čer'krɨgge luuhpl’es't’ čuur'v’et' ja pɨht’e mɨn’n’e,15
ILL,2,e,э,Переведенный корпус,ad'd' lɨhk’e mɨn'n'e odd kued' ja kaaht’e,15
ILL,2,e,э,kld_txt_Kert1961_rybolovstvo_20210223,nuut' oolkes k'iis's'eš veennse ja suldeš'[a] loahpket',15
ILL,2,e,э,kld_txt_Kert1961_rybolovstvo_20210223,štop luštɨj povve k'iirrknahč pɨjje kul̥p,15
ILL,2,e,э,kld_txt_Kert1961_rybolovstvo_20210223,ja tel' sugg rɨnnte,15
ILL,2,e,э,kld_txt_Kert1961_rybolovstvo_20210223,kues's' nuuht' puud'e rɨnnte,15
ILL,2,e,э,kld_txt_Kert1961_rybolovstvo_20210223,pɨjjen' veennse,15
ILL,2,e,э,kld_txt_Kert1961_rybolovstvo_20210223,tanna sulden' moaze,15
ILL,2,e,э,kld_txt_Kert1961_rybolovstvo_20210223,ja jɒddjen' moaze,15
ILL,2,e,э,Переведенный корпус,eexxt paar’r’n c’aal̥l̥k munn vuelka tol’ke mon’n’e tovruš bɨdd,15
ILL,2,e,э,Переведенный корпус,k’iičes’t’ kuuht čud’čuer’v’ vujjev rɨnnte sɨje,15
ILL,2,e,э,Переведенный корпус,paar’r’n pɨje samastr’eles’ sonne rannta dii luušte,15
ILL,2,e,э,Переведенный корпус,tel’ čuud’d’čuer’r’v jore luuv’t al’n er’(t) sajje,15
ILL.PL,3,et,эт,Переведенный корпус,pɨɨjet v’aret kɨp’ta v’arr v’arr k’iirken pooret,1
ILL.PL,3,et',этҍ,Переведенный корпус,Oalkembel't uks tueg jeg'g'e šuurr keelten’ ja karvul'l'e mune kuuht'e kaalse koolmet' sutket',3
ILL.PL,3,et',этҍ,Переведенный корпус,Oalkembel't uks tueg jeg'g'e šuurr keelten’ ja karvul'l'e mune kuuht'e kaalse koolmet' sutket',3
ILL.PL,3,et',этҍ,kld_txt_Kert1961_rybolovstvo_20210223,nuut' oolkes k'iis's'eš veennse ja suldeš'[a] loahpket',3
ILL.PL,3,et’.,этҍ.,kld_txt_Kert1961_nuemmel_piras,nurmuss el'ke robxušše lɨhke p’eecet’.,1
ILL.SG,3,a,а,Переведенный корпус,kuul’e šɨl’et raaznɨ nalla,23
ILL.SG,3,a,а,Переведенный корпус,nu sp’erva luuš’t’et saajmet čuallma el’e že ɲɒɒrges tavas kas’s’ kuul’l’ dolžan meenne paal’ bajas paal’ bajas,23
ILL.SG,3,a,а,Переведенный корпус,tel’ k’aaǯa a kut’as’ kes’s’ luuštal nuut’ tavas,23
ILL.SG,3,a,а,Переведенный корпус,kuul’ pɒppalet raaznɨ nalla laanas jeenne no kuul’ abɨčna val’d’et pooves,23
ILL.SG,3,a,а,Переведенный корпус,tel’l’ nuut’ pɨjet veennse i suggev kuel’l’e šɨl’l’e mudda sajja,23
ILL.SG,3,a,а,Переведенный корпус,čexxča l’eev čexxč lɒɒhpe kɨdda kɨdd lɒɒhpe k’ees’s’a k’ees’s’ lɒɒhpe,23
ILL.SG,3,a,а,Переведенный корпус,čexxča l’eev čexxč lɒɒhpe kɨdda kɨdd lɒɒhpe k’ees’s’a k’ees’s’ lɒɒhpe,23
ILL.SG,3,a,а,Переведенный корпус,čexxča l’eev čexxč lɒɒhpe kɨdda kɨdd lɒɒhpe k’ees’s’a k’ees’s’ lɒɒhpe,23
ILL.SG,3,a,а,Переведенный корпус,jel’l’eš eev’dla koavas keskes puell tooll a pɨrr ad’d’em v’ell as’te a pɨrr aaret es’tmen,23
ILL.SG,3,a,а,kld_txt_Kert1961_byl_o_ljajne,ahkes’ kuddi̮i kuadḓa jel’l’e,23
ILL.SG,3,a,а,kld_txt_Kert1961_byl_o_ljajne,a idž vul’ki m’ahca,23
ILL.SG,3,a,а,Переведенный корпус,muur’r’t’e ɲurkem tuurket' ja š’iid’d’e lɒjt kuadda,23
ILL.SG,3,a,а,Переведенный корпус,ad'd' munn kɒmla lɒjta kuadda kaaht’e uks,23
ILL.SG,3,a,а,Переведенный корпус,ad'd' munn kɒmla lɒjta kuadda kaaht’e uks,23
ILL.SG,3,a,а,Переведенный корпус,kas't' luuhp’el' l'aajj koanta sonn meenne sajja čuur'v'et' n'al'mes' ompan vuuv’s'e,23
ILL.SG,3,a,а,Переведенный корпус,sarneškud'e Mar’r'j Uvvan n’iijjt kaallseguejm c'aal̥l̥k kooz čuur'v’et' pɨjje tenn sajja koappče čuer'v' gar',23
ILL.SG,3,a,а,kld_txt_Kert1961_nuemmel_piras,aǯes' kuddej n'al'jant vuassa,23
ILL.SG,3,a,а,kld_txt_Kert1961_rybolovstvo_20210223,ja pɨjjen' k'eemmna,23
ILL.SG,3,a,а,kld_txt_Kert1961_rybolovstvo_20210223,v'aаl voаllеn' k'eemmna kunet',23
ILL.SG,3,a,а,kld_txt_Kert1961_rybolovstvo_20210223,eel’l’ken' cɨhca pɨjje nuut',23
ILL.SG,3,a,а,Переведенный корпус,roddjes vensedes’ venset’ čadca di sulden’,23
ILL.SG,3,a,а,Переведенный корпус,olme kuaggn’en’ eft sajja,23
ILL.SG,3,a,а,Переведенный корпус,sonn viireš’t’ udd puul’l’ej vilka oojk’e n’aallma i tejn roahpad,23
ILL.SG,3,a.,а.,kld_txt_Kert1961_nuemmel_piras,kоlm vil'j ujjten’ kolm gårra.,2
ILL.SG,3,a.,а.,kld_txt_Kert1961_nuemmel_piras,sɨjj kudjen’ v’iidant vuassa.,2
ILL.SG,3,e,э,Переведенный корпус,eexxt kudda rɨnnte,23
ILL.SG,3,e,э,Переведенный корпус,tel’e eeltnet nɨm’m’pe red’d’en’ rɨnnte i nuut’ k’eez’et k’iid’eguejm ele že eexxt olme veensen nuur’e vokgoarre nuehta a kut’es’ kut’ kuuxxt oollme kut’ p’iirаs nuut’ čoovvgev,23
ILL.SG,3,e,э,Переведенный корпус,tel’e eeltnet nɨm’m’pe red’d’en’ rɨnnte i nuut’ k’eez’et k’iid’eguejm ele že eexxt olme veensen nuur’e vokgoarre nuehta a kut’es’ kut’ kuuxxt oollme kut’ p’iirаs nuut’ čoovvgev,23
ILL.SG,3,e,э,Переведенный корпус,poov k’ež’ av’det i valat kul’e veennse,23
ILL.SG,3,e,э,Переведенный корпус,tel’l’ nuut’ pɨjet veennse i suggev kuel’l’e šɨl’l’e mudda sajja,23
ILL.SG,3,e,э,Переведенный корпус,tel’l’ nuut’ pɨjet veennse i suggev kuel’l’e šɨl’l’e mudda sajja,23
ILL.SG,3,e,э,Переведенный корпус,jeerka olmanč vaan’n’c joaddsel’ meer’r’e,23
ILL.SG,3,e,э,Переведенный корпус,i vaa(l’)l’t’ n’ik’ee soon meer’r’e,23
ILL.SG,3,e,э,Переведенный корпус,sonn c’eel̥’l̥’k’ joaddslagul meer’r’e,23
ILL.SG,3,e,э,Переведенный корпус,i vaa(l’)l’t’ n’ik’ee mun meer’r’e,23
ILL.SG,3,e,э,Переведенный корпус,eexxt vuerr oollme t'iid'sen' što ruhc puadd kuelnegg čuhpe ja saam’et’ puket’ koan'te,23
ILL.SG,3,e,э,Переведенный корпус,Oalkembel't uks tueg jeg'g'e šuurr keelten’ ja karvul'l'e mune kuuht'e kaalse koolmet' sutket',23
ILL.SG,3,e,э,Переведенный корпус,Oalkembel't uks tueg jeg'g'e šuurr keelten’ ja karvul'l'e mune kuuht'e kaalse koolmet' sutket',23
ILL.SG,3,e,э,kld_txt_Kert1961_nuemmel_piras,k’ee man'tem lɨhkmušše (lɨhk) valtat.,23
ILL.SG,3,e,э,kld_txt_Kert1961_nuemmel_piras,kesklamuss nɨjp sahp’e čir'r'e pɨje.,23
ILL.SG,3,e,э,kld_txt_Kert1961_rybolovstvo_20210223,kues's' nuut' veennse pɨjjen' nuur'et' ja k'iivtet' moannen',23
ILL.SG,3,e,э,Переведенный корпус,s’ines’t’ l’ijjen’ vennas k’aassen’č di l’ijjen’ t’eerpnenč kobba jev kuestče rɨnnte,23
ILL.SG,3,e,э,Переведенный корпус,narod’d’e bɨdd sirred,23
ILL.SG,3,e,э,Переведенный корпус,tel’ sɨjj puudden’ rɨnnte,23
ILL.SG,3,e,э,Переведенный корпус,maŋŋa sɨjj n’iijpen’ rɨnnte i s’iireškudden’,23
ILL.SG,3,e,э,Переведенный корпус,k’iičes’t’ kuuht čud’čuer’v’ vujjev rɨnnte sɨje,23
ILL.SG,3,e,э,Переведенный корпус,i tedd jore luuv’t’ al’n ersajje,23
ILL.SG,3,e,э,Переведенный корпус,bedd narod’d’e sɒg lɨhke,23
ILL.SG?,1,a,а,,,1
IMP.PL,6,'e,э,Переведенный корпус,Oalkembel't uks tueg jeg'g'e šuurr keelten’ ja karvul'l'e mune kuuht'e kaalse koolmet' sutket',1
IMP.PL,6,e,э,kld_txt_KarNC_wedding_pt2,luuj̥kast ja tel’ pued’d’e,18
IMP.PL,6,e,э,kld_txt_Kert1961_jeerrkja_oollmej_bajas,kiihče jaav’r’ eel,18
IMP.PL,6,e,э,Переведенный корпус,jel'l'e poačke naad’jedde mɨn’n’e,18
IMP.PL,6,e,э,Переведенный корпус,čuudzes't’ pɨht’e sɨnnem sevs luuhp’el',18
IMP.PL,6,e,э,Переведенный корпус,ja pɨht’e kuv's' t’iivt veer,18
IMP.PL,6,e,э,Переведенный корпус,juug’g’e čer'krɨgge luuhpl’es't’ čuur'v’et' ja pɨht’e mɨn’n’e,18
IMP.PL,6,e,э,Переведенный корпус,juug’g’e čer'krɨgge luuhpl’es't’ čuur'v’et' ja pɨht’e mɨn’n’e,18
IMP.PL,6,e,э,Переведенный корпус,ad'd' lɨhk’e mɨn'n'e odd kued' ja kaaht’e,18
IMP.PL,6,e,э,Переведенный корпус,ad'd' lɨhk’e mɨn'n'e odd kued' ja kaaht’e,18
IMP.PL,6,e,э,Переведенный корпус,muur’r’t’e ɲurkem tuurket' ja š’iid’d’e lɒjt kuadda,18
IMP.PL,6,e,э,Переведенный корпус,muur’r’t’e ɲurkem tuurket' ja š’iid’d’e lɒjt kuadda,18
IMP.PL,6,e,э,Переведенный корпус,ad'd' munn kɒmla lɒjta kuadda kaaht’e uks,18
IMP.PL,6,e,э,Переведенный корпус,Oalkembel't uks tueg jeg'g'e šuurr keelten’ ja karvul'l'e mune kuuht'e kaalse koolmet' sutket',18
IMP.PL,6,e,э,Переведенный корпус,sarneškud'e Mar’r'j Uvvan n’iijjt kaallseguejm c'aal̥l̥k kooz čuur'v’et' pɨjje tenn sajja koappče čuer'v' gar',18
IMP.PL,6,e,э,kld_txt_Kert1961_pro_vorona_tulena_i_dikogo_olena,paa(r’)r’n’an pued’d’e mon m’iil’l’te,18
IMP.PL,6,e,э,kld_txt_Kert1961_pro_vorona_tulena_i_dikogo_olena,paar’n’am paar’n’am voar’r’duvve,18
IMP.PL,6,e,э,kld_txt_Lehtiranta_2_r’iim’ɲ_i_taale_moajnas,tɨj(j) c’aal̥l̥k iššte koal’l’te eel,18
IMP.PL,6,e,э,kld_txt_Lehtiranta_2_r’iim’ɲ_i_taale_moajnas,i jel’l’e lɨggxelle s’eejpe(j)tant,18
IMP.PL,6,egge,эгкэ,Переведенный корпус,a munn kɨgeškuada a tɨjj kultlegge,1
IMP.PL,6,eg’g’e,эгке,kld_txt_KarNC_wedding_pt2,ɒrseg’g’e vɨs’te an’ soonn luej̥j̥k i prɒššed num’b’es’gueim k’eegg soost l’eev,1
IMP.PL,6,eg’g’e(ẟ),эгке(),kld_txt_Lehtiranta_2_r’iim’ɲ_i_taale_moajnas,ɒrseg’g’e(ẟ) v’aal saẟa,1
IMP.PL,6,e”,э”,kld_txt_KarNC_wedding_pt2,no lɨhce”,1
IMP.SG,5,(a),(а),kld_txt_Genetz1891,t’iiŋ’k’e(j)t’ pɨdd(a),1
IMP.SG,5,(e),(э),kld_txt_Lehtiranta_1_r’iim’ɲ_moajnas,poor(e) suun(e),3
IMP.SG,5,(e),(э),kld_txt_Lehtiranta_1_r’iim’ɲ_moajnas,r’iimmɲ saarrn čte kuun’d(‘)(e) kuun’d(‘)(e) v’aalen sada,3
IMP.SG,5,(e),(э),kld_txt_Lehtiranta_1_r’iim’ɲ_moajnas,r’iimmɲ saarrn čte kuun’d(‘)(e) kuun’d(‘)(e) v’aalen sada,3
IMP.SG,5,a,а,kld_txt_Genetz1891,taall c'aal̥l̥ka ɒra jel' pag'e,1
IMP.SG,5,e,э,kld_txt_Genetz1891,taall c'aal̥l̥ka ɒra jel' pag'e,5
IMP.SG,5,e,э,kld_txt_Lehtiranta_1_r’iim’ɲ_moajnas,taall vaal’de r’iim’ɲ ja kuun’n’d(‘)kuuδ’e,5
IMP.SG,5,e,э,kld_txt_Lehtiranta_1_r’iim’ɲ_moajnas,taall vaal’de r’iim’ɲ ja kuun’n’d(‘)kuuδ’e,5
IMP.SG,5,e,э,Переведенный корпус,k’aas’s’et’ sama mooǯes’ ja š’iig puuʒet’ ja vɨge mun n’iijta vaarra ja kuud’e tenn še sajja kooz kuud’d’ex’ iižant n’iijt,5
IMP.SG,5,e,э,Переведенный корпус,k’aas’s’et’ sama mooǯes’ ja š’iig puuʒet’ ja vɨge mun n’iijta vaarra ja kuud’e tenn še sajja kooz kuud’d’ex’ iižant n’iijt,5
IMP.SG,5,e(ẟ),э(),kld_txt_Lehtiranta_3_kɒn’t’_moajnas,i k’iične(ẟ),1
IMP.SG(?),2,(e),(э),kld_txt_Lehtiranta_1_r’iim’ɲ_moajnas,suun(e) poor(e),1
IMP.SG(?),2,(e)[f],(э)[ф],kld_txt_Lehtiranta_1_r’iim’ɲ_moajnas,bɨdd kuun’n’de(ẟ) jeenna muurre ja p’aasstaγe(j)d bed pooɲ(e)[f],1
INCH,24,ešgued,эшгуэд,Переведенный корпус,kues's' ujnešguedbedd'e tɨkven’et’,1
INCH,24,eškuad,эшкуад,Переведенный корпус,a munn kɨgeškuada a tɨjj kultlegge,1
INCH,24,eškuadd,эшкуадт,Переведенный корпус,jeen’n’b’eel’l’ sraaze ejj šɒbšeškuadda n’iijjtb’eel’es’,1
INCH,24,eškud',эшкудҍ,Переведенный корпус,sarneškud'e Mar’r'j Uvvan n’iijjt kaallseguejm c'aal̥l̥k kooz čuur'v’et' pɨjje tenn sajja koappče čuer'v' gar',2
INCH,24,eškud',эшкудҍ,kld_txt_Kert1961_rybolovstvo_20210223,kues's' ran'n't puedeškud'e al'l't,2
INCH,24,eškud’,эшкудҍ,kld_txt_Kert1961_pro_vorona_tulena_i_dikogo_olena,luuj̥ke ja eženes’ jɒddseleškud’e,1
INCH,24,eškuud’,эшкӯдҍ,kld_txt_KarNC_deers,no m’iines’t’ puaz paj nɨt’t’e jiil’e no m’iinen’ puaz paj vuameškuud’e,7
INCH,24,eškuud’,эшкӯдҍ,kld_txt_KarNC_deers,maŋŋa m’iines’t’ puaz peejjneškuud’e pajjas šenteškuud’e laššneškuud’e,7
INCH,24,eškuud’,эшкӯдҍ,kld_txt_KarNC_deers,maŋŋa m’iines’t’ puaz peejjneškuud’e pajjas šenteškuud’e laššneškuud’e,7
INCH,24,eškuud’,эшкӯдҍ,kld_txt_KarNC_deers,maŋŋa m’iines’t’ puaz peejjneškuud’e pajjas šenteškuud’e laššneškuud’e,7
INCH,24,eškuud’,эшкӯдҍ,kld_txt_KarNC_deers,a iižmen’ maŋŋades’t’ges k’aahpneškuud’e,7
INCH,24,eškuud’,эшкӯдҍ,kld_txt_Kert1961_pro_vorona_tulena_i_dikogo_olena,voanc’e voanc’e ujneškuud’e kued,7
INCH,24,eškuud’,эшкӯдҍ,kld_txt_Lehtiranta_1_r’iim’ɲ_moajnas,toolest s’eel’l’g puul’l’eškuud’e ja saarrn,7
INCH,24,eškuud’d’,эшкӯдтҍ,kld_txt_KarNC_deers,tel’ l’iijjen’ iižem’ puud’d’en’ ja jeel’eškuud’d’en’,3
INCH,24,eškuud’d’,эшкӯдтҍ,kld_txt_KarNC_deers,muddmen’ l’iijjen’ maŋŋa kues’s’ pɨɲɲeškuud’d’en’,3
INCH,24,eškuud’d’,эшкӯдтҍ,kld_txt_KarNC_wedding,no ladno jeel’eškuud’d’en’,3
INCH,24,ešued’d’,эшуэдтҍ,Переведенный корпус,tes’t’ ufšten geagraafe munn rɒst mɒɒj(n)se parnat pugg čaar bajas kooxxt ad’d’ izmen’iilsa čaarr tejja ɨg’e kooxxt jeel’ešued’d’eš per’a i tag daale,1
INCH,24,ešuud,эшӯд,Переведенный корпус,vuulklešuude evdes’ vaan’c’e vaar’ m’iil’l’te n’iijjt el’ge soon moolle štobɨ ejj kuedeče sonn ooxxte vaarra,1
INCH,24,ešuud’d’,эшӯдтҍ,Переведенный корпус,n’iijjta paar’r’n’ ponrav’dede i cɒɒr al’l’k’ i kaallsa n’iijjt nɒɒj̥j̥tledden’ i jeel’ešuud’d’en’ š’iiggten’n’e i tenna rajja jeellev i m’iinet’ kuessa kɒhčev,1
INCH,24,guedd,гуэдт,kld_txt_KarNC_wedding_pt2,tel’ ɨšštev vɨn’n’ juggueddev,1
INCH,24,guud,гӯд,kld_txt_Kert1961_pro_vorona_tulena_i_dikogo_olena,a ɨgga soon muhcguude mov’jas,1
INCH,24,guud’,гӯдҍ,kld_txt_Genetz1891,kuajjvguud’e,6
INCH,24,guud’,гӯдҍ,kld_txt_Kert1961_pro_vorona_tulena_i_dikogo_olena,n’iijjt činguud’e kus’s’v’aar,6
INCH,24,guud’,гӯдҍ,kld_txt_Kert1961_pro_vorona_tulena_i_dikogo_olena,jennes’ činguud’e porrmuž,6
INCH,24,guud’,гӯдҍ,kld_txt_Kert1961_pro_vorona_tulena_i_dikogo_olena,paaštguud’e ja kɨptguud’e vuenč,6
INCH,24,guud’,гӯдҍ,kld_txt_Kert1961_pro_vorona_tulena_i_dikogo_olena,paaštguud’e ja kɨptguud’e vuenč,6
INCH,24,guud’,гӯдҍ,Переведенный корпус,jeen’n’b’eel’l’ sraaze šummguud’e kaallsa ell,6
INCH,24,guud’d’,гӯдтҍ,kld_txt_Kert1961_pro_vorona_tulena_i_dikogo_olena,ujnsen aajjes’ pueddem karsen kued’ luz ja xoŋkerguud’d’en’,2
INCH,24,guud’d’,гӯдтҍ,kld_txt_Lehtiranta_2_r’iim’ɲ_i_taale_moajnas,taall i k’eet’t’k i ɲuem’m’el ɒrrguud’d’en,2
INCH,24,guuδ’,гӯ,kld_txt_Lehtiranta_1_r’iim’ɲ_moajnas,evdas kuun’n’dguuδ’e r’iim’ɲ(e),1
INCH,24,kud',кудҍ,Переведенный корпус,a go kujje vuul'l'kkud'e,1
INCH,24,kud˙d˙,куд˙д˙,kld_txt_Kert1961_byl_o_ljajne,odzkud˙d˙i͔n˙ kånnta rucɛ si̮z’n’,1
INCH,24,kuuδ’,кӯ,kld_txt_Lehtiranta_1_r’iim’ɲ_moajnas,taall vaal’de r’iim’ɲ ja kuun’n’d(‘)kuuδ’e,1
INCH,24,n,н,kld_SAM_SG_map_20230815,jog m’iil’l’te bɨdd pajas peejjne,4
INCH,24,n,н,kld_SAM_SG_map_20230815,pajas peejjnax,4
INCH,24,n,н,kld_txt_KarNC_deers,mɨjj uže šuurrnem’ šendem’,4
INCH,24,n,н,Переведенный корпус,luuj̥j̥knelle ɨšteht’ n’iijtes’ sɒne eel ja vɨjjel’ lɒttkna puuʒje al’n vaarra,4
INCH,24,xuuδ’,хӯ,kld_txt_Lehtiranta_1_r’iim’ɲ_moajnas,taall poore ɲuem’m’(e)l(‘)a ja evdas kuun’n’dxuuδ’e r’iim’ɲ(e),1
INCH,24,škud'd',шкудтҍ,Переведенный корпус,lɨhkeškud'd'en' kued' kaaxxc olmedde,1
INCH,24,škudd,шкудт,Переведенный корпус,maŋŋa sɨjj n’iijpen’ rɨnnte i s’iireškudden’,2
INCH,24,škudd,шкудт,Переведенный корпус,s’iireškudden’ d’ii vuajjl’eht’en’,2
INCH,24,škued’d’,шкуэдтҍ,Переведенный корпус,kɨdda lavleškued’d’ev vežda cizga,1
INCH,24,škuuẟ’,шкӯ,kld_txt_Lehtiranta_2_r’iim’ɲ_i_taale_moajnas,porškuuẟ’e kuul’(e),1
INCH.NPST.3SG,3,an,ан,kld_txt_Kert1961_pro_vorona_tulena_i_dikogo_olena,kas’t k’eed’d’k’ eellan,1
INCH.NPST.3SG,3,škuadd,шкуадт,kld_txt_Genetz1891,k’eedka lɨggxellškuadd,1
INCH.NPST.3SG,3,šuadd,шуадт,Переведенный корпус,saarrnev što l’aaɲč ɲues’s’ jeerrk / aab’b’r’ jeerrk / abrešuadd,1
INCH.NPST.CNG,1,eškued’,эшкуэдҍ,,,1
INDEF.NREF,1,ɲe,нэ,,,1
INDEF.REF,4,laan’č,ла̄нҍч,kld_SAM_SG_map_20230815,meej(t)laan’č ejj t’eeddma ja meene,1
INDEF.REF,4,l’aa,ля̄,kld_txt_Lehtiranta_2_r’iim’ɲ_i_taale_moajnas,meejtl’aaɲɲǯ must s’eejjp ejj lɨggent,1
INDEF.REF,4,l’aannč,ля̄ннч,kld_txt_Kert1961_pro_vorona_tulena_i_dikogo_olena,meene man’tel’aannč keessk,1
INDEF.REF,4,l’aaɲč,ля̄нч,Переведенный корпус,tala kull k’eel’aaɲč puadd,1
INF,12,e,э,kld_GGM_SG_map_202308D,meenn moajns(‘)e,122
INF,12,e,э,kld_SAM_SG_map_20230815,tɨjje bɨdd meenne kualmant sɨjjta,122
INF,12,e,э,kld_SAM_SG_map_20230815,valas bɨdd jɒd’d’e,122
INF,12,e,э,kld_SAM_SG_map_20230815,ну vuajj nɨd’d’ pejjde,122
INF,12,e,э,kld_SAM_SG_map_20230815,pejjde,122
INF,12,e,э,kld_SAM_SG_map_20230815,vuajj pejjde tenn sɨjjta,122
INF,12,e,э,kld_SAM_SG_map_20230815,čuekas m’iil’l’te meenne vuajj meenne,122
INF,12,e,э,kld_SAM_SG_map_20230815,i v’aal jɒd’d’e,122
INF,12,e,э,kld_SAM_SG_map_20230815,kualmant sɨjjta meenne,122
INF,12,e,э,kld_SAM_SG_map_20230815,veennsen’ vuajj meenne suull… pɨrr suull,122
INF,12,e,э,kld_SAM_SG_map_20230815,vaan’n’c’e av’t sɨjdes’t num’p’ sɨjjta,122
INF,12,e,э,kld_SAM_SG_map_20230815,vuajj vaan’n’c’e,122
INF,12,e,э,kld_SAM_SG_map_20230815,ja meenne,122
INF,12,e,э,kld_SAM_SG_map_20230815,bɨdd meenne čuekas m’iil’l’te kug’g’,122
INF,12,e,э,kld_SAM_SG_map_20230815,vaal’l’te ja ujjte,122
INF,12,e,э,kld_SAM_SG_map_20230815,vaal’l’te ja ujjte,122
INF,12,e,э,kld_SAM_SG_map_20230815,tes’t vuajj meenne veennsen’,122
INF,12,e,э,kld_SAM_SG_map_20230815,tenn sɨjdes’ bɨdd meenne,122
INF,12,e,э,kld_SAM_SG_map_20230815,jog m’iil’l’te bɨdd pajas peejjne,122
INF,12,e,э,Переведенный корпус,nu sp’erva luuš’t’et saajmet čuallma el’e že ɲɒɒrges tavas kas’s’ kuul’l’ dolžan meenne paal’ bajas paal’ bajas,122
INF,12,e,э,Переведенный корпус,tav’v’en starjedet vaal’de šur’a abjom čaj,122
INF,12,e,э,Переведенный корпус,p’eejva l’eev što al’mes’ kopč(e)neddev peevl p’eejjv kues’s’ ejj vuaj meenne ab’b’r’ ab’b’r’ ejj vuaj i veeʒ a vuajj prosta meenne i veeʒ,122
INF,12,e,э,Переведенный корпус,p’eejva l’eev što al’mes’ kopč(e)neddev peevl p’eejjv kues’s’ ejj vuaj meenne ab’b’r’ ab’b’r’ ejj vuaj i veeʒ a vuajj prosta meenne i veeʒ,122
INF,12,e,э,Переведенный корпус,p’eervi veeze pɨjj sun’n’t’ad tell pɨjj tell avda pɨjj i tɒɒjv maŋŋa pɨjj ja’vr i joge lɒɒnd аl’gev milgnes kal’l’me,122
INF,12,e,э,Переведенный корпус,saam’ oollme toože c’eel̥’l̥’k’ev vuejjev c’eel̥’l̥’k’e man’te l’aaɲč jeerrk jeggda tunn p’eejv,122
INF,12,e,э,Переведенный корпус,l’eev nu mugga p’r’im’eetav kojt m’iil’d’es i vuejjev c’eel̥’l̥’k’e,122
INF,12,e,э,Переведенный корпус,no(o) mudda vuer vuejjev i jev toočna / no(o) vesenom vuejjev c’eel̥’l̥’k’e,122
INF,12,e,э,Переведенный корпус,nu vot nap’r’im’eer / vot kooxxt / jesl’e m’eer gor’r’en’ kas’s’ puadd tav(’)v(’)al p’iiŋŋk / pɨjjen’ s’eenkes’ peevl l’ee∅ / to saam’ saarrnev što l’aaɲč tav(’)v(’)al p’iiŋŋg ja ɲues’s’ jeerrk / vuajj pued’d’e c’iigg jeerrk,122
INF,12,e,э,Переведенный корпус,pɒstxet’ koogg l’eev čuuʒes’ b’eda bɨdd jenna vaan’n’c’e i čuuʒe kooppče eft sajja,122
INF,12,e,э,Переведенный корпус,pɒstxet’ koogg l’eev čuuʒes’ b’eda bɨdd jenna vaan’n’c’e i čuuʒe kooppče eft sajja,122
INF,12,e,э,Переведенный корпус,suem’p’ k’aaǯ’a kooret naak’ štobe l’aahč štobi vuajehček oojjke k’iid’ i l’aahč š’iiγ’ čuujjke,122
INF,12,e,э,Переведенный корпус,suem’p’ k’aaǯ’a kooret naak’ štobe l’aahč štobi vuajehček oojjke k’iid’ i l’aahč š’iiγ’ čuujjke,122
INF,12,e,э,Переведенный корпус,i kues’s’ čuujjklet’ štobi soonn l’aahč soonen’ l’aahč š’iiγ’ čuujjke,122
INF,12,e,э,Переведенный корпус,p’ees’s’ muur raadet mugga štobi soonn ejj vuajče muurrtje l’aahč bi rɒvas ja muulehče jeenne vuek’s’ i ejj sojnehče,122
INF,12,e,э,Переведенный корпус,pɨjet nɨt’t’ štobe sɨjj l’iihčen’ seekksem m’eedas tes’t’ vuajj kues’s’ l’eev seekks m’eedas vuajj čuujjke udlen’n’e a kues’s’ pejjne paahka to rueppt seeks ejj jɒdd valas k’irse,122
INF,12,e,э,Переведенный корпус,pɨjet nɨt’t’ štobe sɨjj l’iihčen’ seekksem m’eedas tes’t’ vuajj kues’s’ l’eev seekks m’eedas vuajj čuujjke udlen’n’e a kues’s’ pejjne paahka to rueppt seeks ejj jɒdd valas k’irse,122
INF,12,e,э,Переведенный корпус,puuʒet pugg kornem ja ɨldem tool ja al’g’em aavvde čaaj činne p’eerg,122
INF,12,e,э,Переведенный корпус,puuʒet pugg kornem ja ɨldem tool ja al’g’em aavvde čaaj činne p’eerg,122
INF,12,e,э,Переведенный корпус,kɨp’t’em uttet kɨp’t’em utt tuul’xem čaaj poorem ja jorem vued’d’e,122
INF,12,e,э,Переведенный корпус,vued’d’e l’aajj b’eda š’iig,122
INF,12,e,э,Переведенный корпус,čɒɒgem saav’ex’et koollm oollme kuuddjen činne p’eerg vel,122
INF,12,e,э,Переведенный корпус,jornev veeʒe k’iištet l’aajj čuujjge k’eeresen ur’d’es saav’ex’et n’ik’ee ejj murda,122
INF,12,e,э,Переведенный корпус,kast’umčiket v’iil’l’g’es roovašket mooǯes plaat’jat i jeekna kopčenedem iiǯan škoola enternaahte v’ees’s’lušše,122
INF,12,e,э,kld_txt_Genetz1891,voal'te(j) soane(j)t’ vuulke(j) muure(j)t’ soagge,122
INF,12,e,э,kld_txt_Genetz1891,pɨjješ sɨjje poorre,122
INF,12,e,э,kld_txt_KarNC_deers,ja tel’ el’g’em’ pɨɲɲe iiž’a saam’,122
INF,12,e,э,kld_txt_KarNC_deers,jev allka pɨɲɲe ja nɨd’d’ paj jiil’l’eš kolxoz rajja,122
INF,12,e,э,kld_txt_KarNC_deers,i kolxozes’ vuajj j’eel’le,122
INF,12,e,э,kld_txt_KarNC_wedding,puud’d’en’ žen’ex’ eel’l’k’en’ svat’jedde,122
INF,12,e,э,kld_txt_KarNC_wedding,tel’ značit согласились značit svad’ba bɨdd s’iirre,122
INF,12,e,э,kld_txt_KarNC_wedding_pt2,ja tel’ ɨšštev jugge juggev tel’ mɒst vuul’l’k’ev,122
INF,12,e,э,kld_txt_KarNC_wedding_pt2,meennev mɒst tel’ jev kug’g’ tam’p’e ɒres’t’ tel’ pued’d’ev vaal’l’te a soonn c’aal̥l̥k:,122
INF,12,e,э,kld_txt_KarNC_wedding_pt2,mɨjj jeb’b’ vuej jeb’b’ ujn ɲ’iimeenn ɲuuxxčem’ ejj lɒɒčk saarrne,122
INF,12,e,э,kld_txt_KarNC_wedding_pt2,a ničego š’iig l’ii ad’d’ vuaja saarrne,122
INF,12,e,э,kld_txt_KarNC_wedding_pt2,c’aal̥l̥k: mustgul čal’m’ jev ujn t’iinet’ emm vuej vɨgge,122
INF,12,e,э,kld_txt_KarNC_wedding_pt2,at’t’ ju pug lɨhce bɨddgul,122
INF,12,e,э,kld_txt_KarNC_wedding_pt2,vɒɒzen’ čil’met’ ja vɨn’e jugge ja,122
INF,12,e,э,kld_txt_KarNC_wedding_pt2,lɒnta taabxe,122
INF,12,e,э,Переведенный корпус,sɨjj pɨsseguejm voan’n’cen’ m'eh'cte,122
INF,12,e,э,Переведенный корпус,puarrsamuss al'l'k’ l'ajj čeehp' s’iirre garmon'an’,122
INF,12,e,э,Переведенный корпус,nuurrmuss l'ajj čeehp' pl'ass'je,122
INF,12,e,э,Переведенный корпус,munn l'aa čeehp' s'iirre a tonn pl'as’s'je,122
INF,12,e,э,Переведенный корпус,munn l'aa čeehp' s'iirre a tonn pl'as’s'je,122
INF,12,e,э,Переведенный корпус,vuul'kep lаnnа t’iin'ket’ soagne,122
INF,12,e,э,Переведенный корпус,tedd paake kohče iǯ’as’ tenn оlmе taalenes'.,122
INF,12,e,э,kld_txt_Kert1961_byl_o_ljajne,uks ɛ̄л pakɛ pi̮ije šur kɛлd,122
INF,12,e,э,kld_txt_Kert1961_byl_o_ljajne,l’k’i͔n˙ kuextas jel’l’e,122
INF,12,e,э,kld_txt_Kert1961_byl_o_ljajne,ahkes’ kuddi̮i kuadḓa jel’l’e,122
INF,12,e,э,kld_txt_Kert1961_jeerrkja_oollmej_bajas,oollme meennen’ tenn n’iijjta aanne štobe sonn lɨgga(h)č nɨd’d’ kooxxt bɨ ruuce jev p’eezče s’iine gɒrre,122
INF,12,e,э,kld_txt_Kert1961_jeerrkja_oollmej_bajas,oollme eel’l’ken’ saarrne parnaguejm štobe kɒmpaɲe paar’r’n soon al’n nɒɒj̥j̥tlede(h)č,122
INF,12,e,э,kld_txt_Kert1961_jeerrkja_oollmej_bajas,eexxt paar’r’n ɒɒš’s’tjuve nɒɒj̥j̥tledde,122
INF,12,e,э,Переведенный корпус,oollme toahten’ pugg poaččke a Mar'r’j Uvvan n’iijjt saarrn,122
INF,12,e,э,kld_txt_Kert1961_nuemmel_piras,sonn jur'te kolm al'kes mat’xe,122
INF,12,e,э,kld_txt_Kert1961_nuemmel_piras,puarsamuss al'l'k ujte l’eejp paštjen' vuepsuvve,122
INF,12,e,э,kld_txt_Kert1961_nuemmel_piras,nurmuss el'ke robxušše lɨhke p’eecet’.,122
INF,12,e,э,kld_txt_Kert1961_nuemmel_piras,nurmuss el'ke robxušše lɨhke p’eecet’.,122
INF,12,e,э,kld_txt_Kert1961_pro_vorona_tulena_i_dikogo_olena,kaallsenč ejj t’iid’ mene i poorre,122
INF,12,e,э,kld_txt_Kert1961_pro_vorona_tulena_i_dikogo_olena,ɨjas kɒmladd vued’d’e tol’ke mušt,122
INF,12,e,э,kld_txt_Kert1961_pro_vorona_tulena_i_dikogo_olena,jaannat ejj maahtenč poorre ejj maahtenč jugge,122
INF,12,e,э,kld_txt_Kert1961_pro_vorona_tulena_i_dikogo_olena,jaannat ejj maahtenč poorre ejj maahtenč jugge,122
INF,12,e,э,kld_txt_Kert1961_pro_vorona_tulena_i_dikogo_olena,čofta l’ii eellm oollme leeg loosse ap’p’s’e,122
INF,12,e,э,kld_txt_Kert1961_pro_vorona_tulena_i_dikogo_olena,čofta l’ii eellm oollme leeg loosse ap’p’s’e,122
INF,12,e,э,kld_txt_Kert1961_rybolovstvo_20210223,parna bɨdd vuul'l'ke nuuht'e,122
INF,12,e,э,kld_txt_Kert1961_rybolovstvo_20210223,parna bɨdd vuul'l'ke nuuht'e,122
INF,12,e,э,kld_txt_Kert1961_rybolovstvo_20210223,nuur'r' puud'e eel'l'keš' sɨvl' luuš'š'te,122
INF,12,e,э,kld_txt_Kert1961_rybolovstvo_20210223,tes't bɨdd sugge m'aalka,122
INF,12,e,э,kld_txt_Kert1961_rybolovstvo_20210223,štop luštɨj povve k'iirrknahč pɨjje kul̥p,122
INF,12,e,э,kld_txt_Kert1961_rybolovstvo_20210223,ja allk luuš'š'te nɨm'm'p' p'eel' nuut',122
INF,12,e,э,kld_txt_Kert1961_rybolovstvo_20210223,kues's' ran'n't puedeškud'e al'l't,122
INF,12,e,э,kld_txt_Kert1961_rybolovstvo_20210223,tanna eexxt olme tuerrpem muuren' el'ke tuerrpe,122
INF,12,e,э,kld_txt_Kert1961_rybolovstvo_20210223,ja eel'l'ken' nuut' poon'n'e,122
INF,12,e,э,kld_txt_Kert1961_rybolovstvo_20210223,tel' kuuht оollmе vuul'l'ken' par̥ket' soagge,122
INF,12,e,э,kld_txt_Kert1961_rybolovstvo_20210223,ja eel’l’ken' paar̥ket' skoban kaar'r'te ja nɨjpen' vuullе,122
INF,12,e,э,kld_txt_Kert1961_rybolovstvo_20210223,kues's' k’iihčev što vuajj nuut' pɨjje,122
INF,12,e,э,kld_txt_Kert1961_rybolovstvo_20210223,ja eennten' son'n'e jaam’m’de,122
INF,12,e,э,kld_txt_Kert1961_rybolovstvo_20210223,suldeš' kaas's'te kues's' nuut' kaas’s'tet',122
INF,12,e,э,kld_txt_Kert1961_rybolovstvo_20210223,tenn še cɨcces't' vuajj cɨhce soajmet',122
INF,12,e,э,Пkld_txt_Kert1961_suška škur,olme vaallt tuul’j ja kɒmmset’ leevlaht ja pɨjj koošškte,122
INF,12,e,э,Пkld_txt_Kert1961_suška škur,tuul’j al’n’ vuajj vued’d’e il’i kuarre maal’c’et’ ja rɒvvet’ a kɒmmsen’ kuaret’ tubɨrket’ p’imat’ buurket’,122
INF,12,e,э,Пkld_txt_Kert1961_suška škur,tuul’j al’n’ vuajj vued’d’e il’i kuarre maal’c’et’ ja rɒvvet’ a kɒmmsen’ kuaret’ tubɨrket’ p’imat’ buurket’,122
INF,12,e,э,kld_txt_Lehtiranta_1_r’iim’ɲ_moajnas,r’iimmɲ saarrn čte jeenna l’ii tuujje tuun s’eel’g kɨr’j(e)xe(ẟ),122
INF,12,e,э,Переведенный корпус,a l’aajj n’iijta v’aal uc’c’ i ejj šɨl̥kxa n’imeenn lɨhke,122
INF,12,e,э,Переведенный корпус,a pɨht’e peer̥r̥te jeer’es nɨzan sonn peele uššte vuajj pɒbbxe nɨzan kuu ejj vuaɲč vuajxe rɒdne jeen’ soon n’iijtaja,122
INF,12,e,э,Переведенный корпус,a pɨht’e peer̥r̥te jeer’es nɨzan sonn peele uššte vuajj pɒbbxe nɨzan kuu ejj vuaɲč vuajxe rɒdne jeen’ soon n’iijtaja,122
INF,12,e,э,Переведенный корпус,a pɨht’e peer̥r̥te jeer’es nɨzan sonn peele uššte vuajj pɒbbxe nɨzan kuu ejj vuaɲč vuajxe rɒdne jeen’ soon n’iijtaja,122
INF,12,e,э,Переведенный корпус,no n’iijtaja bɨdde l’aajj jeena sonn l’aajj v’aal uc’c’ bɨdde l’aajj soon m’iil’l’te ujjne,122
INF,12,e,э,Переведенный корпус,no n’iijtaja bɨdde l’aajj jeena sonn l’aajj v’aal uc’c’ bɨdde l’aajj soon m’iil’l’te ujjne,122
INF,12,e,э,Переведенный корпус,no n’iijtaja bɨdde l’aajj jeena sonn l’aajj v’aal uc’c’ bɨdde l’aajj soon m’iil’l’te ujjne,122
INF,12,e,э,Переведенный корпус,jur’te kaal’l’es’ vaal’l’te nɨzan kuu šendahč go rɒdne jeen’n’ n’iijtaja a vɨjte muddanaalla,122
INF,12,e,э,Переведенный корпус,jeen’n’p’eel’l’ sernna soon ejj šɒbša i paje jur’te kooxxt bɨ vɨjxe n’iijjtp’eel’ per̥tes’ pɒɒge,122
INF,12,e,э,Переведенный корпус,ejj eesstma sonn xar’a vuel’l’k’te kued’es’ vel’l’ej son’n’e vuessta aahk’ ja el’g’e šume kaallses’ eel,122
INF,12,e,э,Переведенный корпус,pɨd’d’e sonn n’iijtes’ vaarra ɨšteht’ soon p’eez’ vuella a iiǯ vɨxxta vɨjjel’ mɒɒst štobɨ ejj ujjine n’iijtes’ sɒr’m’,122
INF,12,e,э,Переведенный корпус,vuur’t’e vuur’t’e až’es’ ejj t’eedda sonn ejj jur’r’t’ma što vuel’l’k'teš soon kaal’l’me vaar’es’,122
INF,12,e,э,Переведенный корпус,vuulklešuude evdes’ vaan’c’e vaar’ m’iil’l’te n’iijjt el’ge soon moolle štobɨ ejj kuedeče sonn ooxxte vaarra,122
INF,12,e,э,Переведенный корпус,go soon jev vaarra jɒɒddxeš kuud'd'e,122
INF,12,e,э,Переведенный корпус,kues’s’ muuɲkaallsa puud'e sonn el'ge šumme soon eel,122
INF,12,e,э,Переведенный корпус,sonn nɨdd žal'ej ujjne n'iijjtes' kaallsa n'iijt sajes' vapteg ja cɒɒr al'k ahk'en' što lunten' ižes' pɒɒssvudes',122
INF,12,e,э,Переведенный корпус,tedd mudda ejj men karvulle n’ik’ee,122
INF,12,e,э,Переведенный корпус,bedd narod’d’e sɒg lɨhke,122
INF,12,e,э,Переведенный корпус,c’eel̥’l̥’k’ev vuul’l’k’e bedd ooʒe,122
INF,12,e,э,Переведенный корпус,c’eel̥’l̥’k’ev vuul’l’k’e bedd ooʒe,122
INF,12,e,э,Переведенный корпус,vuul’l’k’en’ ooʒe olmn’ed’d’e loag’g’ mat’t’,122
INF,12,e(d),э(д),kld_txt_Genetz1891,olmuj c'aal̥l̥ka što m'ii l'aak tonn v’iɨggolmejt egg vuajje mune kab’b’er' t’iivvte(d),2
INF,12,e(d),э(д),Переведенный корпус,tel’ sug’g’eš i el’k’en’ s’in’et’ ar’jeguejm taagge(d),2
INF,12,e(δ),э(),kld_txt_Genetz1891,voal'te(j) s'irre(δ) paarna(j)n' vuejve(j)t’ rɒdd,9
INF,12,e(δ),э(),kld_txt_Genetz1891,tal taall sonn taal vuejves’t’ kecest voal’te(j) pakke(δ),9
INF,12,e(δ),э(),kld_txt_Genetz1891,sonn ejj alka pag'g'e(δ) voal'te(j) taale k'aassad'd'e muursoane vuella kuaddas’ vaancel’,9
INF,12,e(δ),э(),kld_txt_Genetz1891,el’l’a kooxxt soagge(δ),9
INF,12,e(δ),э(),kld_txt_Genetz1891,pake(j) avvta kuajv taahke(δ),9
INF,12,e(δ),э(),kld_txt_Genetz1891,vaan'cel'(e) v’iil’k’es’ k’eedka kuajjve(δ),9
INF,12,e(δ),э(),kld_txt_Genetz1891,avvta vuul’ke(j) v’iil’g’es’ k’eeddke kuajjve(δ),9
INF,12,e(δ),э(),kld_txt_Genetz1891,taaht čac’c’k’e(δ),9
INF,12,e(δ),э(),kld_txt_Genetz1891,ten tuegga paštxe(δ) pɨht,9
INF,12,e(ẟ),э(),kld_txt_Lehtiranta_1_r’iim’ɲ_moajnas,r’iimmɲ saarrn čte jeenna l’ii tuujje tuun s’eel’g kɨr’j(e)xe(ẟ),7
INF,12,e(ẟ),э(),kld_txt_Lehtiranta_1_r’iim’ɲ_moajnas,bɨdd kuun’n’de(ẟ) jeenna muurre ja p’aasstaγe(j)d bed pooɲ(e)[f],7
INF,12,e(ẟ),э(),kld_txt_Lehtiranta_1_r’iim’ɲ_moajnas,čte emm vuejt lɨggse(ẟ),7
INF,12,e(ẟ),э(),kld_txt_Lehtiranta_1_r’iim’ɲ_moajnas,juelγeɲen d’i(i) juelγeɲen men(n) vexxteɲɲe vu(e)jjbed’d’e kar’r’e(ẟ),7
INF,12,e(ẟ),э(),kld_txt_Lehtiranta_2_r’iim’ɲ_i_taale_moajnas,no vɨl’l’kep vuaŋŋke(ẟ),7
INF,12,e(ẟ),э(),kld_txt_Lehtiranta_2_r’iim’ɲ_i_taale_moajnas,vɨl’l’ken vuaŋŋke(ẟ),7
INF,12,e(ẟ),э(),kld_txt_Lehtiranta_2_r’iim’ɲ_i_taale_moajnas,tɨj(j) jebbe maat’ vuaŋŋke(ẟ),7
INF,12,e.,э.,kld_txt_KarNC_wedding_pt2,telʼ en’nʼt’enʼ sonʼnʼe cʼeer̥’k’ vɒɒllenʼ jugge.,4
INF,12,e.,э.,Переведенный корпус,ext s'err nɨm'm'p' tɨvnede taallen’ ja el'k'e pl'ass'je.,4
INF,12,e.,э.,kld_txt_Kert1961_nuemmel_piras,ja ujte olmet’ gråbbe.,4
INF,12,e.,э.,kld_txt_Kert1961_rybolovstvo_20210223,bɨdd soon cɨhce.,4
INF,12,e:,э:,kld_txt_Kert1961_byl_o_ljajne,kuɛs’s’ tabhuve ɛl’ki͔ pirses odze:,1
INF,12,e?”,э?”,kld_txt_KarNC_wedding_pt2,kooxxt taabxe?”,1
INF,12,ed,эд,Переведенный корпус,narod’d’e bɨdd sirred,3
INF,12,ed,эд,Переведенный корпус,paar’r’n k’iičes’t’ tooge i mudda goarra k’iihč’ što viiǯed el’l’a kooz,3
INF,12,ed,эд,Переведенный корпус,sonn val’d’e samastr’eles’ pɨje n’ul i tɨvvluve r’eešškled,3
INF,12,eẟ,э,kld_txt_Lehtiranta_1_r’iim’ɲ_moajnas,vajšeɲɲe vuejjep kar’r’eẟ,3
INF,12,eẟ,э,kld_txt_Lehtiranta_2_r’iim’ɲ_i_taale_moajnas,kaallseɲǯ kuud’e(j) l’eeššeẟ,3
INF,12,eẟ,э,kld_txt_Lehtiranta_3_kɒn’t’_moajnas,tɒge ša i mun(n) vɨlgam vuaggeẟ,3
INF,12,e”.,э”.,kld_txt_KarNC_wedding_pt2,sʼiisʼsʼ cʼaal̥l̥k “munn emm vuej saarrne”.,1
INF,12,ɛ,,kld_txt_Kert1961_byl_o_ljajne,sonn vål’ti͔ ɛl’ki͔ sinɛt˙ kusxɛ,9
INF,12,ɛ,,kld_txt_Kert1961_byl_o_ljajne,ki̮pti͔ v’ār pi̮je porrɛ,9
INF,12,ɛ,,kld_txt_Kert1961_byl_o_ljajne,pirras pākɛ uītɛ oлkɛs ja påčkɛ,9
INF,12,ɛ,,kld_txt_Kert1961_byl_o_ljajne,pirras pākɛ uītɛ oлkɛs ja påčkɛ,9
INF,12,ɛ,,kld_txt_Kert1961_byl_o_ljajne,l’kɛn˙ porrɛ rūc,9
INF,12,ɛ,,kld_txt_Kert1961_byl_o_ljajne,čūd˙cuer’r’v’ ɛлtɛn˙ val’l’tɛ kahcad,9
INF,12,ɛ,,kld_txt_Kert1961_byl_o_ljajne,i ɛl’ki͔ sinɛt˙ kån’n’tɛ,9
INF,12,ɛ,,kld_txt_Kert1961_byl_o_ljajne,i joddɛi akes’ odzɛ,9
INF,12,ɛ,,kld_txt_Kert1961_byl_o_ljajne,l’k̭i͔ jena i̮ije mil’tɛ vodḓɛtɛ,9
INF,12,е,е,kld_txt_Kert1961_rybolovstvo_20210223,ja eel’l’ken' paar̥ket' skoban kaar'r'te ja nɨjpen' vuullе,1
INF?,1,e?,э?,,,1
ING,1,e,э,,,2
IPC,1,eš́,эш,,,1
IPC.PST,2,eš,эш,kld_txt_Kert1961_rybolovstvo_20210223,nuut' oolkes k'iis's'eš veennse ja suldeš'[a] loahpket',1
IPC.PST,2,eš'[a],эшь[а],kld_txt_Kert1961_rybolovstvo_20210223,nuut' oolkes k'iis's'eš veennse ja suldeš'[a] loahpket',1
IPFV,3,ell,элл,Переведенный корпус,pastex jaad’sellav čiirre,3
IPFV,3,ell,элл,Переведенный корпус,polxet jeb’b’ kaadxellma mɨjen pugg š’iiggten’n’e n’ik’ee čueʒa,3
IPFV,3,ell,элл,kld_txt_Kert1961_pro_vorona_tulena_i_dikogo_olena,al’tla puud’e ujjn kuuht nuer’j al’ka kuedes’t valas k’irsellev ja xur’g’sev,3
IPFV,3,el’l’,элль,Переведенный корпус,parna i n’iijde k’eeresel’l’en s’iijnen jornen,1
IPFV,3,n,н,Переведенный корпус,p’eejva l’eev što al’mes’ kopč(e)neddev peevl p’eejjv kues’s’ ejj vuaj meenne ab’b’r’ ab’b’r’ ejj vuaj i veeʒ a vuajj prosta meenne i veeʒ,10
IPFV,3,n,н,Переведенный корпус,puuʒet pugg kornem ja ɨldem tool ja al’g’em aavvde čaaj činne p’eerg,10
IPFV,3,n,н,Переведенный корпус,kornem puuʒet,10
IPFV,3,n,н,Переведенный корпус,parna i n’iijde k’eeresel’l’en s’iijnen jornen,10
IPFV,3,n,н,Переведенный корпус,jornev veeʒe k’iištet l’aajj čuujjge k’eeresen ur’d’es saav’ex’et n’ik’ee ejj murda,10
IPFV,3,n,н,Переведенный корпус,vuul'kep lаnnа t’iin'ket’ soagne,10
IPFV,3,n,н,kld_txt_Lehtiranta_2_r’iim’ɲ_i_taale_moajnas,vuaggel i k’iičnadd,10
IPFV,3,n,н,Переведенный корпус,i nɨd’d’ sɨjj jiil’l’en’ jeen’n’b’eel’l’ n’iijten’es’ eft vued’d’en’ ja poorren’ ja ɒrren’ paje k’iide rɨs's't'e ja pɒɒknedden’,10
IPFV,3,n,н,Переведенный корпус,luuj̥j̥knelle ɨšteht’ n’iijtes’ sɒne eel ja vɨjjel’ lɒttkna puuʒje al’n vaarra,10
IPFV,3,n,н,Переведенный корпус,kues’s’ sonn kuuddej vaares' sonn paje kiičnede,10
IPFV.NPST.3SG,1,an,ан,,,2
IPFV1,2,ell,элл,Переведенный корпус,luuj̥j̥knelle ɨšteht’ n’iijtes’ sɒne eel ja vɨjjel’ lɒttkna puuʒje al’n vaarra,1
IPFV1,2,n,н,Переведенный корпус,p’ees’s’ muur raadet mugga štobi soonn ejj vuajče muurrtje l’aahč bi rɒvas ja muulehče jeenne vuek’s’ i ejj sojnehče,2
IPFV1,2,n,н,kld_txt_Lehtiranta_3_kɒn’t’_moajnas,i k’iične(ẟ),2
IPFV1.NPST.3SG,2,ant,ант,Переведенный корпус,mugga čaaʒ’ veeʒ vɨrant,1
IPFV1.NPST.3SG,2,ač,ач,Переведенный корпус,nɨm’m’p’ p’eegač jul’k jev kun’t,1
IPFV1.PST.3SG,1,ent,энт,,,1
IPFV2,4,el,эл,kld_txt_Genetz1891,čaaʒ'jel'l'e puud'e(j) man'(e) kukxelk mune,1
IPFV2,4,el'l',элль,kld_txt_Genetz1891,sonn paarna mene(j) jaavvra jordan jus't'e kukxel'l'e čaaʒ'jelle,1
IPFV2,4,ell,элл,kld_txt_Genetz1891,k’eedka lɨggxellškuadd,2
IPFV2,4,ell,элл,kld_txt_Itkonen1931_6_page254,tejd ejj lɨggxelleɲč,2
IPFV2,4,l,л,kld_txt_KarNC_deers,eevvdel’ mɨjj joddlem’ kɒvvseguejm,3
IPFV2,4,l,л,kld_txt_KarNC_deers,pooddlev kues's' pastex' ut'olas't il'e k'es's'a pooddlev,3
IPFV2,4,l,л,kld_txt_KarNC_deers,pooddlev kues's' pastex' ut'olas't il'e k'es's'a pooddlev,3
IPFV2.NPST.3SG,1,al,ал,,,1
IPS.NPST,2,et,эт,Переведенный корпус,no p’ervimi pueddev ɲuvč ja čueɲɲe ja cizga rušas son kаǯet ‘punačka’,1
IPS.NPST,2,et’,этҍ,Пkld_txt_Kert1961_suška škur,tuul’j al’n’ vuajj vued’d’e il’i kuarre maal’c’et’ ja rɒvvet’ a kɒmmsen’ kuaret’ tubɨrket’ p’imat’ buurket’,1
IPS.PST,1,eš,эш,,,1
KIN,1,gɒn’c’,гоанҍц,,,1
LOC,8,en,эн,Переведенный корпус,polxet jeb’b’ kaadxellma mɨjen pugg š’iiggten’n’e n’ik’ee čueʒa,2
LOC,8,en,эн,kld_txt_Lehtiranta_3_kɒn’t’_moajnas,s’iinen šende(j) paaršeɲč,2
LOC,8,en',энҍ,kld_txt_KarNC_deers,s'iinen' gaz'eta paj l'eev gaz'etet' looggev,1
LOC,8,en’,энҍ,Переведенный корпус,kolxos ad’d’e mɨjjen’,6
LOC,8,en’,энҍ,Переведенный корпус,meenn sɒɒnes kuuht jeer’g’ jɒd’exen’ p’eerg ja saav’ex’et koogg l’iijem koorrma saallvas sɨz’z’en’,6
LOC,8,en’,энҍ,kld_txt_KarNC_deers,m’iinen’ v’iil’jangɒn’c’ pɨɲɲen’,6
LOC,8,en’,энҍ,kld_txt_KarNC_deers,p’ervo l’aajj s’iinen’ puaz,6
LOC,8,en’,энҍ,kld_txt_KarNC_deers,ad’d’ l’eev s’iinen’ l’eev ad’d’ pugg el’l’a nɨd’d’ kooxxt eevvdel’ l’aajj,6
LOC,8,en’,энҍ,kld_txt_KarNC_wedding_pt2,no ladno mɨjj zamorske kupcagul jɒd’d’ep’ m’iinen’ l’eev pugg l’ekarstva mɨjjgul an’n’t’ep’ tɨjjegul,6
LOC,8,es’,эсь,kld_GGM_SG_map_202308D,suulle l’eev jaav’r’es’e,2
LOC,8,es’,эсь,kld_txt_Kert1961_byl_o_ljajne,idžɛs’es’ kize pɛr’a perk,2
LOC,8,es’(t’),эсь(тҍ),kld_txt_KarNC_wedding_pt2,a m’iines’(t’)gul l’eev vaal’ rueč,1
LOC,8,es’t’,эсьт,kld_txt_KarNC_deers,a sɨjj paj eftes’t’ jiil’l’en’,3
LOC,8,es’t’,эсьт,kld_txt_KarNC_deers,ruup’p’s’es’ čum eevvdel’ jev el’l’ij m’iines’t’,3
LOC,8,es’t’,эсьт,kld_txt_KarNC_wedding_pt2,čaapex kal’l’m’ no l’eev m’iines’t’ lɨhcep’gul,3
LOC,8,s,с,kld_txt_Lehtiranta_3_kɒn’t’_moajnas,telagast l’ii jeennsant ɲiɲɲč i num’m’p,1
LOC,8,st,ст,kld_txt_Genetz1891,sɨjj al'kes kočsen tonst m’ii l'ii pampel'e(j)t l'eeštaɲč pugg laampse(j)t pore,1
LOC.PL,3,a(j)n',а(й)нҍ,kld_txt_Genetz1891,voal'te(j) s'irre(δ) paarna(j)n' vuejve(j)t’ rɒdd,1
LOC.PL,3,en,эн,Переведенный корпус,saajmet k’iičet sutken eex’x’teš’,3
LOC.PL,3,en,эн,Переведенный корпус,k’eez’et nuut’ mugga sajen kas’s’* jolla kieb’g’** l’ii nol’ges*** pɒn’n’,3
LOC.PL,3,en,эн,Переведенный корпус,i nɨd’d’ pradalžaetsa kaaždɨ eeg’en’ raaznɨ p’iirras raaznɨ sajen šel’l’ev kuul’e,3
LOC.PL,3,en’,энҍ,Переведенный корпус,p’e’r’enoskat’ lɨgget nɒɒk’en’,8
LOC.PL,3,en’,энҍ,kld_txt_KarNC_deers,no m’iines’t’ puaz paj nɨt’t’e jiil’e no m’iinen’ puaz paj vuameškuud’e,8
LOC.PL,3,en’,энҍ,kld_txt_KarNC_deers,a iižmen’ maŋŋades’t’ges k’aahpneškuud’e,8
LOC.PL,3,en’,энҍ,kld_txt_KarNC_deers,ad’d’ jeel’l’ep’ pugg kolxozen’,8
LOC.PL,3,en’,энҍ,kld_txt_KarNC_deers,ad’d’ l’iijjen’ konešno sɒɒmen’ aǯ’san ja d’eed’san,8
LOC.PL,3,en’,энҍ,kld_txt_KarNC_deers,tel’ l’aajj z čuez tel’ l’aajj muddmen’,8
LOC.PL,3,en’,энҍ,kld_txt_KarNC_deers,muddmen’ l’iijjen’ maŋŋa kues’s’ pɨɲɲeškuud’d’en’,8
LOC.PL,3,en’,энҍ,Переведенный корпус,a vennas s’inen’ l’iijen’ rɨnt kuures’t,8
LOC.PL/POSS2?,1,enʼ,эн,,,1
LOC.SG,22,as,ас,Переведенный корпус,saam saarnev što nim’b’ aavgustes puadd kuevs i čɒɒhpes’ j’eer‘g lɒɒgas k’iin’n’t’e,6
LOC.SG,22,as,ас,Переведенный корпус,aavguust maanas s’eent’aabr maanas akt’aabr maanas j’eerg l’eev loosses,6
LOC.SG,22,as,ас,Переведенный корпус,aavguust maanas s’eent’aabr maanas akt’aabr maanas j’eerg l’eev loosses,6
LOC.SG,22,as,ас,Переведенный корпус,aavguust maanas s’eent’aabr maanas akt’aabr maanas j’eerg l’eev loosses,6
LOC.SG,22,as,ас,Переведенный корпус,mennev tɒɒjv šurr ab’r’ a s’eent’aabres akt’aabr maanas a’lg uže pɨjje veeze,6
LOC.SG,22,as,ас,Переведенный корпус,čeexxč puadd m’iine pɒɒjkes najabres dekaаbr mаanas,6
LOC.SG,22,as't,асьт,kld_txt_KarNC_deers,pooddlev kues's' pastex' ut'olas't il'e k'es's'a pooddlev,1
LOC.SG,22,as’,ась,Переведенный корпус,čeexxč saam oollme saarnev puadd nim’b čislas’ aavgustes kues’s’ p’eervi vuer oolme ujnas al’m’es tas’t’,2
LOC.SG,22,as’,ась,Переведенный корпус,kuddlɒg’g’ kualmante ɨg’es’ janvari maanas’ munn učenekam’i avcand klaases’ vɨjjl’em čiirre puuʒeguejm,2
LOC.SG,22,as’(t),ась(т),kld_txt_Kert1961_pro_vorona_tulena_i_dikogo_olena,ja n’učkej tuaras’(t) ken’ce p’alpend,1
LOC.SG,22,en,эн,Переведенный корпус,nuuht’ l’ii kug’g’es’ vuud’en m’etrav koollm ɲeel’l’j čuud’e,2
LOC.SG,22,en,эн,Переведенный корпус,veʒʒ keessem bɨvaet l’aam’d’es vaar’en,2
LOC.SG,22,es,эс,Переведенный корпус,nu sp’erva luuš’t’et saajmet čuallma el’e že ɲɒɒrges tavas kas’s’ kuul’l’ dolžan meenne paal’ bajas paal’ bajas,27
LOC.SG,22,es,эс,Переведенный корпус,veenses čaс’k’et jaakr ja nuut’ tuubet n’eskol’ka raaz,27
LOC.SG,22,es,эс,Переведенный корпус,kuul’ pɒppalet raaznɨ nalla laanas jeenne no kuul’ abɨčna val’d’et pooves,27
LOC.SG,22,es,эс,Переведенный корпус,nuut’et kooxxt jaav’res nɨt’t’e i joks,27
LOC.SG,22,es,эс,Переведенный корпус,jel’l’eš eev’dla koavas keskes puell tooll a pɨrr ad’d’em v’ell as’te a pɨrr aaret es’tmen,27
LOC.SG,22,es,эс,Переведенный корпус,čeexxč saam oollme saarnev puadd nim’b čislas’ aavgustes kues’s’ p’eervi vuer oolme ujnas al’m’es tas’t’,27
LOC.SG,22,es,эс,Переведенный корпус,čeexxč saam oollme saarnev puadd nim’b čislas’ aavgustes kues’s’ p’eervi vuer oolme ujnas al’m’es tas’t’,27
LOC.SG,22,es,эс,Переведенный корпус,saam saarnev što nim’b’ aavgustes puadd kuevs i čɒɒhpes’ j’eer‘g lɒɒgas k’iin’n’t’e,27
LOC.SG,22,es,эс,Переведенный корпус,mennev tɒɒjv šurr ab’r’ a s’eent’aabres akt’aabr maanas a’lg uže pɨjje veeze,27
LOC.SG,22,es,эс,Переведенный корпус,p’eervi veeze pɨjj sun’n’t’ad tell pɨjj tell avda pɨjj i tɒɒjv maŋŋa pɨjj ja’vr i joge lɒɒnd аl’gev milgnes kal’l’me,27
LOC.SG,22,es,эс,Переведенный корпус,čeexxč puadd m’iine pɒɒjkes najabres dekaаbr mаanas,27
LOC.SG,22,es,эс,Переведенный корпус,čeexxč puadd m’iine pɒɒjkes najabres dekaаbr mаanas,27
LOC.SG,22,es,эс,Переведенный корпус,veʒʒ keessem bɨvaet l’aam’d’es vaar’en,27
LOC.SG,22,es,эс,Переведенный корпус,čeares tenn veeze kon pɨjet čeexxčа ted veeʒ pukk b’eda l’ii roovas i čaares vesenom taal’l’va mennev paje al’m’ al’m’,27
LOC.SG,22,es,эс,Переведенный корпус,čeares tenn veeze kon pɨjet čeexxčа ted veeʒ pukk b’eda l’ii roovas i čaares vesenom taal’l’va mennev paje al’m’ al’m’,27
LOC.SG,22,es,эс,Переведенный корпус,meenn sɒɒnes kuuht jeer’g’ jɒd’exen’ p’eerg ja saav’ex’et koogg l’iijem koorrma saallvas sɨz’z’en’,27
LOC.SG,22,es,эс,Переведенный корпус,vɨjjl’em mɨjj jeek’na sijd’es čaar paaj̥k’ gɒrre ɒd’d’emvuajvaeel,27
LOC.SG,22,es,эс,Переведенный корпус,ɒd’d’emvuajvas mɨjj l’iijem i l’iijem vel šuurr ur’d’es,27
LOC.SG,22,es,эс,Переведенный корпус,ur’d’es tedd lujav’r’ur’r’d’,27
LOC.SG,22,es,эс,Переведенный корпус,vɨjem mɨjj rast laan’d’ lɒɒn’d’e m’iil’l’d’e čuujav’r’ čel’čedvɒɒr’e a al’m’es l’aajj b’eda mooǯes vɒɒvkez,27
LOC.SG,22,es,эс,Переведенный корпус,kuus’s’t’en al’m’es taas’t’,27
LOC.SG,22,es,эс,Переведенный корпус,jornev veeʒe k’iištet l’aajj čuujjge k’eeresen ur’d’es saav’ex’et n’ik’ee ejj murda,27
LOC.SG,22,es,эс,Переведенный корпус,tenn paxodes m’iineguejm l’iijjen puadda kar’elsk’i parna,27
LOC.SG,22,es,эс,Переведенный корпус,mɨjj tenn paxodes jiil’em b’eda druužna,27
LOC.SG,22,es,эс,Переведенный корпус,i tenn v’eečres kuu l’aajj kug’g’ meene m’iine b’eda mooǯten’n’e,27
LOC.SG,22,es,эс,kld_txt_Itkonen1931_6_page254,oar̥’r̥’t’es pɨje,27
LOC.SG,22,es,эс,kld_txt_Kert1961_rybolovstvo_20210223,nuut' oolkes k'iis's'eš veennse ja suldeš'[a] loahpket',27
LOC.SG,22,es',эсь,kld_txt_KarNC_deers,jeel'l'ev s'erna gu sɨjdes' nɨzan jeel'l'ev,5
LOC.SG,22,es',эсь,Переведенный корпус,kas't' luuhp’el' l'aajj koanta sonn meenne sajja čuur'v'et' n'al'mes' ompan vuuv’s'e,5
LOC.SG,22,es',эсь,Переведенный корпус,kues’s’ sonn kuuddej vaares' sonn paje kiičnede,5
LOC.SG,22,es',эсь,Переведенный корпус,sonn nɨdd žal'ej ujjne n'iijjtes' kaallsa n'iijt sajes' vapteg ja cɒɒr al'k ahk'en' što lunten' ižes' pɒɒssvudes',5
LOC.SG,22,es',эсь,Переведенный корпус,sonn nɨdd žal'ej ujjne n'iijjtes' kaallsa n'iijt sajes' vapteg ja cɒɒr al'k ahk'en' što lunten' ižes' pɒɒssvudes',5
LOC.SG,22,es't',эсьт,Переведенный корпус,k’iil’te n’iijjt Mar'r'j’ Uvvan n’iijjt jiil'l'e uc'c' sɨjtes't' ooxxte,4
LOC.SG,22,es't',эсьт,kld_txt_Kert1961_rybolovstvo_20210223,sɨjj kubet' pooves't' voal'l'ten',4
LOC.SG,22,es't',эсьт,kld_txt_Kert1961_rybolovstvo_20210223,oakkšen v’eer'r'en' p’iizet' sueges't',4
LOC.SG,22,es't',эсьт,kld_txt_Kert1961_rybolovstvo_20210223,tenn še cɨcces't' vuajj cɨhce soajmet',4
LOC.SG,22,es't’,эсьт,Переведенный корпус,čuudzes't’ pɨht’e sɨnnem sevs luuhp’el',3
LOC.SG,22,es't’,эсьт,Переведенный корпус,juug’g’e čer'krɨgge luuhpl’es't’ čuur'v’et' ja pɨht’e mɨn’n’e,3
LOC.SG,22,es't’,эсьт,kld_txt_Kert1961_nuemmel_piras,juge vɨn surmguades't’ pore p’eerk kuemmer' sɨz'n’.,3
LOC.SG,22,est,эст,kld_txt_Lehtiranta_1_r’iim’ɲ_moajnas,toolest s’eel’l’g puul’l’eškuud’e ja saarrn,10
LOC.SG,22,est,эст,kld_txt_Lehtiranta_2_r’iim’ɲ_i_taale_moajnas,r’iim’m’ɲ koac’kej puacckas rast jeer’kest,10
LOC.SG,22,est,эст,kld_txt_Lehtiranta_2_r’iim’ɲ_i_taale_moajnas,k’eet’kest meene(j) s’eejjp rast,10
LOC.SG,22,est,эст,kld_txt_Lehtiranta_2_r’iim’ɲ_i_taale_moajnas,ten(n) kuejjke l’ii taalest ja k’eet’kest ja ɲuem’m’lest vuen’ex s’eejjp čte s’eejp kuedd(e)jen jaavvra,10
LOC.SG,22,est,эст,kld_txt_Lehtiranta_2_r’iim’ɲ_i_taale_moajnas,ten(n) kuejjke l’ii taalest ja k’eet’kest ja ɲuem’m’lest vuen’ex s’eejjp čte s’eejp kuedd(e)jen jaavvra,10
LOC.SG,22,est,эст,kld_txt_Lehtiranta_2_r’iim’ɲ_i_taale_moajnas,ten(n) kuejjke l’ii taalest ja k’eet’kest ja ɲuem’m’lest vuen’ex s’eejjp čte s’eejp kuedd(e)jen jaavvra,10
LOC.SG,22,est,эст,kld_txt_Lehtiranta_3_kɒn’t’_moajnas,aag’est l’aaj kɒn’n’t kaallsen,10
LOC.SG,22,est,эст,kld_txt_Lehtiranta_3_kɒn’t’_moajnas,kɒn’n’t puud’e(j) m’eec’est,10
LOC.SG,22,est,эст,kld_txt_Lehtiranta_3_kɒn’t’_moajnas,i kaažne lestest i kaažne m’iisstegest peel(e),10
LOC.SG,22,est,эст,kld_txt_Lehtiranta_3_kɒn’t’_moajnas,i kaažne lestest i kaažne m’iisstegest peel(e),10
LOC.SG,22,est’,эсьт,Переведенный корпус,jil’e saam’ narot k’ilt suullest’,1
LOC.SG,22,es’,эсь,kld_GGM_SG_map_202308D,jaav’r’es’ jɒdd jogg pajas,38
LOC.SG,22,es’,эсь,kld_GGM_SG_map_202308D,jaav’r’es’,38
LOC.SG,22,es’,эсь,kld_GGM_SG_map_202308D,šuurr jaav’r’es’,38
LOC.SG,22,es’,эсь,kld_GGM_SG_map_202308D,koolm sajes’ n’eel’j sajes’ даже vɨd sajes’ per̥t l’eev,38
LOC.SG,22,es’,эсь,kld_GGM_SG_map_202308D,koolm sajes’ n’eel’j sajes’ даже vɨd sajes’ per̥t l’eev,38
LOC.SG,22,es’,эсь,kld_GGM_SG_map_202308D,koolm sajes’ n’eel’j sajes’ даже vɨd sajes’ per̥t l’eev,38
LOC.SG,22,es’,эсь,kld_GGM_SG_map_202308D,vɨd(d) sajes’ sɨj l’eev,38
LOC.SG,22,es’,эсь,kld_SAM_SG_map_20230815,suulljes’,38
LOC.SG,22,es’,эсь,kld_SAM_SG_map_20230815,num’p’ sɨjjta kuu l’ii vaar’es’,38
LOC.SG,22,es’,эсь,kld_SAM_SG_map_20230815,kuu l’ii vaar’es’ činčb’e(e)l’,38
LOC.SG,22,es’,эсь,kld_SAM_SG_map_20230815,tenn sɨjdes’ bɨdd meenne,38
LOC.SG,22,es’,эсь,kld_SAM_SG_map_20230815,gu sɨjjt l’ii vaar’es’,38
LOC.SG,22,es’,эсь,kld_SAM_SG_map_20230815,jaav’r’es’ jes’ jɒdjax sɨjjta,38
LOC.SG,22,es’,эсь,Переведенный корпус,lujaav’r’es’ j’eerg l’eev razni,38
LOC.SG,22,es’,эсь,Переведенный корпус,kɨdd puadd k’eež’es’ martes’ abična apr’eles’,38
LOC.SG,22,es’,эсь,Переведенный корпус,kɨdd puadd k’eež’es’ martes’ abična apr’eles’,38
LOC.SG,22,es’,эсь,Переведенный корпус,kɨdd puadd k’eež’es’ martes’ abična apr’eles’,38
LOC.SG,22,es’,эсь,Переведенный корпус,kɨdda veeʒ m’iil’g’n’es’ sunt p’eejjv paššt čuuddem,38
LOC.SG,22,es’,эсь,Переведенный корпус,i kɨdda asob’ena maajj maanes’ meennev ab’r’ kɨddaab’r’,38
LOC.SG,22,es’,эсь,Переведенный корпус,p’eejva l’eev što al’mes’ kopč(e)neddev peevl p’eejjv kues’s’ ejj vuaj meenne ab’b’r’ ab’b’r’ ejj vuaj i veeʒ a vuajj prosta meenne i veeʒ,38
LOC.SG,22,es’,эсь,Переведенный корпус,taal’l’va / taal’l’va veeʒ l’ii b’eda mooǯe i vaar’es’ l’ii b’eda mooǯe,38
LOC.SG,22,es’,эсь,Переведенный корпус,pɒstxet’ koogg l’eev čuuʒes’ b’eda bɨdd jenna vaan’n’c’e i čuuʒe kooppče eft sajja,38
LOC.SG,22,es’,эсь,Переведенный корпус,kuddlɒg’g’ kualmante ɨg’es’ janvari maanas’ munn učenekam’i avcand klaases’ vɨjjl’em čiirre puuʒeguejm,38
LOC.SG,22,es’,эсь,Переведенный корпус,kuddlɒg’g’ kualmante ɨg’es’ janvari maanas’ munn učenekam’i avcand klaases’ vɨjjl’em čiirre puuʒeguejm,38
LOC.SG,22,es’,эсь,Переведенный корпус,sijd’es’ m’iinet pood’d’en pravažat jeen’ až’ i v’iil’j tɒɒvvrež vuep’s’ej i mudda oollme,38
LOC.SG,22,es’,эсь,kld_txt_KarNC_deers,i kolxozes’ vuajj j’eel’le,38
LOC.SG,22,es’,эсь,kld_txt_KarNC_deers,pajše pail’e kolxozes’ pail’e vaanas,38
LOC.SG,22,es’,эсь,kld_txt_KarNC_deers,a čuuʒes’t’ kaažde br’igades’ l’ii rad’iopr’ijomn’ihk’ l’ii s’iirr,38
LOC.SG,22,es’,эсь,kld_txt_KarNC_deers,sɨjjdel’ jeel’l’ev čuuʒes’,38
LOC.SG,22,es’,эсь,Переведенный корпус,jeen’n’ n’iijtes’ el’l’ej,38
LOC.SG,22,es’,эсь,Переведенный корпус,tenn nɨznes’ l’aajj iiǯes’ n’iijta,38
LOC.SG,22,es’,эсь,Переведенный корпус,jeen’n’p’eel’l’ sernna soon ejj šɒbša i paje jur’te kooxxt bɨ vɨjxe n’iijjtp’eel’ per̥tes’ pɒɒge,38
LOC.SG,22,es’,эсь,Переведенный корпус,eex’x’teš’ kaal’l’es’ puud’e vaar’es’ mɒɒst,38
LOC.SG,22,es’,эсь,Переведенный корпус,ejj eesstma sonn xar’a vuel’l’k’te kued’es’ vel’l’ej son’n’e vuessta aahk’ ja el’g’e šume kaallses’ eel,38
LOC.SG,22,es’,эсь,Переведенный корпус,ɲues’s’ nɨzan per̥tes’ b’eda p’iirrse,38
LOC.SG,22,es’,эсь,Переведенный корпус,vuur’t’e vuur’t’e až’es’ ejj t’eedda sonn ejj jur’r’t’ma što vuel’l’k'teš soon kaal’l’me vaar’es’,38
LOC.SG,22,es’,эсь,Переведенный корпус,vuulklešuude evdes’ vaan’c’e vaar’ m’iil’l’te n’iijjt el’ge soon moolle štobɨ ejj kuedeče sonn ooxxte vaarra,38
LOC.SG,22,es’,эсь,Переведенный корпус,sɨjj čutt jeve luunntna zaav’is't’es’,38
LOC.SG,22,es’t,эсьт,kld_SAM_SG_map_20230815,eexxt sɨjjt l’ii vaar’es’t,12
LOC.SG,22,es’t,эсьт,kld_SAM_SG_map_20230815,vaan’n’c’e av’t sɨjdes’t num’p’ sɨjjta,12
LOC.SG,22,es’t,эсьт,kld_txt_KarNC_deers,ad’d’ m’iines’t’ kolxozes’t cuez šende vɨddemp’lɒg’g’ tɒfant,12
LOC.SG,22,es’t,эсьт,kld_txt_Kert1961_byl_o_ljajne,mudḓa saijes’t лi̮kkɛ pi̮rr kuɛd˙ krepas’t˙ murɛn˙,12
LOC.SG,22,es’t,эсьт,kld_txt_Kert1961_pro_vorona_tulena_i_dikogo_olena,a m’ii l’ii karnses’t porrmuššen kuem čoajva ja jɒrk kɒmme vuajva,12
LOC.SG,22,es’t,эсьт,kld_txt_Kert1961_pro_vorona_tulena_i_dikogo_olena,al’tla puud’e ujjn kuuht nuer’j al’ka kuedes’t valas k’irsellev ja xur’g’sev,12
LOC.SG,22,es’t,эсьт,kld_txt_Kert1961_pro_vorona_tulena_i_dikogo_olena,nuer’j poorrem luus kus’k’ ja jug’g’enalšem kuul’ raašk no per’a meenn karnses’t,12
LOC.SG,22,es’t,эсьт,kld_txt_Kert1961_pro_vorona_tulena_i_dikogo_olena,kuedes’t l’eev kuuht ufs,12
LOC.SG,22,es’t,эсьт,kld_txt_Kert1961_pro_vorona_tulena_i_dikogo_olena,an’ k’iij sajes’t ɒrr,12
LOC.SG,22,es’t,эсьт,kld_txt_Kert1961_pro_vorona_tulena_i_dikogo_olena,tool sajes’t luuj̥ke,12
LOC.SG,22,es’t,эсьт,kld_txt_Kert1961_pro_vorona_tulena_i_dikogo_olena,ukks m’iilkes’t lɨhkenč,12
LOC.SG,22,es’t,эсьт,Переведенный корпус,a vennas s’inen’ l’iijen’ rɨnt kuures’t,12
LOC.SG,22,es’t’,эсьт,Переведенный корпус,keskes’t’ koollset’ kuud’et’ mugga al’a saja a vuul’em’b’eel’l’ lɨgget raajk,22
LOC.SG,22,es’t’,эсьт,Переведенный корпус,suum’p’et’ lɨgget t’een’n’et’ k’eev’l’ k’eev’l’ lɨgget kuuss vuek’s’es’t’,22
LOC.SG,22,es’t’,эсьт,Переведенный корпус,k’eev’l’ vuejet lɨhke i p’ees’s’ muures’t’,22
LOC.SG,22,es’t’,эсьт,Переведенный корпус,k’aavvla pɨjet vel nɒɒket’ a tej(d) nɒɒk’e k’aaǯa kruges’t’ pɨjet p’ees’s’ muur iižes’ suem’p’,22
LOC.SG,22,es’t’,эсьт,kld_txt_Genetz1891,tal taall sonn taal vuejves’t’ kecest voal’te(j) pakke(δ),22
LOC.SG,22,es’t’,эсьт,kld_txt_Genetz1891,čal’m’es’t’ kaadd,22
LOC.SG,22,es’t’,эсьт,kld_txt_Itkonen1931_6_page254,koavvn’en’ kued’e vaar’es’t’,22
LOC.SG,22,es’t’,эсьт,kld_txt_Itkonen1931_6_page254,el’l’ij n’im’ii kued’es’t’,22
LOC.SG,22,es’t’,эсьт,kld_txt_KarNC_deers,no m’iines’t’ puaz paj nɨt’t’e jiil’e no m’iinen’ puaz paj vuameškuud’e,22
LOC.SG,22,es’t’,эсьт,kld_txt_KarNC_deers,soonn vuul’k’e čuuʒje soonn čeed čuuʒes’t’ j’iil’e vooddede,22
LOC.SG,22,es’t’,эсьт,kld_txt_KarNC_deers,maŋŋa m’iines’t’ puaz peejjneškuud’e pajjas šenteškuud’e laššneškuud’e,22
LOC.SG,22,es’t’,эсьт,kld_txt_KarNC_deers,ad’d’ m’iines’t’ kolxozes’t cuez šende vɨddemp’lɒg’g’ tɒfant,22
LOC.SG,22,es’t’,эсьт,kld_txt_KarNC_deers,a jeena al’l’a kolxozes’t’,22
LOC.SG,22,es’t’,эсьт,kld_txt_KarNC_deers,m’iin ruup’p’s’es’ čuma ɒɒlkxuv’v’en’ tala kolxozes’t’,22
LOC.SG,22,es’t’,эсьт,kld_txt_KarNC_deers,a čuuʒes’t’ kaažde br’igades’ l’ii rad’iopr’ijomn’ihk’ l’ii s’iirr,22
LOC.SG,22,es’t’,эсьт,kld_txt_KarNC_wedding,k’eeǯen’ n’iijtes’t’ ja žen’x’es’t’,22
LOC.SG,22,es’t’,эсьт,kld_txt_KarNC_wedding,k’eeǯen’ n’iijtes’t’ ja žen’x’es’t’,22
LOC.SG,22,es’t’,эсьт,kld_txt_KarNC_wedding,toonn vaaltax iiž’ant m’iiles’t’ al’i k’eenn,22
LOC.SG,22,es’t’,эсьт,kld_txt_Kert1961_jeerrkja_oollmej_bajas,kuul’l’j’aav’r’ rɨntes’t’ jiil’l’en’ jeerrkja oollme,22
LOC.SG,22,es’t’,эсьт,Переведенный корпус,s’ines’t’ l’ijjen’ vennas k’aassen’č di l’ijjen’ t’eerpnenč kobba jev kuestče rɨnnte,22
LOC.SG,22,es’t’,эсьт,Переведенный корпус,a s’ines’t’ pɨss jev l’iin’č,22
LOC.SG,22,es’t’,эсьт,Переведенный корпус,k’iih’čev keeskes’t’ paax’t’e kues’s’t’ suvv,22
LOC.SG,22,i̮s’,ысь,kld_txt_Kert1961_byl_o_ljajne,tɛs’t˙ L’ain šur ni̮ipɛn˙ ter̭pe cepɛt˙ čūd˙čur’v’i̮s’,1
LOC.SG,22,i͔s’,ысь,kld_txt_Kert1961_byl_o_ljajne,v’ār ki̮pti͔ šur ci̮hci̮m kimn’i͔s’,1
LOC.SG,22,s,с,Переведенный корпус,nuut’et kooxxt jaav’res nɨt’t’e i joks,6
LOC.SG,22,s,с,Переведенный корпус,ɒd’d’emvuajvas mɨjj l’iijem i l’iijem vel šuurr ur’d’es,6
LOC.SG,22,s,с,kld_txt_KarNC_deers,ad’d’ l’iijjen’ konešno sɒɒmen’ aǯ’san ja d’eed’san,6
LOC.SG,22,s,с,kld_txt_KarNC_deers,ad’d’ l’iijjen’ konešno sɒɒmen’ aǯ’san ja d’eed’san,6
LOC.SG,22,s,с,kld_txt_KarNC_deers,aǯ’san l’aajj čuud’(d’) p’eel’l’em’p’ l’aajj,6
LOC.SG,22,s,с,kld_txt_KarNC_deers,a sɨmman d’eed’san l’aajj soost l’aajj čuud’(d’) koollm,6
LOC.SG,22,s't',сьт,Переведенный корпус,aggas't' liijen’ kuuht vaajjveš al'k',1
LOC.SG,22,s’t,сьт,kld_txt_Kert1961_pro_vorona_tulena_i_dikogo_olena,vɒl’te kaallsas’t puarsamuss n’iijd,1
LOC.SG,22,ɛn˙,н˙,kld_txt_Kert1961_byl_o_ljajne,tɛl’ tabɛt˙ ruhcлa jul’kɛn˙ ja c’aḽḽk:,1
LOC.SG,22,ɛs,с,kld_txt_Kert1961_byl_o_ljajne,pirras pākɛ uītɛ oлkɛs ja påčkɛ,1
LOC.SG,22,ɛs’,сь,kld_txt_Kert1961_byl_o_ljajne,sonn pirsɛnɛs’,3
LOC.SG,22,ɛs’,сь,kld_txt_Kert1961_byl_o_ljajne,kuɛs’s’ mec’ɛs’ pud˙i͔,3
LOC.SG,22,ɛs’,сь,kld_txt_Kert1961_byl_o_ljajne,i sama jenmus tōл pul’l’ɐv suллɛs’,3
MID,7,ad,ад,Переведенный корпус,vaar’ l’ee∅ tuvvnadma taal’l’v n’iijjden’,1
MID,7,ad'd',адтҍ,kld_txt_Genetz1891,sonn ejj alka pag'g'e(δ) voal'te(j) taale k'aassad'd'e muursoane vuella kuaddas’ vaancel’,1
MID,7,ed,эд,Переведенный корпус,tagda mɨjj iiǯ pɒɒj̥kan urdan snemajedem tel’e al’g’em jɒddjem saav’exal’n valas,11
MID,7,ed,эд,Переведенный корпус,poorem tes’t’ mɨjj vuudem i iinca k’aassedem,11
MID,7,ed,эд,Переведенный корпус,kast’umčiket v’iil’l’g’es roovašket mooǯes plaat’jat i jeekna kopčenedem iiǯan škoola enternaahte v’ees’s’lušše,11
MID,7,ed,эд,kld_txt_KarNC_deers,soonn vuul’k’e čuuʒje soonn čeed čuuʒes’t’ j’iil’e vooddede,11
MID,7,ed,эд,kld_txt_KarNC_deers,pastex' vood'd'ede mugga l'ii per'e šiig',11
MID,7,ed,эд,kld_txt_KarNC_wedding_pt2,soonn tel’ sprovdede,11
MID,7,ed,эд,Переведенный корпус,kaal’l’es jur’te jur’te paš’š’e nɒɒj̥j̥tlede vɒɒl’te v’iir’es’ nɨzan,11
MID,7,ed,эд,Переведенный корпус,tedd l’aajj muuɲkaallsa muuɲkaallsa t’iirvxede n’iijten’ sonn vuessta,11
MID,7,ed,эд,Переведенный корпус,n’iijjta paar’r’n’ ponrav’dede i cɒɒr al’l’k’ i kaallsa n’iijjt nɒɒj̥j̥tledden’ i jeel’ešuud’d’en’ š’iiggten’n’e i tenna rajja jeellev i m’iinet’ kuessa kɒhčev,11
MID,7,ed,эд,Переведенный корпус,akka n'iijjt vaarra tuvvnede poahksenne,11
MID,7,ed,эд,Переведенный корпус,kues’s’ sonn kuuddej vaares' sonn paje kiičnede,11
MID,7,edd,эдт,Переведенный корпус,p’eejva l’eev što al’mes’ kopč(e)neddev peevl p’eejjv kues’s’ ejj vuaj meenne ab’b’r’ ab’b’r’ ejj vuaj i veeʒ a vuajj prosta meenne i veeʒ,8
MID,7,edd,эдт,Переведенный корпус,parna pugg ujjden peer̥’r̥’t’e tuvvnedden mudda ɒɒsseguejm,8
MID,7,edd,эдт,kld_txt_KarNC_deers,puudzet’ paj jeb’b’ pɨɲɲma paj svol’no jiil’em čeexxča kooppčev vooddeddev,8
MID,7,edd,эдт,kld_txt_KarNC_deers,nu kues's' pastex' vooddeddev vooddeddev,8
MID,7,edd,эдт,kld_txt_KarNC_deers,nu kues's' pastex' vooddeddev vooddeddev,8
MID,7,edd,эдт,kld_txt_KarNC_wedding,puud’d’en’ žen’ex’ eel’l’k’en’ svat’jedde,8
MID,7,edd,эдт,Переведенный корпус,i nɨd’d’ sɨjj jiil’l’en’ jeen’n’b’eel’l’ n’iijten’es’ eft vued’d’en’ ja poorren’ ja ɒrren’ paje k’iide rɨs's't'e ja pɒɒknedden’,8
MID,7,edd,эдт,Переведенный корпус,n’iijjta paar’r’n’ ponrav’dede i cɒɒr al’l’k’ i kaallsa n’iijjt nɒɒj̥j̥tledden’ i jeel’ešuud’d’en’ š’iiggten’n’e i tenna rajja jeellev i m’iinet’ kuessa kɒhčev,8
MID,7,ed’d’,эдтҍ,kld_txt_Genetz1891,sonn taabed’d’e kuajv eften’ kiid’en’,1
MID,7,i,и,kld_txt_Kert1961_byl_o_ljajne,ahkes’ kuddi̮i kuadḓa jel’l’e,2
MID,7,i,и,kld_txt_Kert1961_byl_o_ljajne,i joddɛi akes’ odzɛ,2
MID,7,j,й,kld_txt_KarNC_deers,no peeljuve tɒn’n’e ɒɒj̥j̥kv’eer’t’ puaze,4
MID,7,j,й,Переведенный корпус,kooxxt kuuht paar’n’ pɨn’n’jen’ narodes’,4
MID,7,j,й,Переведенный корпус,n’i exxt ejj kueddjenǯ,4
MID,7,j,й,Переведенный корпус,k’iilten’č parnaj veerr pajjan,4
MID.NPST.3SG,3,ad,ад,kld_txt_KarNC_wedding_pt2,nɨšše čil’meguejm ja čontken’ muhctad,1
MID.NPST.3SG,3,add,адт,Переведенный корпус,čaar pugg pakrɨvaetsa čaar pukk tuvvnadd čexxčа veezen,3
MID.NPST.3SG,3,add,адт,Переведенный корпус,i kuu ɒnadd koollse vuejke,3
MID.NPST.3SG,3,add,адт,kld_txt_Lehtiranta_2_r’iim’ɲ_i_taale_moajnas,vuaggel i k’iičnadd,3
MID.NPST.3SG,3,edd,эдт,Переведенный корпус,rɒdne n’iijtes’ meenn ejj lɨk soon paje pueraht a n’iijjtb’eel’l’ xošš i pugg per̥t m’iil’l’te lɨke jeen’n’b’eel’l’ soonen’ paje ɒr̥r̥tedd ja cele p’iijve m’iil’l’te ševraht,1
MID.PST.3SG,4,e(j),э(й),kld_txt_Lehtiranta_2_r’iim’ɲ_i_taale_moajnas,eevvtjeer’r’k pe’lte(j),1
MID.PST.3SG,4,ed,эд,Переведенный корпус,a aka tenn vr'em'a vuerred,1
MID.PST.3SG,4,ed’d',эдтҍ,kld_txt_Genetz1891,sonn taabed’d' kuajv eften’ kiiden’,1
MID.PST.3SG,4,ej,эй,kld_txt_Lehtiranta_2_r’iim’ɲ_i_taale_moajnas,kaallseɲǯ revvej vesst muurre(ẟ),1
MID?,1,j,й,,,1
NDEF.NREF,1,ɲe,нэ,,,2
NMLZ,4,ga,га,Переведенный корпус,soonn l’ii algadan jeena tooxnedde m’etredde,1
NMLZ,4,la,ла,kld_txt_Kert1961_nuemmel_piras,kesklamuss nɨjp sahp’e čir'r'e pɨje.,1
NMLZ,4,mušš,мушш,kld_txt_Kert1961_nuemmel_piras,k’ee man'tem lɨhkmušše (lɨhk) valtat.,2
NMLZ,4,mušš,мушш,kld_txt_Kert1961_pro_vorona_tulena_i_dikogo_olena,a m’ii l’ii karnses’t porrmuššen kuem čoajva ja jɒrk kɒmme vuajva,2
NMLZ,4,vud’d’,вудтҍ,Переведенный корпус,ɒd’d’em’vuajva tuul’l’ej alavud’d’e l’ii jeena koollm čuud’d’e m’etredde,1
NMLZ.ACC.SG,1,muž,муж,,,2
NMLZ.NOM.SG,1,mušš,мушш,,,2
NMLZ?,1,em,эм,,,1
NOM.PL,2,a,а,kld_txt_KarNC_deers,m’iin ruup’p’s’es’ čuma ɒɒlkxuv’v’en’ tala kolxozes’t’,1
NOM.PL,2,e,э,kld_GGM_SG_map_202308D,tam’b’eel’l’ suulle l’eev,30
NOM.PL,2,e,э,kld_GGM_SG_map_202308D,jeel’l’ev ollme,30
NOM.PL,2,e,э,kld_GGM_SG_map_202308D,и ollme jeel’l’ev,30
NOM.PL,2,e,э,kld_GGM_SG_map_202308D,suulle l’eev jaav’r’es’e,30
NOM.PL,2,e,э,kld_GGM_SG_map_202308D,tam’b’e oollme jeel’l’ev,30
NOM.PL,2,e,э,Переведенный корпус,čexxča l’eev čexxč lɒɒhpe kɨdda kɨdd lɒɒhpe k’ees’s’a k’ees’s’ lɒɒhpe,30
NOM.PL,2,e,э,Переведенный корпус,čexxča l’eev čexxč lɒɒhpe kɨdda kɨdd lɒɒhpe k’ees’s’a k’ees’s’ lɒɒhpe,30
NOM.PL,2,e,э,Переведенный корпус,čexxča l’eev čexxč lɒɒhpe kɨdda kɨdd lɒɒhpe k’ees’s’a k’ees’s’ lɒɒhpe,30
NOM.PL,2,e,э,Переведенный корпус,kɨdda puuʒe taggev čuer’v’et’,30
NOM.PL,2,e,э,Переведенный корпус,muddavuer kuu žor p’eejve l’eev ab’r’ meennev i b’eda redka k’ees’s’a muddavuer tol’ka men(a)s veeʒ,30
NOM.PL,2,e,э,Переведенный корпус,p’eervi veeze pɨjj sun’n’t’ad tell pɨjj tell avda pɨjj i tɒɒjv maŋŋa pɨjj ja’vr i joge lɒɒnd аl’gev milgnes kal’l’me,30
NOM.PL,2,e,э,Переведенный корпус,saam’ oollme toože c’eel̥’l̥’k’ev vuejjev c’eel̥’l̥’k’e man’te l’aaɲč jeerrk jeggda tunn p’eejv,30
NOM.PL,2,e,э,Переведенный корпус,vuus’ ɲues’s’ jeer’r’k’e puuʒe / čuez b’eda čofta s’iirran i b’eda čofta puuʒe karrev,30
NOM.PL,2,e,э,Переведенный корпус,vuus’ ɲues’s’ jeer’r’k’e puuʒe / čuez b’eda čofta s’iirran i b’eda čofta puuʒe karrev,30
NOM.PL,2,e,э,Переведенный корпус,puer’es oollme saarrnev što vuus’ ɲues’s’ jeer’r’k’e siin’et’ čofta muehc,30
NOM.PL,2,e,э,Переведенный корпус,koollset’ vued mɒɒše(t) mazeguejm a evtla oollme koollse vuedde pɨjjev koommset’ el’e_že nuer’j naak’ a pɨjet nɨt’t’ že seerva koommset,30
NOM.PL,2,e,э,Переведенный корпус,sijd’es’ m’iinet pood’d’en pravažat jeen’ až’ i v’iil’j tɒɒvvrež vuep’s’ej i mudda oollme,30
NOM.PL,2,e,э,Переведенный корпус,čuujgmen’ k’iihčep man’t’e zv’eer l’eev keerrma man’t’esem k’iijje l’eev koonngɒrre l’eev keerrma meenn vuejga,30
NOM.PL,2,e,э,Переведенный корпус,k’iičem man’t’e l’eev uʒ’xa muure,30
NOM.PL,2,e,э,Переведенный корпус,no p’ervɨ vs’evo p’ees’s’ muure p’ees’s’ muure tag b’eda uʒ’xa,30
NOM.PL,2,e,э,Переведенный корпус,no p’ervɨ vs’evo p’ees’s’ muure p’ees’s’ muure tag b’eda uʒ’xa,30
NOM.PL,2,e,э,Переведенный корпус,parna i n’iijde k’eeresel’l’en s’iijnen jornen,30
NOM.PL,2,e,э,kld_txt_KarNC_wedding_pt2,a mezgul l’eev čuen’n’e,30
NOM.PL,2,e,э,kld_txt_Kert1961_jeerrkja_oollmej_bajas,oollme meennen’ tenn n’iijjta aanne štobe sonn lɨgga(h)č nɨd’d’ kooxxt bɨ ruuce jev p’eezče s’iine gɒrre,30
NOM.PL,2,e,э,kld_txt_Kert1961_jeerrkja_oollmej_bajas,oollme eel’l’ken’ saarrne parnaguejm štobe kɒmpaɲe paar’r’n soon al’n nɒɒj̥j̥tlede(h)č,30
NOM.PL,2,e,э,kld_txt_Kert1961_jeerrkja_oollmej_bajas,oollme saarrnev,30
NOM.PL,2,e,э,kld_txt_Kert1961_jeerrkja_oollmej_bajas,kues’s’ meene koollm p’eejv i šeeŋŋ vɒɒze i pugg oollme ujnsen’ što kaasska jaav’r ɒrr k’eed’k suel,30
NOM.PL,2,e,э,Переведенный корпус,k’iičes’t’ čuel’l’m saama l’ii t’iiv’v’t’ vujjev oollme,30
NOM.PL,2,e,э,Переведенный корпус,čuud’d’čuer’r’v pajnal s’aamn’es’ pel̥t paar’net’ an’ paar’r’ne poaččev,30
NOM.PL,2,e,э,Переведенный корпус,olme kuaggn’en’ eft sajja,30
NOM.SG,1,e,э,,,2
NPST,1,aj,ай,,,1
NPST.1PL,4,ap,ап,kld_txt_Itkonen1931_6_page254,poorrap s’iin’et’,1
NPST.1PL,4,ep,эп,Переведенный корпус,čuujgmen’ k’iihčep man’t’e zv’eer l’eev keerrma man’t’esem k’iijje l’eev koonngɒrre l’eev keerrma meenn vuejga,7
NPST.1PL,4,ep,эп,kld_txt_KarNC_wedding_pt2,a mɨjjgul zamorskoj kupca lep puedʼdʼep dak toon lehcepgul”,7
NPST.1PL,4,ep,эп,kld_txt_KarNC_wedding_pt2,a mɨjjgul zamorskoj kupca lep puedʼdʼep dak toon lehcepgul”,7
NPST.1PL,4,ep,эп,Переведенный корпус,vuul'kep lаnnа t’iin'ket’ soagne,7
NPST.1PL,4,ep,эп,kld_txt_Lehtiranta_1_r’iim’ɲ_moajnas,vajšeɲɲe vuejjep kar’r’eẟ,7
NPST.1PL,4,ep,эп,kld_txt_Lehtiranta_2_r’iim’ɲ_i_taale_moajnas,no vɨl’l’kep vuaŋŋke(ẟ),7
NPST.1PL,4,ep,эп,kld_txt_Lehtiranta_2_r’iim’ɲ_i_taale_moajnas,no vɨl’l’kep с’aal̥l̥k,7
NPST.1PL,4,ep’,эпь,kld_txt_KarNC_deers,ad’d’ jeel’l’ep’ pugg kolxozen’,9
NPST.1PL,4,ep’,эпь,kld_txt_KarNC_deers,mɒɒhtja l’iijem’ mɒɒhtjem’ jeel’l’ep’,9
NPST.1PL,4,ep’,эпь,kld_txt_KarNC_wedding_pt2,no ladno mɨjj zamorske kupcagul jɒd’d’ep’ m’iinen’ l’eev pugg l’ekarstva mɨjjgul an’n’t’ep’ tɨjjegul,9
NPST.1PL,4,ep’,эпь,kld_txt_KarNC_wedding_pt2,no ladno mɨjj zamorske kupcagul jɒd’d’ep’ m’iinen’ l’eev pugg l’ekarstva mɨjjgul an’n’t’ep’ tɨjjegul,9
NPST.1PL,4,ep’,эпь,kld_txt_KarNC_wedding_pt2,čaapex kal’l’m’ no l’eev m’iines’t’ lɨhcep’gul,9
NPST.1PL,4,ep’,эпь,kld_txt_KarNC_wedding_pt2,a kɒɒvvnep’,9
NPST.1PL,4,ep’,эпь,kld_txt_KarNC_wedding_pt2,at’t’ ju maŋ’mes’ lɨhcep’,9
NPST.1PL,4,ep’,эпь,kld_txt_KarNC_wedding_pt2,lɨhcep’gul,9
NPST.1PL,4,ep’,эпь,kld_txt_KarNC_wedding_pt2,mɨjjgul taabxep’gul”,9
NPST.1PL,4,p,п,kld_txt_KarNC_wedding_pt2,a mɨjjgul zamorskoj kupca lep puedʼdʼep dak toon lehcepgul”,1
NPST.1SG,3,a,а,Переведенный корпус,sonn c’eel̥’l̥’k’ joaddslagul meer’r’e,10
NPST.1SG,3,a,а,Переведенный корпус,sonn c’eel̥’l̥’k’ munngul vaalta,10
NPST.1SG,3,a,а,kld_txt_KarNC_wedding,munn gu vaalta iǯan m’iil’l’e,10
NPST.1SG,3,a,а,kld_txt_KarNC_wedding,vuelka,10
NPST.1SG,3,a,а,kld_txt_KarNC_wedding_pt2,a ničego š’iig l’ii ad’d’ vuaja saarrne,10
NPST.1SG,3,a,а,kld_txt_KarNC_wedding_pt2,da munn čilʼmʼenʼ lɨccagul toost.”,10
NPST.1SG,3,a,а,kld_txt_Kert1961_jeerrkja_oollmej_bajas,jesl’e kɒmpaɲe paar’r’n vaallt mun kuujje tanna munn lɨgga nɨd’d’ što ruuc m’iinet’ jev kɒn’t,10
NPST.1SG,3,a,а,Переведенный корпус,eexxt paar’r’n c’aal̥l̥k munn vuelka tol’ke mon’n’e tovruš bɨdd,10
NPST.1SG,3,a,а,Переведенный корпус,a nɨm’p’ puadd i vuejj i šurnant paar’n’ eel štɒ munn puada toon konta men guejka most tovruž kon’tex,10
NPST.1SG,3,a,а,Переведенный корпус,a nɨm’p’ puadd i vuejj i šurnant paar’n’ eel štɒ munn puada toon konta men guejka most tovruž kon’tex,10
NPST.1SG,3,a(m),а(м),kld_txt_Genetz1891,tax anta(m) t'iiŋ’k’e(j)t’,2
NPST.1SG,3,a(m),а(м),kld_txt_Genetz1891,egg meneɲe evvtel' mune tax munn poora(m) toone,2
NPST.1SG,3,am,ам,kld_txt_Lehtiranta_1_r’iim’ɲ_moajnas,taall saarrn čte mun(n) (j)iiǯ’ǯ’ pugg lɨggam,6
NPST.1SG,3,am,ам,kld_txt_Lehtiranta_1_r’iim’ɲ_moajnas,munn vuelgam t’eellagas vuer’dessam,6
NPST.1SG,3,am,ам,kld_txt_Lehtiranta_1_r’iim’ɲ_moajnas,munn vuelgam t’eellagas vuer’dessam,6
NPST.1SG,3,am,ам,kld_txt_Lehtiranta_1_r’iim’ɲ_moajnas,mun(n) i tuun(e) rast rɒd’d’(e)jam,6
NPST.1SG,3,am,ам,kld_txt_Lehtiranta_2_r’iim’ɲ_i_taale_moajnas,mun(n) t’eellagast vuaŋkam kuul’(e),6
NPST.1SG,3,am,ам,kld_txt_Lehtiranta_3_kɒn’t’_moajnas,tɒge ša i mun(n) vɨlgam vuaggeẟ,6
NPST.2PL,3,bedd'e,бэдте,Переведенный корпус,kues's' ujnešguedbedd'e tɨkven’et’,1
NPST.2PL,3,bedde,бэдтэ,kld_txt_Kert1961_jeerrkja_oollmej_bajas,ujnbedde jebbe meennɲe,1
NPST.2PL,3,bed’d’e,бэдте,kld_txt_Lehtiranta_1_r’iim’ɲ_moajnas,juelγeɲen d’i(i) juelγeɲen men(n) vexxteɲɲe vu(e)jjbed’d’e kar’r’e(ẟ),3
NPST.2PL,3,bed’d’e,бэдте,kld_txt_Lehtiranta_1_r’iim’ɲ_moajnas,čalmeɲen d’ii čalmeɲen kuk’k’ena ujjnbed’d’e,3
NPST.2PL,3,bed’d’e,бэдте,kld_txt_Lehtiranta_1_r’iim’ɲ_moajnas,p’aal’l’jeɲen d’ii p’aal’l’jeɲen kuk’k’en kullbed’d’e,3
NPST.2SG,3,ax,ах,kld_SAM_SG_map_20230815,если jɒddjax čincb’e(e)l’,24
NPST.2SG,3,ax,ах,kld_SAM_SG_map_20230815,čuekas m’iil’l’te meenax meenax,24
NPST.2SG,3,ax,ах,kld_SAM_SG_map_20230815,čuekas m’iil’l’te meenax meenax,24
NPST.2SG,3,ax,ах,kld_SAM_SG_map_20230815,ja puadax,24
NPST.2SG,3,ax,ах,kld_SAM_SG_map_20230815,jɒdax jɒdax,24
NPST.2SG,3,ax,ах,kld_SAM_SG_map_20230815,jɒdax jɒdax,24
NPST.2SG,3,ax,ах,kld_SAM_SG_map_20230815,sadamadda činčb’e(e)l’ta tel’ jɒdax čuekas m’iil’l’te,24
NPST.2SG,3,ax,ах,kld_SAM_SG_map_20230815,veennsen’ meenax,24
NPST.2SG,3,ax,ах,kld_SAM_SG_map_20230815,jog m’iil’l’te ja jɒdjax,24
NPST.2SG,3,ax,ах,kld_SAM_SG_map_20230815,puadax sɨjt,24
NPST.2SG,3,ax,ах,kld_SAM_SG_map_20230815,jaav’r’es’ jes’ jɒdjax sɨjjta,24
NPST.2SG,3,ax,ах,kld_SAM_SG_map_20230815,pajas peejjnax,24
NPST.2SG,3,ax,ах,kld_SAM_SG_map_20230815,jɒdax jɒdax,24
NPST.2SG,3,ax,ах,kld_SAM_SG_map_20230815,jɒdax jɒdax,24
NPST.2SG,3,ax,ах,kld_SAM_SG_map_20230815,i tel’ puadax sɨjd luz,24
NPST.2SG,3,ax,ах,kld_txt_Genetz1891,meejt k’iičax,24
NPST.2SG,3,ax,ах,kld_txt_KarNC_wedding,toonn vaaltax iiž’ant m’iiles’t’ al’i k’eenn,24
NPST.2SG,3,ax,ах,kld_txt_KarNC_wedding,a toonn kooxxt vuelkax,24
NPST.2SG,3,ax,ах,kld_txt_Lehtiranta_1_r’iim’ɲ_moajnas,s’eejjbeɲam d’ii s’eejjbeɲam koox’x’t tun(n) vuelgax,24
NPST.2SG,3,ax,ах,kld_txt_Lehtiranta_2_r’iim’ɲ_i_taale_moajnas,kas’t ton(n) с’aal̥l̥k kuul’e(j)t vaalеax,24
NPST.2SG,3,ax,ах,kld_txt_Lehtiranta_3_kɒn’t’_moajnas,pɨjax vuus’s’temp’aalla kued’(e),24
NPST.2SG,3,ax,ах,Переведенный корпус,meenn lɨkax,24
NPST.2SG,3,ax,ах,Переведенный корпус,sonn c’aal̥l̥k viǯ’ rostaka palka! meejt’ jornax,24
NPST.2SG,3,ax,ах,Переведенный корпус,meenn saarnax,24
NPST.2SG,3,k,к,kld_txt_Genetz1891,čaaʒ'jel'l'e puud'e(j) man'(e) kukxelk mune,3
NPST.2SG,3,k,к,kld_txt_Genetz1891,tonn mank tun g'ačča jaavr' evvtel' mune,3
NPST.2SG,3,k,к,kld_txt_Genetz1891,olmuj c'aal̥l̥ka što m'ii l'aak tonn v’iɨggolmejt egg vuajje mune kab’b’er' t’iivvte(d),3
NPST.2SG,3,x,х,Переведенный корпус,tonn l’aax mɨn’n’e čofta m’iil’l’e vɨjd mɨn’n’e kuujje,1
NPST.3.PL,2,ev,эв,Переведенный корпус,no p’ervimi pueddev ɲuvč ja čueɲɲe ja cizga rušas son kаǯet ‘punačka’,3
NPST.3.PL,2,ev,эв,Переведенный корпус,kɨdda puuʒe taggev čuer’v’et’,3
NPST.3.PL,2,ev,эв,Переведенный корпус,aalt kuun’n’tev vuuz’et,3
NPST.3.PL,2,v,в,Переведенный корпус,kɨdda l’eev raznɨ jeerg,3
NPST.3.PL,2,v,в,Переведенный корпус,k’ees’s’a tɒɒijv l’eev b’eda žor p’eejv,3
NPST.3.PL,2,v,в,Переведенный корпус,muddavuer kuu žor p’eejve l’eev ab’r’ meennev i b’eda redka k’ees’s’a muddavuer tol’ka men(a)s veeʒ,3
NPST.3PL,10,av,ав,kld_GGM_SG_map_202308D,per̥t ɒrrav,1
NPST.3PL,10,en’,энҍ,Переведенный корпус,aggas't' liijen’ kuuht vaajjveš al'k',1
NPST.3PL,10,ev,эв,kld_GGM_SG_map_202308D,jeel’l’ev ollme,96
NPST.3PL,10,ev,эв,kld_GGM_SG_map_202308D,и ollme jeel’l’ev,96
NPST.3PL,10,ev,эв,kld_GGM_SG_map_202308D,tam’b’e oollme jeel’l’ev,96
NPST.3PL,10,ev,эв,Переведенный корпус,tel’l’ nuut’ pɨjet veennse i suggev kuel’l’e šɨl’l’e mudda sajja,96
NPST.3PL,10,ev,эв,Переведенный корпус,i nɨd’d’ pradalžaetsa kaaždɨ eeg’en’ raaznɨ p’iirras raaznɨ sajen šel’l’ev kuul’e,96
NPST.3PL,10,ev,эв,Переведенный корпус,kɨdda lavleškued’d’ev vežda cizga,96
NPST.3PL,10,ev,эв,Переведенный корпус,kɨdda pueddev ɲuvč čueɲɲe i mudda loond,96
NPST.3PL,10,ev,эв,Переведенный корпус,muddavuer kuu žor p’eejve l’eev ab’r’ meennev i b’eda redka k’ees’s’a muddavuer tol’ka men(a)s veeʒ,96
NPST.3PL,10,ev,эв,Переведенный корпус,čeexxč saam oollme saarnev puadd nim’b čislas’ aavgustes kues’s’ p’eervi vuer oolme ujnas al’m’es tas’t’,96
NPST.3PL,10,ev,эв,Переведенный корпус,saam saarnev što nim’b’ aavgustes puadd kuevs i čɒɒhpes’ j’eer‘g lɒɒgas k’iin’n’t’e,96
NPST.3PL,10,ev,эв,Переведенный корпус,p’eervi veeze pɨjj sun’n’t’ad tell pɨjj tell avda pɨjj i tɒɒjv maŋŋa pɨjj ja’vr i joge lɒɒnd аl’gev milgnes kal’l’me,96
NPST.3PL,10,ev,эв,Переведенный корпус,jav’r’ i vuaja pugg kal’l’mev,96
NPST.3PL,10,ev,эв,Переведенный корпус,čeexxčа b’eda tɒɒjv m’eennev al’m’,96
NPST.3PL,10,ev,эв,Переведенный корпус,saam’ oollme toože c’eel̥’l̥’k’ev vuejjev c’eel̥’l̥’k’e man’te l’aaɲč jeerrk jeggda tunn p’eejv,96
NPST.3PL,10,ev,эв,Переведенный корпус,saam’ oollme toože c’eel̥’l̥’k’ev vuejjev c’eel̥’l̥’k’e man’te l’aaɲč jeerrk jeggda tunn p’eejv,96
NPST.3PL,10,ev,эв,Переведенный корпус,l’eev nu mugga p’r’im’eetav kojt m’iil’d’es i vuejjev c’eel̥’l̥’k’e,96
NPST.3PL,10,ev,эв,Переведенный корпус,no(o) mudda vuer vuejjev i jev toočna / no(o) vesenom vuejjev c’eel̥’l̥’k’e,96
NPST.3PL,10,ev,эв,Переведенный корпус,no(o) mudda vuer vuejjev i jev toočna / no(o) vesenom vuejjev c’eel̥’l̥’k’e,96
NPST.3PL,10,ev,эв,Переведенный корпус,nu vot nap’r’im’eer / vot kooxxt / jesl’e m’eer gor’r’en’ kas’s’ puadd tav(’)v(’)al p’iiŋŋk / pɨjjen’ s’eenkes’ peevl l’ee∅ / to saam’ saarrnev što l’aaɲč tav(’)v(’)al p’iiŋŋg ja ɲues’s’ jeerrk / vuajj pued’d’e c’iigg jeerrk,96
NPST.3PL,10,ev,эв,Переведенный корпус,vuus’ ɲues’s’ jeer’r’k’e puuʒe / čuez b’eda čofta s’iirran i b’eda čofta puuʒe karrev,96
NPST.3PL,10,ev,эв,Переведенный корпус,vuus’ ɲues’s’ jeer’r’k’e cɨzga laavvlev b’eda čuud’d’,96
NPST.3PL,10,ev,эв,Переведенный корпус,mudda loon’n’t eft olme paj kɨr(’)r(’)t(’)ev vued’?e? l’ee∅ vɒɒjvšuvvev,96
NPST.3PL,10,ev,эв,Переведенный корпус,mudda loon’n’t eft olme paj kɨr(’)r(’)t(’)ev vued’?e? l’ee∅ vɒɒjvšuvvev,96
NPST.3PL,10,ev,эв,Переведенный корпус,puer’es oollme saarrnev što vuus’ ɲues’s’ jeer’r’k’e siin’et’ čofta muehc,96
NPST.3PL,10,ev,эв,Переведенный корпус,sɨjj jev v’eež daac’em čuuʒ’ev vuejjv luennt,96
NPST.3PL,10,ev,эв,Переведенный корпус,saarrnev što l’aaɲč ɲues’s’ jeerrk / aab’b’r’ jeerrk / abrešuadd,96
NPST.3PL,10,ev,эв,Переведенный корпус,a mudda a lɨhkev kuk’a el’e an’exa k’iihčev kooxxt iiž’es’ rooŋ’ŋ’k’ i meenn kugga bɨdd,96
NPST.3PL,10,ev,эв,Переведенный корпус,a mudda a lɨhkev kuk’a el’e an’exa k’iihčev kooxxt iiž’es’ rooŋ’ŋ’k’ i meenn kugga bɨdd,96
NPST.3PL,10,ev,эв,Переведенный корпус,koollset’ vued mɒɒše(t) mazeguejm a evtla oollme koollse vuedde pɨjjev koommset’ el’e_že nuer’j naak’ a pɨjet nɨt’t’ že seerva koommset,96
NPST.3PL,10,ev,эв,Переведенный корпус,jornev veeʒe k’iištet l’aajj čuujjge k’eeresen ur’d’es saav’ex’et n’ik’ee ejj murda,96
NPST.3PL,10,ev,эв,kld_txt_KarNC_deers,sɨjj jiil’l’en’ puuʒet’ pɨɲɲen’ i tel’ meenn k’eez’ kɨd kuun’t’x’ev i čeexxča kooppčev,96
NPST.3PL,10,ev,эв,kld_txt_KarNC_deers,sɨjj jiil’l’en’ puuʒet’ pɨɲɲen’ i tel’ meenn k’eez’ kɨd kuun’t’x’ev i čeexxča kooppčev,96
NPST.3PL,10,ev,эв,kld_txt_KarNC_deers,puudzet’ paj jeb’b’ pɨɲɲma paj svol’no jiil’em čeexxča kooppčev vooddeddev,96
NPST.3PL,10,ev,эв,kld_txt_KarNC_deers,puudzet’ paj jeb’b’ pɨɲɲma paj svol’no jiil’em čeexxča kooppčev vooddeddev,96
NPST.3PL,10,ev,эв,kld_txt_KarNC_deers,a s’iinet’ sɨjj pɨɲɲev,96
NPST.3PL,10,ev,эв,kld_txt_KarNC_deers,ad’d’ kon’ešno parnedes’ tože pɨɲɲev puuʒet’,96
NPST.3PL,10,ev,эв,kld_txt_KarNC_deers,sɨjjdel’ jeel’l’ev čuuʒes’,96
NPST.3PL,10,ev,эв,kld_txt_KarNC_deers,jeel'l'ev s'erna gu sɨjdes' nɨzan jeel'l'ev,96
NPST.3PL,10,ev,эв,kld_txt_KarNC_deers,jeel'l'ev s'erna gu sɨjdes' nɨzan jeel'l'ev,96
NPST.3PL,10,ev,эв,kld_txt_KarNC_deers,nu kues's' pastex' vooddeddev vooddeddev,96
NPST.3PL,10,ev,эв,kld_txt_KarNC_deers,nu kues's' pastex' vooddeddev vooddeddev,96
NPST.3PL,10,ev,эв,kld_txt_KarNC_deers,pooddlev kues's' pastex' ut'olas't il'e k'es's'a pooddlev,96
NPST.3PL,10,ev,эв,kld_txt_KarNC_deers,pooddlev kues's' pastex' ut'olas't il'e k'es's'a pooddlev,96
NPST.3PL,10,ev,эв,kld_txt_KarNC_deers,s'iinen' gaz'eta paj l'eev gaz'etet' looggev,96
NPST.3PL,10,ev,эв,kld_txt_KarNC_deers,vr'em'aden'n'e vɨggev pajše v'es'lamuše l'ehč,96
NPST.3PL,10,ev,эв,kld_txt_KarNC_wedding_pt2,ja tel’ ɨšštev jugge juggev tel’ mɒst vuul’l’k’ev,96
NPST.3PL,10,ev,эв,kld_txt_KarNC_wedding_pt2,ja tel’ ɨšštev jugge juggev tel’ mɒst vuul’l’k’ev,96
NPST.3PL,10,ev,эв,kld_txt_KarNC_wedding_pt2,ja tel’ ɨšštev jugge juggev tel’ mɒst vuul’l’k’ev,96
NPST.3PL,10,ev,эв,kld_txt_KarNC_wedding_pt2,meennev mɒst tel’ jev kug’g’ tam’p’e ɒres’t’ tel’ pued’d’ev vaal’l’te a soonn c’aal̥l̥k:,96
NPST.3PL,10,ev,эв,kld_txt_KarNC_wedding_pt2,meennev mɒst tel’ jev kug’g’ tam’p’e ɒres’t’ tel’ pued’d’ev vaal’l’te a soonn c’aal̥l̥k:,96
NPST.3PL,10,ev,эв,kld_txt_KarNC_wedding_pt2,tɒvvrež ušte prɒššed an’ an’ luujjksev,96
NPST.3PL,10,ev,эв,kld_txt_KarNC_wedding_pt2,tel’ vɨggev aǯages,96
NPST.3PL,10,ev,эв,kld_txt_KarNC_wedding_pt2,ɒɒllme ceel̥’l̥’kev,96
NPST.3PL,10,ev,эв,kld_txt_KarNC_wedding_pt2,vuerr vɨggl’ev ejj pɒɒbbel’t,96
NPST.3PL,10,ev,эв,kld_txt_KarNC_wedding_pt2,nemmpeš(’t’) vɨggl’ev tože sama avvta,96
NPST.3PL,10,ev,эв,kld_txt_KarNC_wedding_pt2,kencet’ sejčev čistev,96
NPST.3PL,10,ev,эв,kld_txt_KarNC_wedding_pt2,kencet’ sejčev čistev,96
NPST.3PL,10,ev,эв,kld_txt_KarNC_wedding_pt2,kualmneš(’t’) poohplev,96
NPST.3PL,10,ev,эв,kld_txt_KarNC_wedding_pt2,ja tel’ pɨrr van’cl’ev,96
NPST.3PL,10,ev,эв,kld_txt_KarNC_wedding_pt2,pɨrr tuel’ van’c’ev kolm vuerr,96
NPST.3PL,10,ev,эв,kld_txt_KarNC_wedding_pt2,tel’ ɨšštev vɨn’n’ juggueddev,96
NPST.3PL,10,ev,эв,kld_txt_KarNC_wedding_pt2,tel’ ɨšštev vɨn’n’ juggueddev,96
NPST.3PL,10,ev,эв,kld_txt_KarNC_wedding_pt2,tel’ juggev juggev,96
NPST.3PL,10,ev,эв,kld_txt_KarNC_wedding_pt2,tel’ juggev juggev,96
NPST.3PL,10,ev,эв,kld_txt_Kert1961_jeerrkja_oollmej_bajas,oollme saarrnev,96
NPST.3PL,10,ev,эв,kld_txt_Kert1961_jeerrkja_oollmej_bajas,tenn suel nɨd’d’e kɒhčev ruuc suel,96
NPST.3PL,10,ev,эв,kld_txt_Kert1961_jeerrkja_oollmej_bajas,i kues’s’ vɨjjev raj tenn suel a al’l’t soon jev meen,96
NPST.3PL,10,ev,эв,kld_txt_Kert1961_jeerrkja_oollmej_bajas,peel’l’ev,96
NPST.3PL,10,ev,эв,Переведенный корпус,kaallas ɒrrev kultlev ujnev per'e jeenne c’iig puud’e,96
NPST.3PL,10,ev,эв,Переведенный корпус,kaallas ɒrrev kultlev ujnev per'e jeenne c’iig puud’e,96
NPST.3PL,10,ev,эв,Переведенный корпус,kaallas ɒrrev kultlev ujnev per'e jeenne c’iig puud’e,96
NPST.3PL,10,ev,эв,Переведенный корпус,kaallas ujnev čeed c’iig i kultlev kooxxt sonn luvtaj ja saarrn nɨd’d’ ruahč[15] jes’k’e jeem’m’n’e kɨr’r’t’,96
NPST.3PL,10,ev,эв,Переведенный корпус,kaallas ujnev čeed c’iig i kultlev kooxxt sonn luvtaj ja saarrn nɨd’d’ ruahč[15] jes’k’e jeem’m’n’e kɨr’r’t’,96
NPST.3PL,10,ev,эв,Переведенный корпус,kaallas ujnev čeed c’iig jood’e jeem’m’n’e,96
NPST.3PL,10,ev,эв,kld_txt_Kert1961_pro_vorona_tulena_i_dikogo_olena,kued al’n’ kuuxxt kaar’nes’ al’ka kiersellev ja luuvvtjev,96
NPST.3PL,10,ev,эв,kld_txt_Kert1961_pro_vorona_tulena_i_dikogo_olena,kued al’n’ kuuxxt kaar’nes’ al’ka kiersellev ja luuvvtjev,96
NPST.3PL,10,ev,эв,kld_txt_Kert1961_pro_vorona_tulena_i_dikogo_olena,kroŋkxellev,96
NPST.3PL,10,ev,эв,kld_txt_Kert1961_pro_vorona_tulena_i_dikogo_olena,tedd sɨjj jannas soag an’n’tev,96
NPST.3PL,10,ev,эв,kld_txt_Kert1961_pro_vorona_tulena_i_dikogo_olena,al’tla puud’e ujjn kuuht nuer’j al’ka kuedes’t valas k’irsellev ja xur’g’sev,96
NPST.3PL,10,ev,эв,kld_txt_Kert1961_pro_vorona_tulena_i_dikogo_olena,al’tla puud’e ujjn kuuht nuer’j al’ka kuedes’t valas k’irsellev ja xur’g’sev,96
NPST.3PL,10,ev,эв,kld_txt_Kert1961_pro_vorona_tulena_i_dikogo_olena,siirrev poššemb’el’t kued’,96
NPST.3PL,10,ev,эв,kld_txt_Kert1961_pro_vorona_tulena_i_dikogo_olena,ja čelma čuurvedes’guejm saar’k’sev,96
NPST.3PL,10,ev,эв,kld_txt_Kert1961_pro_vorona_tulena_i_dikogo_olena,luvvtjev paj jeem’m’n’e vuessta vuegg,96
NPST.3PL,10,ev,эв,kld_txt_Kert1961_pro_vorona_tulena_i_dikogo_olena,sɨjj karrev p’alpnev moast jeen’es’ gɒrre,96
NPST.3PL,10,ev,эв,kld_txt_Kert1961_pro_vorona_tulena_i_dikogo_olena,sɨjj karrev p’alpnev moast jeen’es’ gɒrre,96
NPST.3PL,10,ev,эв,kld_txt_Kert1961_rybolovstvo_20210223,kues's' k’iihčev što vuajj nuut' pɨjje,96
NPST.3PL,10,ev,эв,kld_txt_Kert1961_rybolovstvo_20210223,k’iihčev,96
NPST.3PL,10,ev,эв,Пkld_txt_Kert1961_suška škur,kues’s’ sɨjj koošškev sonn s’inet’ n’aassk,96
NPST.3PL,10,ev,эв,kld_txt_Lehtiranta_2_r’iim’ɲ_i_taale_moajnas,puud’d’en sun’n’e ɲuem’m’el i taall i k’eet’t’k kuessa i k’eeǯ’ǯ’ev,96
NPST.3PL,10,ev,эв,kld_txt_Lehtiranta_2_r’iim’ɲ_i_taale_moajnas,taall k’eet’t’k i ɲuem’m’el saarrnev,96
NPST.3PL,10,ev,эв,Переведенный корпус,n’iijjta paar’r’n’ ponrav’dede i cɒɒr al’l’k’ i kaallsa n’iijjt nɒɒj̥j̥tledden’ i jeel’ešuud’d’en’ š’iiggten’n’e i tenna rajja jeellev i m’iinet’ kuessa kɒhčev,96
NPST.3PL,10,ev,эв,Переведенный корпус,n’iijjta paar’r’n’ ponrav’dede i cɒɒr al’l’k’ i kaallsa n’iijjt nɒɒj̥j̥tledden’ i jeel’ešuud’d’en’ š’iiggten’n’e i tenna rajja jeellev i m’iinet’ kuessa kɒhčev,96
NPST.3PL,10,ev,эв,Переведенный корпус,kues’s’ ɨddev mooǯes' sɒɒn k'aassxa v’iil'l'kes' cɒɒr puuʒeguejm,96
NPST.3PL,10,ev,эв,Переведенный корпус,k’iihčev ejj kuus’t’ n’im’ii,96
NPST.3PL,10,ev,эв,Переведенный корпус,k’iičes’t’ čuel’l’m saama l’ii t’iiv’v’t’ vujjev oollme,96
NPST.3PL,10,ev,эв,Переведенный корпус,k’iih’čev keeskes’t’ paax’t’e kues’s’t’ suvv,96
NPST.3PL,10,ev',эвь,kld_txt_Kert1961_rybolovstvo_20210223,nostme k'eessev' nuut',1
NPST.3PL,10,ev:,эв:,kld_txt_KarNC_wedding_pt2,a uks al’n tam’p’e ɒret s’iinet’ jev luušt ceel̥l̥kev:,1
NPST.3PL,10,ev”,эв”,kld_txt_KarNC_wedding_pt2,a moostgul puuvl kal’l’m’ev”,1
NPST.3PL,10,v,в,Переведенный корпус,lujaav’r’es’ j’eerg l’eev razni,18
NPST.3PL,10,v,в,Переведенный корпус,p’eejva l’eev što al’mes’ kopč(e)neddev peevl p’eejjv kues’s’ ejj vuaj meenne ab’b’r’ ab’b’r’ ejj vuaj i veeʒ a vuajj prosta meenne i veeʒ,18
NPST.3PL,10,v,в,Переведенный корпус,muur pugg l’eev tes’t’ mudd saj kaahta veezen’,18
NPST.3PL,10,v,в,Переведенный корпус,l’eev nu mugga p’r’im’eetav kojt m’iil’d’es i vuejjev c’eel̥’l̥’k’e,18
NPST.3PL,10,v,в,Переведенный корпус,pɒstxet’ koogg l’eev čuuʒes’ b’eda bɨdd jenna vaan’n’c’e i čuuʒe kooppče eft sajja,18
NPST.3PL,10,v,в,Переведенный корпус,kues’s’ koollas ja saav’ex’ l’eev lɨhkma olma kuu šɒbašt m’aahca soonn čuejjk s’iineguejm b’eda udlen’n’e,18
NPST.3PL,10,v,в,Переведенный корпус,čuujgmen’ k’iihčep man’t’e zv’eer l’eev keerrma man’t’esem k’iijje l’eev koonngɒrre l’eev keerrma meenn vuejga,18
NPST.3PL,10,v,в,Переведенный корпус,čuujgmen’ k’iihčep man’t’e zv’eer l’eev keerrma man’t’esem k’iijje l’eev koonngɒrre l’eev keerrma meenn vuejga,18
NPST.3PL,10,v,в,Переведенный корпус,čuujgmen’ k’iihčep man’t’e zv’eer l’eev keerrma man’t’esem k’iijje l’eev koonngɒrre l’eev keerrma meenn vuejga,18
NPST.3PL,10,v,в,Переведенный корпус,k’iičem man’t’e l’eev uʒ’xa muure,18
NPST.3PL,10,v,в,kld_txt_KarNC_deers,ad’d’ l’eev s’iinen’ l’eev ad’d’ pugg el’l’a nɨd’d’ kooxxt eevvdel’ l’aajj,18
NPST.3PL,10,v,в,kld_txt_KarNC_wedding_pt2,ɒrseg’g’e vɨs’te an’ soonn luej̥j̥k i prɒššed num’b’es’gueim k’eegg soost l’eev,18
NPST.3PL,10,v,в,kld_txt_KarNC_wedding_pt2,no ladno mɨjj zamorske kupcagul jɒd’d’ep’ m’iinen’ l’eev pugg l’ekarstva mɨjjgul an’n’t’ep’ tɨjjegul,18
NPST.3PL,10,v,в,kld_txt_KarNC_wedding_pt2,čaapex kal’l’m’ no l’eev m’iines’t’ lɨhcep’gul,18
NPST.3PL,10,v,в,kld_txt_KarNC_wedding_pt2,… mɒššenʼ t’iiŋʼk’eguejm tam’p’e lʼeev pʼeelʼčudʼdʼ kopʼejkedde ili mar̥ʼr̥ʼkʼ.,18
NPST.3PL,10,v,в,kld_txt_KarNC_wedding_pt2,i vot mɨjj pud’em zamorskoj kupca pugg l’eev kebtuvvma,18
NPST.3PL,10,v,в,kld_txt_KarNC_wedding_pt2,a mezgul l’eev čuen’n’e,18
NPST.3PL,10,v,в,kld_txt_KarNC_wedding_pt2,a m’iines’(t’)gul l’eev vaal’ rueč,18
NPST.3PL,10,v”,в”,kld_txt_KarNC_wedding_pt2,dak must čuun’n’e rueč l’eev”,1
NPST.3PL,10,ɐv,в,kld_txt_Kert1961_byl_o_ljajne,jāvr’ tuggɛn˙ vez’da pul’l’ɐv tōл,1
NPST.3PL,10,∅,∅,Переведенный корпус,vaar’ l’ee∅ tuvvnadma taal’l’v n’iijjden’,3
NPST.3PL,10,∅,∅,Переведенный корпус,nu vot nap’r’im’eer / vot kooxxt / jesl’e m’eer gor’r’en’ kas’s’ puadd tav(’)v(’)al p’iiŋŋk / pɨjjen’ s’eenkes’ peevl l’ee∅ / to saam’ saarrnev što l’aaɲč tav(’)v(’)al p’iiŋŋg ja ɲues’s’ jeerrk / vuajj pued’d’e c’iigg jeerrk,3
NPST.3PL,10,∅,∅,Переведенный корпус,mudda loon’n’t eft olme paj kɨr(’)r(’)t(’)ev vued’?e? l’ee∅ vɒɒjvšuvvev,3
NPST.3PL?,1,av,ав,,,1
NPST.3SG,5,a,а,Переведенный корпус,eexxt kudda rɨnnte,11
NPST.3SG,5,a,а,Переведенный корпус,tel’ k’aaǯa a kut’as’ kes’s’ luuštal nuut’ tavas,11
NPST.3SG,5,a,а,Переведенный корпус,tel’e eeltnet nɨm’m’pe red’d’en’ rɨnnte i nuut’ k’eez’et k’iid’eguejm ele že eexxt olme veensen nuur’e vokgoarre nuehta a kut’es’ kut’ kuuxxt oollme kut’ p’iirаs nuut’ čoovvgev,11
NPST.3SG,5,a,а,Переведенный корпус,pɨɨjet v’aret kɨp’ta v’arr v’arr k’iirken pooret,11
NPST.3SG,5,a,а,kld_txt_Genetz1891,nu tal'e čaaʒ’jel'l'e puud'e saaml’eɲče c'aal̥l̥ka,11
NPST.3SG,5,a,а,kld_txt_Genetz1891,saaml'a c'aal̥l̥ka pɨhtek t'iiŋ’k'i(j)t',11
NPST.3SG,5,a,а,kld_txt_Genetz1891,olmuj c'aal̥l̥ka što m'ii l'aak tonn v’iɨggolmejt egg vuajje mune kab’b’er' t’iivvte(d),11
NPST.3SG,5,a,а,kld_txt_Genetz1891,taall c'aal̥l̥ka ɒra jel' pag'e,11
NPST.3SG,5,a,а,kld_txt_Itkonen1931_6_page254,saame leegg appsa,11
NPST.3SG,5,a,а,kld_txt_Itkonen1931_6_page254,aakeɲč toommpen kued’es’t’ kɨkka,11
NPST.3SG,5,a,а,kld_txt_Kert1961_nuemmel_piras,k’ee man'tem lɨhkmušše (lɨhk) valtat.,11
NPST.3SG,5,at,ат,kld_txt_Kert1961_rybolovstvo_20210223,vaallt nuur' k'eeǯ' k'aass ja voanncat nostem luz nuut' p'eel',1
NPST.3SG,5,ašt,ашт,Переведенный корпус,kues’s’ koollas ja saav’ex’ l’eev lɨhkma olma kuu šɒbašt m’aahca soonn čuejjk s’iineguejm b’eda udlen’n’e,1
NPST.3SG,5,e,э,Переведенный корпус,kaallas ujnev čeed c’iig jood’e jeem’m’n’e,1
NPST.3SG,5,ev,эв,kld_SAM_SG_map_20230815,vuejjev bɨ... kuuššk l’aan’č,6
NPST.3SG,5,ev,эв,Переведенный корпус,tel’e eeltnet nɨm’m’pe red’d’en’ rɨnnte i nuut’ k’eez’et k’iid’eguejm ele že eexxt olme veensen nuur’e vokgoarre nuehta a kut’es’ kut’ kuuxxt oollme kut’ p’iirаs nuut’ čoovvgev,6
NPST.3SG,5,ev,эв,kld_txt_Kert1961_pro_vorona_tulena_i_dikogo_olena,a pɒššemb’elt kued kerrnev kuuht kɒn’t’ parna,6
NPST.3SG,5,ev,эв,Переведенный корпус,k’iičes’t’ kuuht čud’čuer’v’ vujjev rɨnnte sɨje,6
NPST.3SG,5,ev,эв,Переведенный корпус,c’eel̥’l̥’k’ev kooht sɨjj pugg pud’d’en’ al’i jev pugg puad’d’enǯ,6
NPST.3SG,5,ev,эв,Переведенный корпус,c’eel̥’l̥’k’ev vuul’l’k’e bedd ooʒe,6
NPST.CNG,1,e,э,,,1
NPST.IPC,4,at,ат,Переведенный корпус,poov k’ež’ av’det i valat kul’e veennse,1
NPST.IPC,4,et,эт,Переведенный корпус,kuul’e šɨl’et raaznɨ nalla,28
NPST.IPC,4,et,эт,Переведенный корпус,nu sp’erva luuš’t’et saajmet čuallma el’e že ɲɒɒrges tavas kas’s’ kuul’l’ dolžan meenne paal’ bajas paal’ bajas,28
NPST.IPC,4,et,эт,Переведенный корпус,saajmet k’iičet sutken eex’x’teš’,28
NPST.IPC,4,et,эт,Переведенный корпус,vele šɨl’et kuul’e nuut’en’,28
NPST.IPC,4,et,эт,Переведенный корпус,nu nuut’et olme koollm ɲeel’l’j,28
NPST.IPC,4,et,эт,Переведенный корпус,tel’ nuut’ k’eezet,28
NPST.IPC,4,et,эт,Переведенный корпус,tav’v’en starjedet vaal’de šur’a abjom čaj,28
NPST.IPC,4,et,эт,Переведенный корпус,pɨetamu tav’v’en nuut’ šaalgtet,28
NPST.IPC,4,et,эт,Переведенный корпус,veenses čaс’k’et jaakr ja nuut’ tuubet n’eskol’ka raaz,28
NPST.IPC,4,et,эт,Переведенный корпус,veenses čaс’k’et jaakr ja nuut’ tuubet n’eskol’ka raaz,28
NPST.IPC,4,et,эт,Переведенный корпус,tel’e eeltnet nɨm’m’pe red’d’en’ rɨnnte i nuut’ k’eez’et k’iid’eguejm ele že eexxt olme veensen nuur’e vokgoarre nuehta a kut’es’ kut’ kuuxxt oollme kut’ p’iirаs nuut’ čoovvgev,28
NPST.IPC,4,et,эт,Переведенный корпус,tel’e eeltnet nɨm’m’pe red’d’en’ rɨnnte i nuut’ k’eez’et k’iid’eguejm ele že eexxt olme veensen nuur’e vokgoarre nuehta a kut’es’ kut’ kuuxxt oollme kut’ p’iirаs nuut’ čoovvgev,28
NPST.IPC,4,et,эт,Переведенный корпус,kuul’ pɒppalet raaznɨ nalla laanas jeenne no kuul’ abɨčna val’d’et pooves,28
NPST.IPC,4,et,эт,Переведенный корпус,kuul’ pɒppalet raaznɨ nalla laanas jeenne no kuul’ abɨčna val’d’et pooves,28
NPST.IPC,4,et,эт,Переведенный корпус,poov k’ež’ av’det i valat kul’e veennse,28
NPST.IPC,4,et,эт,Переведенный корпус,tel’l’ nuut’ pɨjet veennse i suggev kuel’l’e šɨl’l’e mudda sajja,28
NPST.IPC,4,et,эт,Переведенный корпус,k’eez’et nuut’ mugga sajen kas’s’* jolla kieb’g’** l’ii nol’ges*** pɒn’n’,28
NPST.IPC,4,et,эт,Переведенный корпус,kuul’ k’eez’et tanna kues’s’ son mann učitivaet paal’l’ tag nazɨvaemɨ paal’l’,28
NPST.IPC,4,et,эт,Переведенный корпус,nuut’et kooxxt jaav’res nɨt’t’e i joks,28
NPST.IPC,4,et,эт,Переведенный корпус,maŋŋades kues’s’ nuuht’eš k’iirxnet’ pued’et’ nuut’ kooz’et olk eel,28
NPST.IPC,4,et,эт,Переведенный корпус,kuul’et’ čaal’et kot’ suel’det kot’ košktet,28
NPST.IPC,4,et,эт,Переведенный корпус,kuul’et’ čaal’et kot’ suel’det kot’ košktet,28
NPST.IPC,4,et,эт,Переведенный корпус,kuul’et’ čaal’et kot’ suel’det kot’ košktet,28
NPST.IPC,4,et,эт,Переведенный корпус,pɨɨjet v’aret kɨp’ta v’arr v’arr k’iirken pooret,28
NPST.IPC,4,et,эт,Переведенный корпус,pɨɨjet v’aret kɨp’ta v’arr v’arr k’iirken pooret,28
NPST.IPC,4,et,эт,Переведенный корпус,jel’l’eš eev’dla koavas keskes puell tooll a pɨrr ad’d’em v’ell as’te a pɨrr aaret es’tmen,28
NPST.IPC,4,et,эт,Переведенный корпус,kuul’e kromje tavo što kɨptet suenneel paš’tet tagnazɨvamɨ tuaarax el’e pɒɒštkul’l’,28
NPST.IPC,4,et,эт,Переведенный корпус,kuul’e kromje tavo što kɨptet suenneel paš’tet tagnazɨvamɨ tuaarax el’e pɒɒštkul’l’,28
NPST.IPC,4,et',этҍ,kld_txt_Kert1961_rybolovstvo_20210223,suldeš' kaas's'te kues's' nuut' kaas’s'tet',1
NPST.IPC,4,et’,этҍ,Переведенный корпус,maŋŋades kues’s’ nuuht’eš k’iirxnet’ pued’et’ nuut’ kooz’et olk eel,1
NPST.IPS,3,et,эт,Переведенный корпус,čeares tenn veeze kon pɨjet čeexxčа ted veeʒ pukk b’eda l’ii roovas i čaares vesenom taal’l’va mennev paje al’m’ al’m’,17
NPST.IPS,3,et,эт,Переведенный корпус,keskes’t’ koollset’ kuud’et’ mugga al’a saja a vuul’em’b’eel’l’ lɨgget raajk,17
NPST.IPS,3,et,эт,Переведенный корпус,tejd raajket pɨjet p’e’r’enoskat’,17
NPST.IPS,3,et,эт,Переведенный корпус,p’e’r’enoskat’ lɨgget nɒɒk’en’,17
NPST.IPS,3,et,эт,Переведенный корпус,suum’p’et’ lɨgget t’een’n’et’ k’eev’l’ k’eev’l’ lɨgget kuuss vuek’s’es’t’,17
NPST.IPS,3,et,эт,Переведенный корпус,suum’p’et’ lɨgget t’een’n’et’ k’eev’l’ k’eev’l’ lɨgget kuuss vuek’s’es’t’,17
NPST.IPS,3,et,эт,Переведенный корпус,k’eev’l’ vuejet lɨhke i p’ees’s’ muures’t’,17
NPST.IPS,3,et,эт,Переведенный корпус,k’aavvla pɨjet vel nɒɒket’ a tej(d) nɒɒk’e k’aaǯa kruges’t’ pɨjet p’ees’s’ muur iižes’ suem’p’,17
NPST.IPS,3,et,эт,Переведенный корпус,k’aavvla pɨjet vel nɒɒket’ a tej(d) nɒɒk’e k’aaǯa kruges’t’ pɨjet p’ees’s’ muur iižes’ suem’p’,17
NPST.IPS,3,et,эт,Переведенный корпус,suem’p’ k’aaǯ’a kooret naak’ štobe l’aahč štobi vuajehček oojjke k’iid’ i l’aahč š’iiγ’ čuujjke,17
NPST.IPS,3,et,эт,Переведенный корпус,k’eev’l’ lɨgget nɨt’t’ štobe soonn čoxta veeʒe ejj vuajče,17
NPST.IPS,3,et,эт,Переведенный корпус,p’ees’s’ muur raadet mugga štobi soonn ejj vuajče muurrtje l’aahč bi rɒvas ja muulehče jeenne vuek’s’ i ejj sojnehče,17
NPST.IPS,3,et,эт,Переведенный корпус,koollset’ vued mɒɒše(t) mazeguejm a evtla oollme koollse vuedde pɨjjev koommset’ el’e_že nuer’j naak’ a pɨjet nɨt’t’ že seerva koommset,17
NPST.IPS,3,et,эт,Переведенный корпус,pɨjet nɨt’t’ štobe sɨjj l’iihčen’ seekksem m’eedas tes’t’ vuajj kues’s’ l’eev seekks m’eedas vuajj čuujjke udlen’n’e a kues’s’ pejjne paahka to rueppt seeks ejj jɒdd valas k’irse,17
NPST.IPS,3,et,эт,kld_txt_KarNC_deers,gaz'eta sɨjje toage vɨget,17
NPST.IPS,3,et,эт,kld_txt_KarNC_wedding_pt2,a uks al’n tam’p’e ɒret s’iinet’ jev luušt ceel̥l̥kev:,17
NPST.IPS,3,et,эт,kld_txt_KarNC_wedding_pt2,čil’met’ vɒɒzet,17
NPST.IPS,3,et',этҍ,kld_txt_Kert1961_rybolovstvo_20210223,nuut'et' koollm oollmaguejm,2
NPST.IPS,3,et',этҍ,kld_txt_Kert1961_rybolovstvo_20210223,tanna k’eezet' tol'ko eft loahpe,2
NPST.IPS,3,et’,этҍ,Переведенный корпус,koollset’ lɨgget’ t’een’n’et’ olma raadd kuuss muure mugga muur kas’s’ l’ii vaanas vuek’s’,5
NPST.IPS,3,et’,этҍ,Переведенный корпус,lɨgget’ koollset ood’a ja kuk’a m’etrav t’een’n’et’ n’eel’l’j vɨdd,5
NPST.IPS,3,et’,этҍ,Переведенный корпус,keskes’t’ koollset’ kuud’et’ mugga al’a saja a vuul’em’b’eel’l’ lɨgget raajk,5
NPST.IPS,3,et’,этҍ,Переведенный корпус,suem’p’ vuulet’ lɨgget’ mooǯta,5
NPST.IPS,3,et’,этҍ,Переведенный корпус,i kues’s’ čuujjklet’ štobi soonn l’aahč soonen’ l’aahč š’iiγ’ čuujjke,5
NPST.IPS/INF,1,e(t),э(т),,,1
NPST.PL,2,et’,этҍ,Переведенный корпус,suem’p’ vuulet’ lɨgget’ mooǯta,1
NPST.PL,2,v,в,kld_txt_KarNC_deers,ad’d’ l’eev s’iinen’ l’eev ad’d’ pugg el’l’a nɨd’d’ kooxxt eevvdel’ l’aajj,1
NPST.[1SG],2,a,а,Переведенный корпус,munn ompan n’iila s’iinet’,2
NPST.[1SG],2,a,а,Переведенный корпус,a munn kɨgeškuada a tɨjj kultlegge,2
NPST.[1SG],2,l,л,Переведенный корпус,ad'd' munn kɒmla lɒjta kuadda kaaht’e uks,1
ORD,2,and,анд,Переведенный корпус,kuddlɒg’g’ kualmante ɨg’es’ janvari maanas’ munn učenekam’i avcand klaases’ vɨjjl’em čiirre puuʒeguejm,1
ORD,2,ant,ант,kld_SAM_SG_map_20230815,tɨjje bɨdd meenne kualmant sɨjjta,10
ORD,2,ant,ант,kld_SAM_SG_map_20230815,l’aan’č kualmant sɨjjt,10
ORD,2,ant,ант,kld_SAM_SG_map_20230815,kualmant sɨjjta meenne,10
ORD,2,ant,ант,kld_SAM_SG_map_20230815,kualmant sɨjjt l’ii,10
ORD,2,ant,ант,Переведенный корпус,kuddlɒg’g’ kualmante ɨg’es’ janvari maanas’ munn učenekam’i avcand klaases’ vɨjjl’em čiirre puuʒeguejm,10
ORD,2,ant,ант,kld_txt_Kert1961_nuemmel_piras,aǯes' kuddej n'al'jant vuassa,10
ORD,2,ant,ант,kld_txt_Kert1961_nuemmel_piras,sɨjj kudjen’ v’iidant vuassa.,10
ORD,2,ant,ант,kld_txt_Kert1961_pro_vorona_tulena_i_dikogo_olena,kualmant kɒn’n’t’a,10
ORD,2,ant,ант,kld_txt_Kert1961_pro_vorona_tulena_i_dikogo_olena,tes’t kalsenč vuud’e nɨm’m’p ɨj ja kualmant p’eejv’ vaan’n’cel’ nuurmuss n’iijjtas kuessa,10
ORD,2,ant,ант,kld_txt_Kert1961_pro_vorona_tulena_i_dikogo_olena,exxte maann kualmant ɨg’g’ nɨmmpa nɨm’m’p’ ɨg’g’,10
PART,6,dde,дтэ,Переведенный корпус,lɨhkeškud'd'en' kued' kaaxxc olmedde,1
PART,6,dḓɛ,дт,kld_txt_Kert1961_byl_o_ljajne,oлmɛdḓɛ l’ai n’el’jлåg’g̭’ v’er’tɛ,1
PART,6,e,э,Переведенный корпус,al’l’m’ bɨvaet n’eeskol’ka p’eejjve,10
PART,6,e,э,Переведенный корпус,ɒd’d’em’vuajva tuul’l’ej alavud’d’e l’ii jeena koollm čuud’d’e m’etredde,10
PART,6,e,э,kld_txt_Genetz1891,tal’e čooggčaan p’eel’l’k’ ɲeel’l’jlɒg’g’ pudde,10
PART,6,e,э,kld_txt_KarNC_deers,koollmlɒg’g’e ɨg’g’e l’aajj,10
PART,6,e,э,kld_txt_KarNC_deers,koollmlɒg’g’e ɨg’g’e l’aajj,10
PART,6,e,э,kld_txt_KarNC_deers,samo jeenne n’eel’l’jlɒg’g’e veer’t’ puaze,10
PART,6,e,э,kld_txt_KarNC_deers,maŋŋades’t’ daže kolxoz kues’s’ kolxos’s’e ɨštem jeenne ɨg’g’e meene,10
PART,6,e,э,kld_txt_KarNC_wedding,kuennt možet pɨht tam’b’e štof ven’n’e’ ja pɨht čuarb’eel’l’ vueɲɲče,10
PART,6,e,э,kld_txt_Kert1961_jeerrkja_oollmej_bajas,ruuhce l’aajj n’eel’l’jlɒg’g’ oollme,10
PART,6,e,э,kld_txt_Lehtiranta_1_r’iim’ɲ_moajnas,bɨdd kuun’n’de(ẟ) jeenna muurre ja p’aasstaγe(j)d bed pooɲ(e)[f],10
PART,6,edde,эдтэ,Переведенный корпус,ɒd’d’em’vuajva tuul’l’ej alavud’d’e l’ii jeena koollm čuud’d’e m’etredde,4
PART,6,edde,эдтэ,Переведенный корпус,soonn l’ii algadan jeena tooxnedde m’etredde,4
PART,6,edde,эдтэ,Переведенный корпус,soonn l’ii algadan jeena tooxnedde m’etredde,4
PART,6,edde,эдтэ,kld_txt_KarNC_wedding_pt2,… mɒššenʼ t’iiŋʼk’eguejm tam’p’e lʼeev pʼeelʼčudʼdʼ kopʼejkedde ili mar̥ʼr̥ʼkʼ.,4
PART,6,ed’d’e,эдте,Переведенный корпус,vuul’l’k’en’ ooʒe olmn’ed’d’e loag’g’ mat’t’,2
PART,6,ed’d’e,эдте,Переведенный корпус,k’iih’čev sɨjj jennege l’ii olmn’ed’d’e tam’p’e,2
PART,6,e’,э,kld_txt_KarNC_wedding,kuennt možet pɨht tam’b’e štof ven’n’e’ ja pɨht čuarb’eel’l’ vueɲɲče,1
PASS,3,uv,ув,kld_txt_KarNC_deers,no peeljuve tɒn’n’e ɒɒj̥j̥kv’eer’t’ puaze,7
PASS,3,uv,ув,kld_txt_Kert1961_jeerrkja_oollmej_bajas,eexxt paar’r’n ɒɒš’s’tjuve nɒɒj̥j̥tledde,7
PASS,3,uv,ув,Переведенный корпус,muuɲkaallsa šɒlšuve taate sonn kaal’l’mde n’iijta da čofta n’iijjt l’aajj š’iig ja mooǯe cɒɒge sonn n’iijjta v’iil’l’k’es’ p’eeck štobɨ ejj kelmče,7
PASS,3,uv,ув,Переведенный корпус,cɒɒr al’l’k’ sraaze kooxxt ujnes’ n’iijt šɒbšuve son’n’e i c’iil̥’k’e n’iijjta,7
PASS,3,uv,ув,Переведенный корпус,maŋŋa nɨm’m’p’ paar’r’n’ koavnšuve,7
PASS,3,uv,ув,Переведенный корпус,s’iirren’ s’iirren’ paar’r’n taabxuve,7
PASS,3,uv,ув,Переведенный корпус,sonn val’d’e samastr’eles’ pɨje n’ul i tɨvvluve r’eešškled,7
PASS,3,uvv,увв,Переведенный корпус,mudda loon’n’t eft olme paj kɨr(’)r(’)t(’)ev vued’?e? l’ee∅ vɒɒjvšuvvev,5
PASS,3,uvv,увв,kld_txt_KarNC_wedding_pt2,i vot mɨjj pud’em zamorskoj kupca pugg l’eev kebtuvvma,5
PASS,3,uvv,увв,kld_txt_Kert1961_jeerrkja_oollmej_bajas,sijj kooxxt pɒɒl’l’te vuujjen’ nɨd’d’e k’eed’d’kluvven’,5
PASS,3,uvv,увв,kld_txt_Kert1961_pro_vorona_tulena_i_dikogo_olena,paar’n’am paar’n’am voar’r’duvve,5
PASS,3,uvv,увв,Переведенный корпус,kuuddej n’iijjt vaarra kaal’l’mluvve d’ii eebbas ooxxte ɒre vaar’ kes’kes’,5
PASS,3,uv’v’,уввь,kld_txt_KarNC_deers,m’iin ruup’p’s’es’ čuma ɒɒlkxuv’v’en’ tala kolxozes’t’,2
PASS,3,uv’v’,уввь,kld_txt_KarNC_wedding_pt2,a keebbtuv’v’egul”,2
PASS.IMP.SG,1,uvv,увв,,,1
PASS.NPST.3SG,1,uvv,увв,,,1
PCTP.PST,1,ma,ма,,,1
PFV,6,(e)j,(э)й,kld_txt_Lehtiranta_1_r’iim’ɲ_moajnas,mun(n) i tuun(e) rast rɒd’d’(e)jam,1
PFV,6,ess,эсс,kld_txt_Lehtiranta_1_r’iim’ɲ_moajnas,munn vuelgam t’eellagas vuer’dessam,1
PFV,6,l,л,Переведенный корпус,a mɨjj čuujjglem saav’ex’eguejm,11
PFV,6,l,л,Переведенный корпус,ja tel’e čuujjglem puudem tenn sajja kas’s’ mɨjj l’iijem kuedda sɒɒn puuʒe ja lɨlmɨ pɒp činnen mɨjje vkuusnɨ p’eerg,11
PFV,6,l,л,Переведенный корпус,sonn c’eel̥’l̥’k’ joaddslagul meer’r’e,11
PFV,6,l,л,kld_txt_Kert1961_jeerrkja_oollmej_bajas,oollme eel’l’ken’ saarrne parnaguejm štobe kɒmpaɲe paar’r’n soon al’n nɒɒj̥j̥tlede(h)č,11
PFV,6,l,л,kld_txt_Kert1961_jeerrkja_oollmej_bajas,eexxt paar’r’n ɒɒš’s’tjuve nɒɒj̥j̥tledde,11
PFV,6,l,л,kld_txt_Kert1961_jeerrkja_oollmej_bajas,sijj kooxxt pɒɒl’l’te vuujjen’ nɨd’d’e k’eed’d’kluvven’,11
PFV,6,l,л,kld_txt_Kert1961_pro_vorona_tulena_i_dikogo_olena,paarna vuagglen’ ažes’ m’iil’l’te,11
PFV,6,l,л,Переведенный корпус,kaal’l’es jur’te jur’te paš’š’e nɒɒj̥j̥tlede vɒɒl’te v’iir’es’ nɨzan,11
PFV,6,l,л,Переведенный корпус,kuuddej n’iijjt vaarra kaal’l’mluvve d’ii eebbas ooxxte ɒre vaar’ kes’kes’,11
PFV,6,l,л,Переведенный корпус,vuulklešuude evdes’ vaan’c’e vaar’ m’iil’l’te n’iijjt el’ge soon moolle štobɨ ejj kuedeče sonn ooxxte vaarra,11
PFV,6,l,л,Переведенный корпус,n’iijjta paar’r’n’ ponrav’dede i cɒɒr al’l’k’ i kaallsa n’iijjt nɒɒj̥j̥tledden’ i jeel’ešuud’d’en’ š’iiggten’n’e i tenna rajja jeellev i m’iinet’ kuessa kɒhčev,11
PFV,6,l’,ль,Переведенный корпус,kuddlɒg’g’ kualmante ɨg’es’ janvari maanas’ munn učenekam’i avcand klaases’ vɨjjl’em čiirre puuʒeguejm,11
PFV,6,l’,ль,Переведенный корпус,vɨjem puuʒet mɨjj vɒɒl’d’em p’eerg m’il’l’d’e maal’c’et p’imat’ tobɨrket saav’ex’et poolxet’ saallvas koompas t’etradet’ fataparaat ɒɒkše i vɨjjl’em čiirre,11
PFV,6,l’,ль,Переведенный корпус,vɨjjl’em mɨjj jeek’na sijd’es čaar paaj̥k’ gɒrre ɒd’d’emvuajvaeel,11
PFV,6,l’,ль,Переведенный корпус,vɨjjl’em mɨjj jeek’na,11
PFV,6,l’,ль,Переведенный корпус,ɨštem sɒɒneel ja vɨjjl’em,11
PFV,6,l’,ль,Переведенный корпус,iince kɒʒjem vɨjjl’em evdas,11
PFV,6,l’,ль,Переведенный корпус,ɨštem laavleguejm vɨjjl’em mɒɒst,11
PFV,6,l’,ль,kld_txt_KarNC_wedding_pt2,vuerr vɨggl’ev ejj pɒɒbbel’t,11
PFV,6,l’,ль,kld_txt_KarNC_wedding_pt2,nemmpeš(’t’) vɨggl’ev tože sama avvta,11
PFV,6,l’,ль,kld_txt_Kert1961_pro_vorona_tulena_i_dikogo_olena,ja vɨjjl’en’ až’es’ kuadda,11
PFV,6,l’,ль,Переведенный корпус,s’iireškudden’ d’ii vuajjl’eht’en’,11
PFV,6,n,н,Переведенный корпус,sɨjj čutt jeve luunntna zaav’is't’es’,1
PFV,6,s,с,Переведенный корпус,pastex jaad’sellav čiirre,6
PFV,6,s,с,kld_txt_Kert1961_jeerrkja_oollmej_bajas,kues’s’ meene koollm p’eejv i šeeŋŋ vɒɒze i pugg oollme ujnsen’ što kaasska jaav’r ɒrr k’eed’k suel,6
PFV,6,s,с,kld_txt_Kert1961_pro_vorona_tulena_i_dikogo_olena,ujnsen aajjes’ pueddem karsen kued’ luz ja xoŋkerguud’d’en’,6
PFV,6,s,с,kld_txt_Lehtiranta_1_r’iim’ɲ_moajnas,lɨggsas’t lɨggand ejj,6
PFV,6,s,с,kld_txt_Lehtiranta_1_r’iim’ɲ_moajnas,čte emm vuejt lɨggse(ẟ),6
PFV,6,s,с,Переведенный корпус,kues’s’ jeen’n’b’eel’l’ ja soon rɒdne n’iijjt kullsen’ tenn bajas sɨjj čofta s’eennden’,6
PFV.3SG,2,el',эль,Переведенный корпус,muuɲkaallsa s'eenntel' soon eel,1
PFV.3SG,2,es',эсь,Переведенный корпус,a sɒɒne al'n ujnes' ižes' kallma n'iijt,1
PFV.3SG.NPST,1,al,ал,,,1
PFV.3SG.PST,1,el’,эль,,,2
PFV.IMP.SG,2,as’t,асьт,kld_txt_Lehtiranta_1_r’iim’ɲ_moajnas,lɨggsas’t lɨggand ejj,1
PFV.IMP.SG,2,el,эл,kld_txt_Lehtiranta_1_r’iim’ɲ_moajnas,kɒmmel,2
PFV.IMP.SG,2,el,эл,kld_txt_Lehtiranta_1_r’iim’ɲ_moajnas,čte vuur’r’del sada,2
PFV.NPST.3SG,2,(a)s,(а)с,Переведенный корпус,muddavuer kuu žor p’eejve l’eev ab’r’ meennev i b’eda redka k’ees’s’a muddavuer tol’ka men(a)s veeʒ,1
PFV.NPST.3SG,2,all,алл,kld_txt_Lehtiranta_2_r’iim’ɲ_i_taale_moajnas,taal’l’va kɒš’š’kkuul’(e) porssall,1
PFV.PST.3PL,1,s,с,,,1
PFV.PST.3SG,8,ej,эй,kld_txt_Kert1961_pro_vorona_tulena_i_dikogo_olena,ja n’učkej tuaras’(t) ken’ce p’alpend,2
PFV.PST.3SG,8,ej,эй,kld_txt_Lehtiranta_1_r’iim’ɲ_moajnas,i r’iim’ɲ moajnas puẟ’ej,2
PFV.PST.3SG,8,el,эл,kld_txt_Lehtiranta_1_r’iim’ɲ_moajnas,taall poore saahp’p’l’iŋ’ga i evdas vaan’n’ʒel,7
PFV.PST.3SG,8,el,эл,kld_txt_Lehtiranta_1_r’iim’ɲ_moajnas,ja taall kɒmmel,7
PFV.PST.3SG,8,el,эл,kld_txt_Lehtiranta_1_r’iim’ɲ_moajnas,r’iimmɲ vuul’ge vaarra karrel ja saarrn,7
PFV.PST.3SG,8,el,эл,kld_txt_Lehtiranta_2_r’iim’ɲ_i_taale_moajnas,vaan’n’cel moast čuukke m’iil’l’te,7
PFV.PST.3SG,8,el,эл,kld_txt_Lehtiranta_2_r’iim’ɲ_i_taale_moajnas,vaan’n’cel moast,7
PFV.PST.3SG,8,el,эл,kld_txt_Lehtiranta_2_r’iim’ɲ_i_taale_moajnas,pɨje(j) maŋ’ŋ’k’eer’r’sa i vujjel,7
PFV.PST.3SG,8,el,эл,kld_txt_Lehtiranta_2_r’iim’ɲ_i_taale_moajnas,vuaggel i k’iičnadd,7
PFV.PST.3SG,8,el’,эль,Переведенный корпус,jeerka olmanč vaan’n’c joaddsel’ meer’r’e,8
PFV.PST.3SG,8,el’,эль,kld_txt_Kert1961_pro_vorona_tulena_i_dikogo_olena,niijjt činnel’ porrmuž,8
PFV.PST.3SG,8,el’,эль,kld_txt_Kert1961_pro_vorona_tulena_i_dikogo_olena,ɒres’t ɒres’t ja vaan’n’cel’ kesktamus n’iijjta,8
PFV.PST.3SG,8,el’,эль,kld_txt_Kert1961_pro_vorona_tulena_i_dikogo_olena,tes’t kalsenč vuud’e nɨm’m’p ɨj ja kualmant p’eejv’ vaan’n’cel’ nuurmuss n’iijjtas kuessa,8
PFV.PST.3SG,8,el’,эль,kld_txt_Kert1961_pro_vorona_tulena_i_dikogo_olena,a iiǯ kɒn’n’t’ kaaddel’ jo,8
PFV.PST.3SG,8,el’,эль,Переведенный корпус,luuj̥j̥knelle ɨšteht’ n’iijtes’ sɒne eel ja vɨjjel’ lɒttkna puuʒje al’n vaarra,8
PFV.PST.3SG,8,el’,эль,Переведенный корпус,pɨd’d’e sonn n’iijtes’ vaarra ɨšteht’ soon p’eez’ vuella a iiǯ vɨxxta vɨjjel’ mɒɒst štobɨ ejj ujjine n’iijtes’ sɒr’m’,8
PFV.PST.3SG,8,el’,эль,Переведенный корпус,sonn jur’tel’ što saam’ puud’d’en’ što soon narot el’l’a jeel’l’men’,8
PFV.PST.3SG,8,en’t,энҍт,kld_txt_Kert1961_pro_vorona_tulena_i_dikogo_olena,paa(r)rnedes’ r’aagen’t,1
PFV.PST.3SG,8,es',эсь,Переведенный корпус,pɒɒss aaka v'iižes' vuessta,1
PFV.PST.3SG,8,est,эст,kld_txt_Lehtiranta_1_r’iim’ɲ_moajnas,taall lɨggest i saarrn,1
PFV.PST.3SG,8,es’,эсь,Переведенный корпус,sonn ujnes’ n’iijt,2
PFV.PST.3SG,8,es’,эсь,Переведенный корпус,cɒɒr al’l’k’ sraaze kooxxt ujnes’ n’iijt šɒbšuve son’n’e i c’iil̥’k’e n’iijjta,2
PFV.PST.3SG,8,es’t,эсьт,kld_txt_Kert1961_pro_vorona_tulena_i_dikogo_olena,ja kɒdes’t poššemb’alla kued’,3
PFV.PST.3SG,8,es’t,эсьт,kld_txt_Kert1961_pro_vorona_tulena_i_dikogo_olena,sonn vuages’t p’iiŋk eel leeg voal’te,3
PFV.PST.3SG,8,es’t,эсьт,kld_txt_Kert1961_pro_vorona_tulena_i_dikogo_olena,sonn vuages’t tummpla,3
PFV1,3,el',эль,kld_txt_Genetz1891,sonn poage voal'te pampel'es voal'te ja vaan'cel'(e) vaarra koze vuejjv kuent,3
PFV1,3,el',эль,kld_txt_Genetz1891,vaan'cel'(e) v’iil’k’es’ k’eedka kuajjve(δ),3
PFV1,3,el',эль,kld_txt_Genetz1891,dɨ moaze vaan'cel'(e),3
PFV1,3,l,л,Переведенный корпус,i kues’s’ čuujjklet’ štobi soonn l’aahč soonen’ l’aahč š’iiγ’ čuujjke,1
PFV1,3,l’,ль,kld_txt_Itkonen1931_6_page254,ja vaan’n’c’l’e,1
PFV1.PST.3SG,2,el,эл,kld_txt_Genetz1891,olmeɲč tatte moaze vaancel kuaddas’,3
PFV1.PST.3SG,2,el,эл,kld_txt_Lehtiranta_3_kɒn’t’_moajnas,t’eerrel,3
PFV1.PST.3SG,2,el,эл,kld_txt_Lehtiranta_3_kɒn’t’_moajnas,m’iil’l’te karrel,3
PFV1.PST.3SG,2,el’,эль,kld_txt_Genetz1891,sonn ejj alka pag'g'e(δ) voal'te(j) taale k'aassad'd'e muursoane vuella kuaddas’ vaancel’,3
PFV1.PST.3SG,2,el’,эль,kld_txt_Genetz1891,voan’n’c’el’ kuaddas’,3
PFV1.PST.3SG,2,el’,эль,kld_txt_Genetz1891,nu moast vaan’n’cel’(e),3
PFV2,2,es’t,эсьт,kld_txt_Lehtiranta_2_r’iim’ɲ_i_taale_moajnas,taall lɨggses’te(j),1
PFV2,2,s,с,kld_txt_Genetz1891,sɨjj al'kes kočsen tonst m’ii l'ii pampel'e(j)t l'eeštaɲč pugg laampse(j)t pore,7
PFV2,2,s,с,Переведенный корпус,jeerka olmanč vaan’n’c joaddsel’ meer’r’e,7
PFV2,2,s,с,Переведенный корпус,sonn c’eel̥’l̥’k’ joaddslagul meer’r’e,7
PFV2,2,s,с,kld_txt_KarNC_wedding_pt2,ɒrseg’g’e vɨs’te an’ soonn luej̥j̥k i prɒššed num’b’es’gueim k’eegg soost l’eev,7
PFV2,2,s,с,kld_txt_KarNC_wedding_pt2,tɒvvrež ušte prɒššed an’ an’ luujjksev,7
PFV2,2,s,с,kld_txt_Lehtiranta_1_r’iim’ɲ_moajnas,kuun’d(‘)sest sada,7
PFV2,2,s,с,kld_txt_Lehtiranta_2_r’iim’ɲ_i_taale_moajnas,ɒrseg’g’e(ẟ) v’aal saẟa,7
PFV2(?),1,ss,сс,,,4
PFV2.NPST.3SG,1,as’t’,асьт,,,1
PFV2.NPST.CNG,1,es’t’,эсьт,,,1
PFV2.PST.3SG,2,est,эст,kld_txt_Genetz1891,tal taall sonn taal vuejves’t’ kecest voal’te(j) pakke(δ),3
PFV2.PST.3SG,2,est,эст,kld_txt_Lehtiranta_2_r’iim’ɲ_i_taale_moajnas,vujest vujest,3
PFV2.PST.3SG,2,est,эст,kld_txt_Lehtiranta_2_r’iim’ɲ_i_taale_moajnas,vujest vujest,3
PFV2.PST.3SG,2,es’t’,эсьт,Переведенный корпус,k’iičes’t’ čuel’l’m saama l’ii t’iiv’v’t’ vujjev oollme,4
PFV2.PST.3SG,2,es’t’,эсьт,Переведенный корпус,k’iičes’t’ kuuht čud’čuer’v’ vujjev rɨnnte sɨje,4
PFV2.PST.3SG,2,es’t’,эсьт,Переведенный корпус,paar’r’n k’iičes’t’ tooge i mudda goarra k’iihč’ što viiǯed el’l’a kooz,4
PFV2.PST.3SG,2,es’t’,эсьт,Переведенный корпус,paar’r’n’ kiičes’t’ kas’t’ l’ijj nɨm’m’p’ paar’r’n’,4
PFV?,1,l,л,,,1
PL,3,e,э,Переведенный корпус,čeexxč saam oollme saarnev puadd nim’b čislas’ aavgustes kues’s’ p’eervi vuer oolme ujnas al’m’es tas’t’,1
PL,3,ed,эд,kld_txt_KarNC_deers,ad’d’ kon’ešno parnedes’ tože pɨɲɲev puuʒet’,3
PL,3,ed,эд,kld_txt_Kert1961_pro_vorona_tulena_i_dikogo_olena,ja čelma čuurvedes’guejm saar’k’sev,3
PL,3,ed,эд,Переведенный корпус,roddjes vensedes’ venset’ čadca di sulden’,3
PL,3,et',этҍ,Переведенный корпус,juug’g’e čer'krɨgge luuhpl’es't’ čuur'v’et' ja pɨht’e mɨn’n’e,1
PL.ACC,1,et’,этҍ,,,1
POS3,1,es’,эсь,,,1
POSS,1,s’,сь,,,1
POSS.1,1,n,н,,,1
POSS.2SG,1,at,ат,,,1
POSS.3,2,es’,эсь,Переведенный корпус,čuud’d’čuer’r’v pajnal s’aamn’es’ pel̥t paar’net’ an’ paar’r’ne poaččev,1
POSS.3,2,s’,сь,kld_txt_Genetz1891,aajjas’ jaala ooʒ,2
POSS.3,2,s’,сь,kld_txt_Genetz1891,meene(j) kued’(e) guurres’,2
POSS.3PL,1,es’,эсь,,,1
POSS.3SG,2,es’,эсь,kld_txt_Itkonen1931_6_page254,val’d’e kaallsa paar’n’en’es’,2
POSS.3SG,2,es’,эсь,kld_txt_Itkonen1931_6_page254,a kaallas paar’n’en’es’ put’t’ej kued’e gur’r’e,2
POSS.3SG,2,ɛs’,сь,kld_txt_Kert1961_byl_o_ljajne,idžɛs’es’ kize pɛr’a perk,1
POSS1,2,am,ам,kld_txt_Kert1961_pro_vorona_tulena_i_dikogo_olena,paar’n’am paar’n’am tala tɨje n’innč,10
POSS1,2,am,ам,kld_txt_Kert1961_pro_vorona_tulena_i_dikogo_olena,paar’n’am paar’n’am tala tɨje n’innč,10
POSS1,2,am,ам,kld_txt_Kert1961_pro_vorona_tulena_i_dikogo_olena,hoŋker hoŋker jaannam gell jeb’b’ pued’,10
POSS1,2,am,ам,kld_txt_Kert1961_pro_vorona_tulena_i_dikogo_olena,hoŋker hoŋker jaannam gell jeb’b’ pued’,10
POSS1,2,am,ам,kld_txt_Kert1961_pro_vorona_tulena_i_dikogo_olena,paar’n’am paar’n’am voar’r’duvve,10
POSS1,2,am,ам,kld_txt_Kert1961_pro_vorona_tulena_i_dikogo_olena,paar’n’am paar’n’am voar’r’duvve,10
POSS1,2,am,ам,kld_txt_Lehtiranta_3_kɒn’t’_moajnas,paarnɲam paarnɲam kooz tun(n) vɨl’l’gex,10
POSS1,2,am,ам,kld_txt_Lehtiranta_3_kɒn’t’_moajnas,paarnɲam paarnɲam kooz tun(n) vɨl’l’gex,10
POSS1,2,am,ам,kld_txt_Lehtiranta_3_kɒn’t’_moajnas,jeel’ c’aal̥l̥k alkɲam meen(e) až’ant m’iil’l’te,10
POSS1,2,am,ам,kld_txt_Lehtiranta_3_kɒn’t’_moajnas,vuag(e) c’aal̥l̥k alkɲam t’iirrvse,10
POSS1,2,an,ан,Переведенный корпус,kast’umčiket v’iil’l’g’es roovašket mooǯes plaat’jat i jeekna kopčenedem iiǯan škoola enternaahte v’ees’s’lušše,9
POSS1,2,an,ан,kld_txt_KarNC_deers,aǯan koohčen’ mɒɒksan jeg’em’ al’l’k,9
POSS1,2,an,ан,kld_txt_KarNC_deers,m’iinen’ v’iil’jangɒn’c’ pɨɲɲen’,9
POSS1,2,an,ан,kld_txt_KarNC_deers,ad’d’ l’iijjen’ konešno sɒɒmen’ aǯ’san ja d’eed’san,9
POSS1,2,an,ан,kld_txt_KarNC_deers,ad’d’ l’iijjen’ konešno sɒɒmen’ aǯ’san ja d’eed’san,9
POSS1,2,an,ан,kld_txt_KarNC_deers,aǯ’san l’aajj čuud’(d’) p’eel’l’em’p’ l’aajj,9
POSS1,2,an,ан,kld_txt_KarNC_deers,a sɨmman d’eed’san l’aajj soost l’aajj čuud’(d’) koollm,9
POSS1,2,an,ан,kld_txt_KarNC_wedding,munn gu vaalta iǯan m’iil’l’e,9
POSS1,2,an,ан,kld_txt_Kert1961_pro_vorona_tulena_i_dikogo_olena,paa(r’)r’n’an pued’d’e mon m’iil’l’te,9
POSS1.NOM.PL,2,am,ам,kld_txt_Lehtiranta_1_r’iim’ɲ_moajnas,s’eejjbeɲam d’ii s’eejjbeɲam koox’x’t tun(n) vuelgax,2
POSS1.NOM.PL,2,am,ам,kld_txt_Lehtiranta_1_r’iim’ɲ_moajnas,s’eejjbeɲam d’ii s’eejjbeɲam koox’x’t tun(n) vuelgax,2
POSS1.NOM.PL,2,en,эн,kld_txt_Lehtiranta_1_r’iim’ɲ_moajnas,juelγeɲen d’i(i) juelγeɲen men(n) vexxteɲɲe vu(e)jjbed’d’e kar’r’e(ẟ),6
POSS1.NOM.PL,2,en,эн,kld_txt_Lehtiranta_1_r’iim’ɲ_moajnas,juelγeɲen d’i(i) juelγeɲen men(n) vexxteɲɲe vu(e)jjbed’d’e kar’r’e(ẟ),6
POSS1.NOM.PL,2,en,эн,kld_txt_Lehtiranta_1_r’iim’ɲ_moajnas,čalmeɲen d’ii čalmeɲen kuk’k’ena ujjnbed’d’e,6
POSS1.NOM.PL,2,en,эн,kld_txt_Lehtiranta_1_r’iim’ɲ_moajnas,čalmeɲen d’ii čalmeɲen kuk’k’ena ujjnbed’d’e,6
POSS1.NOM.PL,2,en,эн,kld_txt_Lehtiranta_1_r’iim’ɲ_moajnas,p’aal’l’jeɲen d’ii p’aal’l’jeɲen kuk’k’en kullbed’d’e,6
POSS1.NOM.PL,2,en,эн,kld_txt_Lehtiranta_1_r’iim’ɲ_moajnas,p’aal’l’jeɲen d’ii p’aal’l’jeɲen kuk’k’en kullbed’d’e,6
POSS1.NOM.SG,1,a,а,,,1
POSS2,1,ant,ант,,,7
POSS3,10,as’,ась,kld_txt_Genetz1891,tal’ uš l’ii aajjas’ jaall,2
POSS3,10,as’,ась,kld_txt_Kert1961_byl_o_ljajne,s’agлɛssɛ kån’tɛ al’kas’,2
POSS3,10,es,эс,kld_txt_Genetz1891,sɨjj al'kes kočsen tonst m’ii l'ii pampel'e(j)t l'eeštaɲč pugg laampse(j)t pore,7
POSS3,10,es,эс,kld_txt_Genetz1891,sonn poage voal'te pampel'es voal'te ja vaan'cel'(e) vaarra koze vuejjv kuent,7
POSS3,10,es,эс,kld_txt_Kert1961_byl_o_ljajne,kuɛs’s’ tabhuve ɛl’ki͔ pirses odze:,7
POSS3,10,es,эс,kld_txt_Kert1961_nuemmel_piras,sonn jur'te kolm al'kes mat’xe,7
POSS3,10,es,эс,kld_txt_Lehtiranta_2_r’iim’ɲ_i_taale_moajnas,koavne(j) r’iim’ɲes,7
POSS3,10,es,эс,kld_txt_Lehtiranta_2_r’iim’ɲ_i_taale_moajnas,r’iim’m’ɲ voal’tej kuul’(e) s’eejpes vuella,7
POSS3,10,es,эс,kld_txt_Lehtiranta_2_r’iim’ɲ_i_taale_moajnas,voal’te s’eejpes pajent,7
POSS3,10,es',эсь,kld_txt_Genetz1891,aǯes' jennes’ moakksen' moakksen' ja t’eeŋ'k pud'den',8
POSS3,10,es',эсь,kld_txt_Genetz1891,vaal'te ɨšte kɒb(e) raabe(j) kab'b'er' pɨjje(j) kuut' juul'k’es' keske ja raajk pukkej kap’p’r’e,8
POSS3,10,es',эсь,kld_txt_Kert1961_nuemmel_piras,al'kes'kånc juggen’ vɨn kukseguejm,8
POSS3,10,es',эсь,kld_txt_Kert1961_nuemmel_piras,al'kes'kånc jiillen’ son čaapat al'n',8
POSS3,10,es',эсь,kld_txt_Kert1961_nuemmel_piras,aǯes' kuddej n'al'jant vuassa,8
POSS3,10,es',эсь,kld_txt_Kert1961_nuemmel_piras,a kuhte n’iijtpeles' Iiijjen’ monaška,8
POSS3,10,es',эсь,Переведенный корпус,a sɒɒne al'n ujnes' ižes' kallma n'iijt,8
POSS3,10,es',эсь,Переведенный корпус,sonn nɨdd žal'ej ujjne n'iijjtes' kaallsa n'iijt sajes' vapteg ja cɒɒr al'k ahk'en' što lunten' ižes' pɒɒssvudes',8
POSS3,10,es'.,эсь.,Переведенный корпус,tedd paake kohče iǯ’as’ tenn оlmе taalenes'.,1
POSS3,10,es’,эсь,Переведенный корпус,a mudda a lɨhkev kuk’a el’e an’exa k’iihčev kooxxt iiž’es’ rooŋ’ŋ’k’ i meenn kugga bɨdd,43
POSS3,10,es’,эсь,Переведенный корпус,k’aavvla pɨjet vel nɒɒket’ a tej(d) nɒɒk’e k’aaǯa kruges’t’ pɨjet p’ees’s’ muur iižes’ suem’p’,43
POSS3,10,es’,эсь,kld_txt_Genetz1891,aǯes' jennes’ moakksen' moakksen' ja t’eeŋ'k pud'den',43
POSS3,10,es’,эсь,kld_txt_Genetz1891,ja kuajves’ i mur’t’e,43
POSS3,10,es’,эсь,kld_txt_Itkonen1931_6_page254,voal’l’t’en’ ja koavvn’en’ s’iin’et’ kaallas paar’n’en’es’,43
POSS3,10,es’,эсь,kld_txt_KarNC_deers,ad’d’ kon’ešno parnedes’ tože pɨɲɲev puuʒet’,43
POSS3,10,es’,эсь,kld_txt_KarNC_wedding_pt2,ɒrseg’g’e vɨs’te an’ soonn luej̥j̥k i prɒššed num’b’es’gueim k’eegg soost l’eev,43
POSS3,10,es’,эсь,kld_txt_Kert1961_byl_o_ljajne,a'h’kis’ pud˙i͔ alkes’ al’l’a nikas’t˙,43
POSS3,10,es’,эсь,kld_txt_Kert1961_byl_o_ljajne,alkes’ kåvnɛn˙ tampɛ kånnta,43
POSS3,10,es’,эсь,kld_txt_Kert1961_byl_o_ljajne,ahkes’ kuddi̮i kuadḓa jel’l’e,43
POSS3,10,es’,эсь,kld_txt_Kert1961_byl_o_ljajne,ahkes’ al’l’a,43
POSS3,10,es’,эсь,kld_txt_Kert1961_byl_o_ljajne,rūc uitɛn˙ akes’ ja mur’r’tɛn˙ kuɛd˙,43
POSS3,10,es’,эсь,kld_txt_Kert1961_byl_o_ljajne,i joddɛi akes’ odzɛ,43
POSS3,10,es’,эсь,kld_txt_Kert1961_pro_vorona_tulena_i_dikogo_olena,ja čelma čuurvedes’guejm saar’k’sev,43
POSS3,10,es’,эсь,kld_txt_Kert1961_pro_vorona_tulena_i_dikogo_olena,ujnsen aajjes’ pueddem karsen kued’ luz ja xoŋkerguud’d’en’,43
POSS3,10,es’,эсь,kld_txt_Kert1961_pro_vorona_tulena_i_dikogo_olena,ja kɒmmel’ n’iijtes’ š’iidenč sajja,43
POSS3,10,es’,эсь,kld_txt_Kert1961_pro_vorona_tulena_i_dikogo_olena,paa(r)rnedes’ r’aagen’t,43
POSS3,10,es’,эсь,kld_txt_Kert1961_pro_vorona_tulena_i_dikogo_olena,aahk’ veel’l’ej olkes’ paarrnes’ m’iil’l’te,43
POSS3,10,es’,эсь,kld_txt_Kert1961_pro_vorona_tulena_i_dikogo_olena,paarna vuagglen’ ažes’ m’iil’l’te,43
POSS3,10,es’,эсь,kld_txt_Kert1961_pro_vorona_tulena_i_dikogo_olena,aahk’ r’aagg paarrnedes’,43
POSS3,10,es’,эсь,kld_txt_Kert1961_pro_vorona_tulena_i_dikogo_olena,sɨjj karrev p’alpnev moast jeen’es’ gɒrre,43
POSS3,10,es’,эсь,kld_txt_Kert1961_pro_vorona_tulena_i_dikogo_olena,luuj̥ke ja eženes’ jɒddseleškud’e,43
POSS3,10,es’,эсь,kld_txt_Kert1961_pro_vorona_tulena_i_dikogo_olena,k’aassxen’ puuʒedes’,43
POSS3,10,es’,эсь,kld_txt_Kert1961_pro_vorona_tulena_i_dikogo_olena,koab kuedes’ kɨške,43
POSS3,10,es’,эсь,kld_txt_Kert1961_pro_vorona_tulena_i_dikogo_olena,ja vɨjjl’en’ až’es’ kuadda,43
POSS3,10,es’,эсь,kld_txt_Lehtiranta_3_kɒn’t’_moajnas,jeen’n’es’ c’aal̥l̥k,43
POSS3,10,es’,эсь,Переведенный корпус,j’iil’e eexxt kaal’l’es’ n’iijtenes’,43
POSS3,10,es’,эсь,Переведенный корпус,kaal’l’es’ šɒɒleš n’iijtes’ što sonn šaannt jeenxem,43
POSS3,10,es’,эсь,Переведенный корпус,tenn nɨznes’ l’aajj iiǯes’ n’iijta,43
POSS3,10,es’,эсь,Переведенный корпус,jeen’n’b’eel’l’ sraaze ejj šɒbšeškuadda n’iijjtb’eel’es’,43
POSS3,10,es’,эсь,Переведенный корпус,rɒdne n’iijtes’ meenn ejj lɨk soon paje pueraht a n’iijjtb’eel’l’ xošš i pugg per̥t m’iil’l’te lɨke jeen’n’b’eel’l’ soonen’ paje ɒr̥r̥tedd ja cele p’iijve m’iil’l’te ševraht,43
POSS3,10,es’,эсь,Переведенный корпус,jeen’en’es’ kueht’as’ sɨjj ejj eft vuer vɨggen’ kaal’l’es’ n’iijt keeɲɲle rajja,43
POSS3,10,es’,эсь,Переведенный корпус,i nɨd’d’ sɨjj jiil’l’en’ jeen’n’b’eel’l’ n’iijten’es’ eft vued’d’en’ ja poorren’ ja ɒrren’ paje k’iide rɨs's't'e ja pɒɒknedden’,43
POSS3,10,es’,эсь,Переведенный корпус,ejj eesstma sonn xar’a vuel’l’k’te kued’es’ vel’l’ej son’n’e vuessta aahk’ ja el’g’e šume kaallses’ eel,43
POSS3,10,es’,эсь,Переведенный корпус,kal’l’es’ gɒr’jede šɒɒlaš n’iijtes’,43
POSS3,10,es’,эсь,Переведенный корпус,luuj̥j̥knelle ɨšteht’ n’iijtes’ sɒne eel ja vɨjjel’ lɒttkna puuʒje al’n vaarra,43
POSS3,10,es’,эсь,Переведенный корпус,pɨd’d’e sonn n’iijtes’ vaarra ɨšteht’ soon p’eez’ vuella a iiǯ vɨxxta vɨjjel’ mɒɒst štobɨ ejj ujjine n’iijtes’ sɒr’m’,43
POSS3,10,es’,эсь,Переведенный корпус,pɨd’d’e sonn n’iijtes’ vaarra ɨšteht’ soon p’eez’ vuella a iiǯ vɨxxta vɨjjel’ mɒɒst štobɨ ejj ujjine n’iijtes’ sɒr’m’,43
POSS3,10,es’,эсь,Переведенный корпус,vuur’t’e vuur’t’e až’es’ ejj t’eedda sonn ejj jur’r’t’ma što vuel’l’k'teš soon kaal’l’me vaar’es’,43
POSS3,10,es’,эсь,Переведенный корпус,kooxxt kuuht paar’n’ pɨn’n’jen’ narodes’,43
POSS3,10,es’,эсь,Переведенный корпус,sonn val’d’e samastr’eles’ pɨje n’ul i tɨvvluve r’eešškled,43
POSS3,10,es’,эсь,Переведенный корпус,paar’r’n pɨje samastr’eles’ sonne rannta dii luušte,43
POSS3,10,es’,эсь,Переведенный корпус,paar’r’n’ ap’et samastr’eles’ pejjel’ n’ul i nɨm’p r’eškel’,43
POSS3,10,es’(t),эсь(т),kld_txt_Kert1961_pro_vorona_tulena_i_dikogo_olena,jurrt an’ xot’ eft ver aǯes’(t) vuadd kɒn’t’ tuul’j al’n’,1
POSS3,10,e̮s’,эсь,kld_txt_Kert1961_byl_o_ljajne,alke̮s’ ruhk’en˙,1
POSS3,10,is’,ысь,kld_txt_Kert1961_byl_o_ljajne,a'h’kis’ pud˙i͔ alkes’ al’l’a nikas’t˙,1
POSS3,10,s,с,Переведенный корпус,l’eev nu mugga p’r’im’eetav kojt m’iil’d’es i vuejjev c’eel̥’l̥’k’e,2
POSS3,10,s,с,kld_txt_Lehtiranta_3_kɒn’t’_moajnas,i saarrn aakkas,2
POSS3,10,s’,сь,kld_txt_Genetz1891,olmeɲč tatte moaze vaancel kuaddas’,9
POSS3,10,s’,сь,kld_txt_Genetz1891,mene(j) kuaddas’,9
POSS3,10,s’,сь,kld_txt_Genetz1891,sonn ejj alka pag'g'e(δ) voal'te(j) taale k'aassad'd'e muursoane vuella kuaddas’ vaancel’,9
POSS3,10,s’,сь,kld_txt_Genetz1891,voan’n’c’el’ kuaddas’,9
POSS3,10,s’,сь,kld_txt_Genetz1891,meene(j) kuaddas’,9
POSS3,10,s’,сь,kld_txt_Genetz1891,meene kuaddas’,9
POSS3,10,s’,сь,kld_txt_Genetz1891,tedd vaallt k’iiddes’,9
POSS3,10,s’,сь,kld_txt_KarNC_wedding_pt2,tel’ vul’k’en’ jannas’,9
POSS3,10,s’,сь,kld_txt_KarNC_wedding_pt2,aǯas’ nɨšše,9
POSS3.NOM.SG,1,es’,эсь,,,1
POSS3?,1,e,э,,,1
POT,1,eɲ,эн,,,1
POT.3SG,3,enč,энч,kld_txt_Kert1961_pro_vorona_tulena_i_dikogo_olena,puudenč aǯat tonn soon por̥t juxt,1
POT.3SG,3,n’č,нҍч,kld_SAM_SG_map_20230815,l’aan’č kualmant sɨjjt,3
POT.3SG,3,n’č,нҍч,kld_SAM_SG_map_20230815,и sonn l’aan’č,3
POT.3SG,3,n’č,нҍч,kld_SAM_SG_map_20230815,vuejjev bɨ... kuuššk l’aan’č,3
POT.3SG,3,ɲč,нч,Переведенный корпус,saam’ oollme toože c’eel̥’l̥’k’ev vuejjev c’eel̥’l̥’k’e man’te l’aaɲč jeerrk jeggda tunn p’eejv,4
POT.3SG,3,ɲč,нч,Переведенный корпус,nu vot nap’r’im’eer / vot kooxxt / jesl’e m’eer gor’r’en’ kas’s’ puadd tav(’)v(’)al p’iiŋŋk / pɨjjen’ s’eenkes’ peevl l’ee∅ / to saam’ saarrnev što l’aaɲč tav(’)v(’)al p’iiŋŋg ja ɲues’s’ jeerrk / vuajj pued’d’e c’iigg jeerrk,4
POT.3SG,3,ɲč,нч,Переведенный корпус,saarrnev što l’aaɲč ɲues’s’ jeerrk / aab’b’r’ jeerrk / abrešuadd,4
POT.3SG,3,ɲč,нч,kld_txt_Genetz1891,no l'aaɲč at't' kul mɨn’n’e t’iiŋ’k’e(j)t’ ejj bɨdd jenamp,4
POT.NPST.CNG,1,ɲč,нч,,,1
PRED,2,e,э,Переведенный корпус,taal’l’va / taal’l’va veeʒ l’ii b’eda mooǯe i vaar’es’ l’ii b’eda mooǯe,9
PRED,2,e,э,Переведенный корпус,taal’l’va / taal’l’va veeʒ l’ii b’eda mooǯe i vaar’es’ l’ii b’eda mooǯe,9
PRED,2,e,э,Переведенный корпус,sonn al'l'iij mooǯe l'aajj keesse iiǯ l’aajj vaajvaš,9
PRED,2,e,э,Переведенный корпус,sonn al'l'iij mooǯe l'aajj keesse iiǯ l’aajj vaajvaš,9
PRED,2,e,э,kld_txt_Kert1961_pro_vorona_tulena_i_dikogo_olena,čofta l’ii eellm olma/oollma leegg loosse,9
PRED,2,e,э,kld_txt_Kert1961_pro_vorona_tulena_i_dikogo_olena,čofta l’ii eellm oollme leeg loosse ap’p’s’e,9
PRED,2,e,э,kld_txt_Kert1961_pro_vorona_tulena_i_dikogo_olena,čofta l’ii eellm oollme leeg loosse ap’p’s’e,9
PRED,2,e,э,Переведенный корпус,a n’iijjtb’eel’l’ l’aajj i kaasven’ mooǯe i lɨhk’eš d’i m’iillves’,9
PRED,2,e,э,Переведенный корпус,muuɲkaallsa šɒlšuve taate sonn kaal’l’mde n’iijta da čofta n’iijjt l’aajj š’iig ja mooǯe cɒɒge sonn n’iijjta v’iil’l’k’es’ p’eeck štobɨ ejj kelmče,9
PRED,2,es’,эсь,Переведенный корпус,a n’iijjtb’eel’l’ l’aajj i kaasven’ mooǯe i lɨhk’eš d’i m’iillves’,1
PRED.PL,1,e,э,,,1
PST.1PL,3,em,эм,Переведенный корпус,kuddlɒg’g’ kualmante ɨg’es’ janvari maanas’ munn učenekam’i avcand klaases’ vɨjjl’em čiirre puuʒeguejm,63
PST.1PL,3,em,эм,Переведенный корпус,tenn rɒjj mɨjj sɒɒgem sɒɒnet zapraavat kuuht xaar’an’,63
PST.1PL,3,em,эм,Переведенный корпус,vɨjem puuʒet mɨjj vɒɒl’d’em p’eerg m’il’l’d’e maal’c’et p’imat’ tobɨrket saav’ex’et poolxet’ saallvas koompas t’etradet’ fataparaat ɒɒkše i vɨjjl’em čiirre,63
PST.1PL,3,em,эм,Переведенный корпус,vɨjem puuʒet mɨjj vɒɒl’d’em p’eerg m’il’l’d’e maal’c’et p’imat’ tobɨrket saav’ex’et poolxet’ saallvas koompas t’etradet’ fataparaat ɒɒkše i vɨjjl’em čiirre,63
PST.1PL,3,em,эм,Переведенный корпус,vɨjem puuʒet mɨjj vɒɒl’d’em p’eerg m’il’l’d’e maal’c’et p’imat’ tobɨrket saav’ex’et poolxet’ saallvas koompas t’etradet’ fataparaat ɒɒkše i vɨjjl’em čiirre,63
PST.1PL,3,em,эм,Переведенный корпус,ɨštem sɒɒneel kut’i kolma oollme,63
PST.1PL,3,em,эм,Переведенный корпус,meenn sɒɒnes kuuht jeer’g’ jɒd’exen’ p’eerg ja saav’ex’et koogg l’iijem koorrma saallvas sɨz’z’en’,63
PST.1PL,3,em,эм,Переведенный корпус,vɨjjl’em mɨjj jeek’na sijd’es čaar paaj̥k’ gɒrre ɒd’d’emvuajvaeel,63
PST.1PL,3,em,эм,Переведенный корпус,ɒd’d’emvuajvas mɨjj l’iijem i l’iijem vel šuurr ur’d’es,63
PST.1PL,3,em,эм,Переведенный корпус,ɒd’d’emvuajvas mɨjj l’iijem i l’iijem vel šuurr ur’d’es,63
PST.1PL,3,em,эм,Переведенный корпус,vɨjjl’em mɨjj jeek’na,63
PST.1PL,3,em,эм,Переведенный корпус,ɨštem sɒɒneel ja vɨjjl’em,63
PST.1PL,3,em,эм,Переведенный корпус,ɨštem sɒɒneel ja vɨjjl’em,63
PST.1PL,3,em,эм,Переведенный корпус,vɨjem mɨjj rast laan’d’ lɒɒn’d’e m’iil’l’d’e čuujav’r’ čel’čedvɒɒr’e a al’m’es l’aajj b’eda mooǯes vɒɒvkez,63
PST.1PL,3,em,эм,Переведенный корпус,l’aajj b’eda v’ees’s’el’ i š’iig vɨjem,63
PST.1PL,3,em,эм,Переведенный корпус,s’iijnem vɨjem vɨjem jeeskem vaarra,63
PST.1PL,3,em,эм,Переведенный корпус,s’iijnem vɨjem vɨjem jeeskem vaarra,63
PST.1PL,3,em,эм,Переведенный корпус,s’iijnem vɨjem vɨjem jeeskem vaarra,63
PST.1PL,3,em,эм,Переведенный корпус,s’iijnem vɨjem vɨjem jeeskem vaarra,63
PST.1PL,3,em,эм,Переведенный корпус,puuʒet pugg kornem ja ɨldem tool ja al’g’em aavvde čaaj činne p’eerg,63
PST.1PL,3,em,эм,Переведенный корпус,puuʒet pugg kornem ja ɨldem tool ja al’g’em aavvde čaaj činne p’eerg,63
PST.1PL,3,em,эм,Переведенный корпус,puuʒet pugg kornem ja ɨldem tool ja al’g’em aavvde čaaj činne p’eerg,63
PST.1PL,3,em,эм,Переведенный корпус,kɨp’t’em uttet kɨp’t’em utt tuul’xem čaaj poorem ja jorem vued’d’e,63
PST.1PL,3,em,эм,Переведенный корпус,kɨp’t’em uttet kɨp’t’em utt tuul’xem čaaj poorem ja jorem vued’d’e,63
PST.1PL,3,em,эм,Переведенный корпус,kɨp’t’em uttet kɨp’t’em utt tuul’xem čaaj poorem ja jorem vued’d’e,63
PST.1PL,3,em,эм,Переведенный корпус,kɨp’t’em uttet kɨp’t’em utt tuul’xem čaaj poorem ja jorem vued’d’e,63
PST.1PL,3,em,эм,Переведенный корпус,kɨp’t’em uttet kɨp’t’em utt tuul’xem čaaj poorem ja jorem vued’d’e,63
PST.1PL,3,em,эм,Переведенный корпус,iince kɒʒjem vɨjjl’em evdas,63
PST.1PL,3,em,эм,Переведенный корпус,iince kɒʒjem vɨjjl’em evdas,63
PST.1PL,3,em,эм,Переведенный корпус,vɨjem vuus’ lujav’r’urrte,63
PST.1PL,3,em,эм,Переведенный корпус,kornem puuʒet,63
PST.1PL,3,em,эм,Переведенный корпус,aavdem čaajet p’eerget kɨp’t’em pɒɒštem vueɲč,63
PST.1PL,3,em,эм,Переведенный корпус,aavdem čaajet p’eerget kɨp’t’em pɒɒštem vueɲč,63
PST.1PL,3,em,эм,Переведенный корпус,aavdem čaajet p’eerget kɨp’t’em pɒɒštem vueɲč,63
PST.1PL,3,em,эм,Переведенный корпус,čɒɒgem saav’ex’et koollm oollme kuuddjen činne p’eerg vel,63
PST.1PL,3,em,эм,Переведенный корпус,a mɨjj čuujjglem saav’ex’eguejm,63
PST.1PL,3,em,эм,Переведенный корпус,čuujgem saav’ex’eguejm meenem peejnem m’iilgnes ur’d’eel,63
PST.1PL,3,em,эм,Переведенный корпус,čuujgem saav’ex’eguejm meenem peejnem m’iilgnes ur’d’eel,63
PST.1PL,3,em,эм,Переведенный корпус,čuujgem saav’ex’eguejm meenem peejnem m’iilgnes ur’d’eel,63
PST.1PL,3,em,эм,Переведенный корпус,k’iičem pugg čaarre,63
PST.1PL,3,em,эм,Переведенный корпус,čaarre k’iičem man’t’e soonn l’ii,63
PST.1PL,3,em,эм,Переведенный корпус,k’iičem man’t’e l’eev uʒ’xa muure,63
PST.1PL,3,em,эм,Переведенный корпус,tagda mɨjj iiǯ pɒɒj̥kan urdan snemajedem tel’e al’g’em jɒddjem saav’exal’n valas,63
PST.1PL,3,em,эм,Переведенный корпус,tagda mɨjj iiǯ pɒɒj̥kan urdan snemajedem tel’e al’g’em jɒddjem saav’exal’n valas,63
PST.1PL,3,em,эм,Переведенный корпус,tagda mɨjj iiǯ pɒɒj̥kan urdan snemajedem tel’e al’g’em jɒddjem saav’exal’n valas,63
PST.1PL,3,em,эм,Переведенный корпус,ja tel’e čuujjglem puudem tenn sajja kas’s’ mɨjj l’iijem kuedda sɒɒn puuʒe ja lɨlmɨ pɒp činnen mɨjje vkuusnɨ p’eerg,63
PST.1PL,3,em,эм,Переведенный корпус,ja tel’e čuujjglem puudem tenn sajja kas’s’ mɨjj l’iijem kuedda sɒɒn puuʒe ja lɨlmɨ pɒp činnen mɨjje vkuusnɨ p’eerg,63
PST.1PL,3,em,эм,Переведенный корпус,ja tel’e čuujjglem puudem tenn sajja kas’s’ mɨjj l’iijem kuedda sɒɒn puuʒe ja lɨlmɨ pɒp činnen mɨjje vkuusnɨ p’eerg,63
PST.1PL,3,em,эм,Переведенный корпус,poorem tes’t’ mɨjj vuudem i iinca k’aassedem,63
PST.1PL,3,em,эм,Переведенный корпус,poorem tes’t’ mɨjj vuudem i iinca k’aassedem,63
PST.1PL,3,em,эм,Переведенный корпус,poorem tes’t’ mɨjj vuudem i iinca k’aassedem,63
PST.1PL,3,em,эм,Переведенный корпус,puuʒet pugg š’iiggten’n’e kɒɒrem sɒɒnet,63
PST.1PL,3,em,эм,Переведенный корпус,ɨštem laavleguejm vɨjjl’em mɒɒst,63
PST.1PL,3,em,эм,Переведенный корпус,ɨštem laavleguejm vɨjjl’em mɒɒst,63
PST.1PL,3,em,эм,Переведенный корпус,puudem mɨjj mɒɒst s’ijjda,63
PST.1PL,3,em,эм,Переведенный корпус,kast’umčiket v’iil’l’g’es roovašket mooǯes plaat’jat i jeekna kopčenedem iiǯan škoola enternaahte v’ees’s’lušše,63
PST.1PL,3,em,эм,Переведенный корпус,mɨjj tenn paxodes jiil’em b’eda druužna,63
PST.1PL,3,em,эм,Переведенный корпус,mɨjj pugg mɒɒjn’s’em go mɨjj vɒddem,63
PST.1PL,3,em,эм,kld_txt_Itkonen1931_6_page254,mɨjj čoajd’em,63
PST.1PL,3,em,эм,kld_txt_KarNC_deers,puudzet’ paj jeb’b’ pɨɲɲma paj svol’no jiil’em čeexxča kooppčev vooddeddev,63
PST.1PL,3,em,эм,kld_txt_KarNC_deers,kolxoz kues’s’gu šende tes’t’ meenn? meenem šendem kolxoz’n’ik,63
PST.1PL,3,em,эм,kld_txt_KarNC_deers,kolxoz kues’s’gu šende tes’t’ meenn? meenem šendem kolxoz’n’ik,63
PST.1PL,3,em,эм,kld_txt_KarNC_deers,maŋŋades’t’ daže kolxoz kues’s’ kolxos’s’e ɨštem jeenne ɨg’g’e meene,63
PST.1PL,3,em’,эмь,kld_txt_KarNC_deers,mɨjj uže šuurrnem’ šendem’,6
PST.1PL,3,em’,эмь,kld_txt_KarNC_deers,mɨjj uže šuurrnem’ šendem’,6
PST.1PL,3,em’,эмь,kld_txt_KarNC_deers,ja tel’ el’g’em’ pɨɲɲe iiž’a saam’,6
PST.1PL,3,em’,эмь,kld_txt_KarNC_deers,mɒɒhtja l’iijem’ mɒɒhtjem’ jeel’l’ep’,6
PST.1PL,3,em’,эмь,kld_txt_KarNC_deers,mɒɒhtja l’iijem’ mɒɒhtjem’ jeel’l’ep’,6
PST.1PL,3,em’,эмь,kld_txt_KarNC_deers,eevvdel’ mɨjj joddlem’ kɒvvseguejm,6
PST.1PL,3,en,эн,Переведенный корпус,sijd’es’ m’iinet pood’d’en pravažat jeen’ až’ i v’iil’j tɒɒvvrež vuep’s’ej i mudda oollme,1
PST.1SG,4,(e),(э),kld_txt_Genetz1891,vaan'cel'(e) v’iil’k’es’ k’eedka kuajjve(δ),1
PST.1SG,4,e,э,kld_GGM_SG_map_202308D,munn l’iijje,6
PST.1SG,4,e,э,Переведенный корпус,tes’t’ ufšten geagraafe munn rɒst mɒɒj(n)se parnat pugg čaar bajas kooxxt ad’d’ izmen’iilsa čaarr tejja ɨg’e kooxxt jeel’ešued’d’eš per’a i tag daale,6
PST.1SG,4,e,э,kld_txt_Genetz1891,pɨhte,6
PST.1SG,4,e,э,kld_txt_KarNC_deers,munndet(t) vaanas pɨɲɲe a pɨɲe el’j v’iil’ja,6
PST.1SG,4,e,э,kld_txt_KarNC_wedding_pt2,a keebbtuv’v’egul”,6
PST.1SG,4,e,э,kld_txt_KarNC_wedding_pt2,a munngul šen’te dak šen’tedas mustgul puvle al’n nugge dak mus(t)gul pugnen’dekke,6
PST.1SG,4,em,эм,kld_txt_Lehtiranta_1_r’iim’ɲ_moajnas,r’iimmɲ saarrn čte mun(n) kɨr’j(e)xem,1
PST.1SG,4,ɛ,,kld_txt_Kert1961_byl_o_ljajne,mudḓa saijes’t лi̮kkɛ pi̮rr kuɛd˙ krepas’t˙ murɛn˙,1
PST.1SG/INF,1,e,э,,,1
PST.2SG,4,ek,эк,kld_txt_Genetz1891,oxo evvtel' mune puud'd'ek,2
PST.2SG,4,ek,эк,kld_txt_Genetz1891,saaml'a c'aal̥l̥ka pɨhtek t'iiŋ’k'i(j)t',2
PST.2SG,4,ek?,эк?,kld_txt_Genetz1891,kos’te voardek?,1
PST.2SG,4,ex,эх,kld_txt_Lehtiranta_3_kɒn’t’_moajnas,paarnɲam paarnɲam kooz tun(n) vɨl’l’gex,3
PST.2SG,4,ex,эх,kld_txt_Lehtiranta_3_kɒn’t’_moajnas,kooz kuud’d’ex jaanant ɲiɲč,3
PST.2SG,4,ex,эх,Переведенный корпус,a nɨm’p’ puadd i vuejj i šurnant paar’n’ eel štɒ munn puada toon konta men guejka most tovruž kon’tex,3
PST.2SG,4,ex’,эхь,Переведенный корпус,k’aas’s’et’ sama mooǯes’ ja š’iig puuʒet’ ja vɨge mun n’iijta vaarra ja kuud’e tenn še sajja kooz kuud’d’ex’ iižant n’iijt,1
PST.3PL,12,en,эн,Переведенный корпус,toolgɒr’r’en’ kɨp’ten man’n’ o šal’d,39
PST.3PL,12,en,эн,Переведенный корпус,parna cɒɒg’g’en maal’c’et tobɨrket p’imat,39
PST.3PL,12,en,эн,Переведенный корпус,kuus’s’t’en al’m’es taas’t’,39
PST.3PL,12,en,эн,Переведенный корпус,parna jeenna lɒɒvvlen raaznɨ laavlet ruušas saames,39
PST.3PL,12,en,эн,Переведенный корпус,pugg maal’c’eguejm eel vel kolek’eegg cɒɒg’g’en saav’ex’et doobrat ja vuud’d’en b’eda š’iiggten’n’e,39
PST.3PL,12,en,эн,Переведенный корпус,pugg maal’c’eguejm eel vel kolek’eegg cɒɒg’g’en saav’ex’et doobrat ja vuud’d’en b’eda š’iiggten’n’e,39
PST.3PL,12,en,эн,Переведенный корпус,čɒɒgem saav’ex’et koollm oollme kuuddjen činne p’eerg vel,39
PST.3PL,12,en,эн,Переведенный корпус,tes’t’ ufšten geagraafe munn rɒst mɒɒj(n)se parnat pugg čaar bajas kooxxt ad’d’ izmen’iilsa čaarr tejja ɨg’e kooxxt jeel’ešued’d’eš per’a i tag daale,39
PST.3PL,12,en,эн,Переведенный корпус,parna i n’iijde k’eeresel’l’en s’iijnen jornen,39
PST.3PL,12,en,эн,Переведенный корпус,parna i n’iijde k’eeresel’l’en s’iijnen jornen,39
PST.3PL,12,en,эн,Переведенный корпус,parna i n’iijde k’eeresel’l’en s’iijnen jornen,39
PST.3PL,12,en,эн,Переведенный корпус,jornev veeʒe k’iištet l’aajj čuujjge k’eeresen ur’d’es saav’ex’et n’ik’ee ejj murda,39
PST.3PL,12,en,эн,Переведенный корпус,ja tel’e čuujjglem puudem tenn sajja kas’s’ mɨjj l’iijem kuedda sɒɒn puuʒe ja lɨlmɨ pɒp činnen mɨjje vkuusnɨ p’eerg,39
PST.3PL,12,en,эн,Переведенный корпус,m’iinet pugg š’iiggten’n’e vstr’eetelen,39
PST.3PL,12,en,эн,Переведенный корпус,parna pugg ujjden peer̥’r̥’t’e tuvvnedden mudda ɒɒsseguejm,39
PST.3PL,12,en,эн,Переведенный корпус,parna pugg ujjden peer̥’r̥’t’e tuvvnedden mudda ɒɒsseguejm,39
PST.3PL,12,en,эн,Переведенный корпус,tenn paxodes m’iineguejm l’iijjen puadda kar’elsk’i parna,39
PST.3PL,12,en,эн,kld_txt_Genetz1891,iinc'ejk koc'c'ejen kaallaseɲč ja aaka,39
PST.3PL,12,en,эн,kld_txt_Genetz1891,sɨjj al'kes kočsen tonst m’ii l'ii pampel'e(j)t l'eeštaɲč pugg laampse(j)t pore,39
PST.3PL,12,en,эн,kld_txt_Itkonen1931_6_page254,voal’l’t’en’ čoajjd’en,39
PST.3PL,12,en,эн,kld_txt_KarNC_deers,sɨjj jiil’l’en’ j’iil’l’en nɨd’d’ paj j’iil’l’en’,39
PST.3PL,12,en,эн,kld_txt_KarNC_wedding,tel’ puud’d’en ɒšte ja meenn menennemdenneg’e,39
PST.3PL,12,en,эн,kld_txt_KarNC_wedding,vɨg’g’en žen’ex’ žen’ex’ pɨht’en’ n’iijjta,39
PST.3PL,12,en,эн,kld_txt_KarNC_wedding_pt2,tel’ puud’d’en’ soonnden’n’eg’e žen’ex’gɒn’c’ puud’d’en,39
PST.3PL,12,en,эн,kld_txt_Kert1961_pro_vorona_tulena_i_dikogo_olena,ujnsen aajjes’ pueddem karsen kued’ luz ja xoŋkerguud’d’en’,39
PST.3PL,12,en,эн,kld_txt_Lehtiranta_2_r’iim’ɲ_i_taale_moajnas,kuuht’ kuul’l’k’eer’r’es l’iijjen,39
PST.3PL,12,en,эн,kld_txt_Lehtiranta_2_r’iim’ɲ_i_taale_moajnas,i kaccnen,39
PST.3PL,12,en,эн,kld_txt_Lehtiranta_2_r’iim’ɲ_i_taale_moajnas,keer’r’en keer’r’en,39
PST.3PL,12,en,эн,kld_txt_Lehtiranta_2_r’iim’ɲ_i_taale_moajnas,keer’r’en keer’r’en,39
PST.3PL,12,en,эн,kld_txt_Lehtiranta_2_r’iim’ɲ_i_taale_moajnas,vɨl’l’ken vuaŋŋke(ẟ),39
PST.3PL,12,en,эн,kld_txt_Lehtiranta_2_r’iim’ɲ_i_taale_moajnas,meen’n’en,39
PST.3PL,12,en,эн,kld_txt_Lehtiranta_2_r’iim’ɲ_i_taale_moajnas,lɨk’k’en koal’l’te(j)t,39
PST.3PL,12,en,эн,kld_txt_Lehtiranta_2_r’iim’ɲ_i_taale_moajnas,luuš’š’ten s’iijpe(j)t koal’l’t(e)ja,39
PST.3PL,12,en,эн,kld_txt_Lehtiranta_2_r’iim’ɲ_i_taale_moajnas,no taall k’eet’t’k ja ɲuem’m’el oorren oorren,39
PST.3PL,12,en,эн,kld_txt_Lehtiranta_2_r’iim’ɲ_i_taale_moajnas,no taall k’eet’t’k ja ɲuem’m’el oorren oorren,39
PST.3PL,12,en,эн,kld_txt_Lehtiranta_2_r’iim’ɲ_i_taale_moajnas,taall i k’eet’t’k i ɲuem’m’el ɒrrguud’d’en,39
PST.3PL,12,en,эн,kld_txt_Lehtiranta_2_r’iim’ɲ_i_taale_moajnas,oorren oorren i r’iim’m’ɲ c’aal̥l̥k,39
PST.3PL,12,en,эн,kld_txt_Lehtiranta_2_r’iim’ɲ_i_taale_moajnas,oorren oorren i r’iim’m’ɲ c’aal̥l̥k,39
PST.3PL,12,en,эн,kld_txt_Lehtiranta_2_r’iim’ɲ_i_taale_moajnas,ten(n) kuejjke l’ii taalest ja k’eet’kest ja ɲuem’m’lest vuen’ex s’eejjp čte s’eejp kuedd(e)jen jaavvra,39
PST.3PL,12,en',энҍ,kld_txt_Genetz1891,с'eel̥’l̥'k’en' mann mɨjje ejj šaan't’ al'ke,38
PST.3PL,12,en',энҍ,kld_txt_Genetz1891,aǯes' jennes’ moakksen' moakksen' ja t’eeŋ'k pud'den',38
PST.3PL,12,en',энҍ,kld_txt_Genetz1891,aǯes' jennes’ moakksen' moakksen' ja t’eeŋ'k pud'den',38
PST.3PL,12,en',энҍ,kld_txt_Genetz1891,aǯes' jennes’ moakksen' moakksen' ja t’eeŋ'k pud'den',38
PST.3PL,12,en',энҍ,kld_txt_Genetz1891,čaaʒ'jeelle kab'b'er' sɨz l'iiške(j) t'iiŋ’ke(j)t kab'b'er' sɨzn raajjk pugg koollken' kobba,38
PST.3PL,12,en',энҍ,Переведенный корпус,n’uvven’ ja kooškten',38
PST.3PL,12,en',энҍ,Переведенный корпус,eexxt vuerr oollme t'iid'sen' što ruhc puadd kuelnegg čuhpe ja saam’et’ puket’ koan'te,38
PST.3PL,12,en',энҍ,Переведенный корпус,lɨhkeškud'd'en' kued' kaaxxc olmedde,38
PST.3PL,12,en',энҍ,kld_txt_Kert1961_rybolovstvo_20210223,meen'n'en',38
PST.3PL,12,en',энҍ,kld_txt_Kert1961_rybolovstvo_20210223,sɨjj kubet' pooves't' voal'l'ten',38
PST.3PL,12,en',энҍ,kld_txt_Kert1961_rybolovstvo_20210223,pɨjjen' veennse,38
PST.3PL,12,en',энҍ,kld_txt_Kert1961_rybolovstvo_20210223,kues's' nuut' veennse pɨjjen' nuur'et' ja k'iivtet' moannen',38
PST.3PL,12,en',энҍ,kld_txt_Kert1961_rybolovstvo_20210223,kues's' nuut' veennse pɨjjen' nuur'et' ja k'iivtet' moannen',38
PST.3PL,12,en',энҍ,kld_txt_Kert1961_rybolovstvo_20210223,tanna sulden' moaze,38
PST.3PL,12,en',энҍ,kld_txt_Kert1961_rybolovstvo_20210223,sɨjj voal'l'ten' taahkta oakkše nɨjp skoba ja v'eer̥cet',38
PST.3PL,12,en',энҍ,kld_txt_Kert1961_rybolovstvo_20210223,meennen' vaarra,38
PST.3PL,12,en',энҍ,kld_txt_Kert1961_rybolovstvo_20210223,ooʒen' per'a p'ees's'muuret',38
PST.3PL,12,en',энҍ,kld_txt_Kert1961_rybolovstvo_20210223,k’iihčlen',38
PST.3PL,12,en',энҍ,kld_txt_Kert1961_rybolovstvo_20210223,oakkšen' v’eer'r'en',38
PST.3PL,12,en',энҍ,kld_txt_Kert1961_rybolovstvo_20210223,sueg' jor̥ten',38
PST.3PL,12,en',энҍ,kld_txt_Kert1961_rybolovstvo_20210223,oakkšen v’eer'r'en' p’iizet' sueges't',38
PST.3PL,12,en',энҍ,kld_txt_Kert1961_rybolovstvo_20210223,maŋŋa p’eezet' poage kɨššken',38
PST.3PL,12,en',энҍ,kld_txt_Kert1961_rybolovstvo_20210223,ja eel’l’ken' paar̥ket' skoban kaar'r'te ja nɨjpen' vuullе,38
PST.3PL,12,en',энҍ,kld_txt_Kert1961_rybolovstvo_20210223,pɨjjen' v’eer̥cet' t’iivvt paar̥ket',38
PST.3PL,12,en',энҍ,kld_txt_Kert1961_rybolovstvo_20210223,ja jɒddjen' moaze,38
PST.3PL,12,en',энҍ,kld_txt_Kert1961_rybolovstvo_20210223,tes't' voal’l'ten' šuurr cɨhcem k’iim’n’,38
PST.3PL,12,en',энҍ,kld_txt_Kert1961_rybolovstvo_20210223,kuun’n'ten' lаk'k' v’eer't čaaz',38
PST.3PL,12,en',энҍ,kld_txt_Kert1961_rybolovstvo_20210223,ja pɨjjen' tool,38
PST.3PL,12,en',энҍ,kld_txt_Kert1961_rybolovstvo_20210223,paar̥ket' mur’r'ten',38
PST.3PL,12,en',энҍ,kld_txt_Kert1961_rybolovstvo_20210223,ja pɨjjen' k'eemmna,38
PST.3PL,12,en',энҍ,kld_txt_Kert1961_rybolovstvo_20210223,ja pɨjjen' p’ik'k',38
PST.3PL,12,en',энҍ,kld_txt_Kert1961_rybolovstvo_20210223,ja maŋŋa tenn puk tuullt'ehten',38
PST.3PL,12,en',энҍ,kld_txt_Kert1961_rybolovstvo_20210223,eel’l’ken' cɨhca pɨjje nuut',38
PST.3PL,12,en',энҍ,kld_txt_Kert1961_rybolovstvo_20210223,tuul’l’txen',38
PST.3PL,12,en',энҍ,kld_txt_Kert1961_rybolovstvo_20210223,maŋŋa taaz sɨz k’iissen' nuut',38
PST.3PL,12,en',энҍ,kld_txt_Kert1961_rybolovstvo_20210223,ja eennten' son'n'e jaam’m’de,38
PST.3PL,12,en',энҍ,kld_txt_Kert1961_rybolovstvo_20210223,nuut' kɒʒen' oolke eel,38
PST.3PL,12,en',энҍ,Переведенный корпус,ja cɒɒg'e sama moǯes' vaaptek oasset man'te sos l'iijjen',38
PST.3PL,12,enʼ,эн,kld_txt_KarNC_wedding_pt2,… mɒššenʼ t’iiŋʼk’eguejm tam’p’e lʼeev pʼeelʼčudʼdʼ kopʼejkedde ili mar̥ʼr̥ʼkʼ.,10
PST.3PL,12,enʼ,эн,kld_txt_KarNC_wedding_pt2,sɨjj vɒsʼsʼenʼ tejn ja tel’ evtes’ joddehtenʼ,10
PST.3PL,12,enʼ,эн,kld_txt_KarNC_wedding_pt2,sɨjj vɒsʼsʼenʼ tejn ja tel’ evtes’ joddehtenʼ,10
PST.3PL,12,enʼ,эн,kld_txt_KarNC_wedding_pt2,avvta tezges nɨšʼšʼe vɒɒllenʼ čoonnte lɨhcenʼ,10
PST.3PL,12,enʼ,эн,kld_txt_KarNC_wedding_pt2,avvta tezges nɨšʼšʼe vɒɒllenʼ čoonnte lɨhcenʼ,10
PST.3PL,12,enʼ,эн,kld_txt_KarNC_wedding_pt2,čaapxe rɨpʼpʼexʼ koorʼrʼenʼ,10
PST.3PL,12,enʼ,эн,kld_txt_KarNC_wedding_pt2,ja telʼgesden’n’egʼe čilʼmetʼ vɒsʼsʼenʼ ja telʼ jodʼdʼedde evtes’ pɨtʼtʼe sʼeessa.,10
PST.3PL,12,enʼ,эн,kld_txt_KarNC_wedding_pt2,telʼ en’nʼt’enʼ sonʼnʼe cʼeer̥’k’ vɒɒllenʼ jugge.,10
PST.3PL,12,enʼ,эн,kld_txt_KarNC_wedding_pt2,telʼ en’nʼt’enʼ sonʼnʼe cʼeer̥’k’ vɒɒllenʼ jugge.,10
PST.3PL,12,enʼ,эн,kld_txt_KarNC_wedding_pt2,telʼ vɒsʼsʼenʼ nɨšše tinʼkʼeguejm.,10
PST.3PL,12,en˙,эн˙,kld_txt_Kert1961_byl_o_ljajne,tɛin˙ dɛl’i portuvven˙,2
PST.3PL,12,en˙,эн˙,kld_txt_Kert1961_byl_o_ljajne,alke̮s’ ruhk’en˙,2
PST.3PL,12,en’,энҍ,kld_SAM_SG_map_20230815,paak’et’ koahten’ pevl,120
PST.3PL,12,en’,энҍ,kld_SAM_SG_map_20230815,paššnen’,120
PST.3PL,12,en’,энҍ,Переведенный корпус,nu vot nap’r’im’eer / vot kooxxt / jesl’e m’eer gor’r’en’ kas’s’ puadd tav(’)v(’)al p’iiŋŋk / pɨjjen’ s’eenkes’ peevl l’ee∅ / to saam’ saarrnev što l’aaɲč tav(’)v(’)al p’iiŋŋg ja ɲues’s’ jeerrk / vuajj pued’d’e c’iigg jeerrk,120
PST.3PL,12,en’,энҍ,Переведенный корпус,meenn sɒɒnes kuuht jeer’g’ jɒd’exen’ p’eerg ja saav’ex’et koogg l’iijem koorrma saallvas sɨz’z’en’,120
PST.3PL,12,en’,энҍ,kld_txt_Genetz1891,tal’ ɨd’d’en’ t’eeɲ’k k’eedka vuul’l’n,120
PST.3PL,12,en’,энҍ,kld_txt_Genetz1891,puud’d’en’,120
PST.3PL,12,en’,энҍ,kld_txt_Genetz1891,ruuv’t kuajv kuut’as kuun’n’ten’,120
PST.3PL,12,en’,энҍ,kld_txt_Genetz1891,tal’ pɨhten’ kolmas ruuv’t kuajv saaml’eɲče,120
PST.3PL,12,en’,энҍ,kld_txt_Genetz1891,avvta kuajjva taahk’eš pɨht’en’ vɨdds kuajv,120
PST.3PL,12,en’,энҍ,kld_txt_Genetz1891,meennen’ kuadda,120
PST.3PL,12,en’,энҍ,kld_txt_Genetz1891,poorren’,120
PST.3PL,12,en’,энҍ,kld_txt_Genetz1891,k’iirrknen’,120
PST.3PL,12,en’,энҍ,kld_txt_Genetz1891,l’iixxten’ olkes,120
PST.3PL,12,en’,энҍ,kld_txt_Genetz1891,meennen’ p’iillte,120
PST.3PL,12,en’,энҍ,kld_txt_Genetz1891,peelv tuegga paš’š’en’,120
PST.3PL,12,en’,энҍ,kld_txt_Itkonen1931_6_page254,voal’l’t’en’ čoajjd’en,120
PST.3PL,12,en’,энҍ,kld_txt_Itkonen1931_6_page254,koavvn’en’ kued’e vaar’es’t’,120
PST.3PL,12,en’,энҍ,kld_txt_Itkonen1931_6_page254,sɨjj luemmen’ tonn kuadda,120
PST.3PL,12,en’,энҍ,kld_txt_Itkonen1931_6_page254,puud’d’en’ koollm cuer̥’t’,120
PST.3PL,12,en’,энҍ,kld_txt_Itkonen1931_6_page254,kued’e sɨz suuŋŋen’,120
PST.3PL,12,en’,энҍ,kld_txt_Itkonen1931_6_page254,voal’l’t’en’ ja koavvn’en’ s’iin’et’ kaallas paar’n’en’es’,120
PST.3PL,12,en’,энҍ,kld_txt_Itkonen1931_6_page254,voal’l’t’en’ ja koavvn’en’ s’iin’et’ kaallas paar’n’en’es’,120
PST.3PL,12,en’,энҍ,kld_txt_KarNC_deers,aǯan koohčen’ mɒɒksan jeg’em’ al’l’k,120
PST.3PL,12,en’,энҍ,kld_txt_KarNC_deers,sɨjj jiil’l’en’ puuʒet’ pɨɲɲen’ i tel’ meenn k’eez’ kɨd kuun’t’x’ev i čeexxča kooppčev,120
PST.3PL,12,en’,энҍ,kld_txt_KarNC_deers,sɨjj jiil’l’en’ puuʒet’ pɨɲɲen’ i tel’ meenn k’eez’ kɨd kuun’t’x’ev i čeexxča kooppčev,120
PST.3PL,12,en’,энҍ,kld_txt_KarNC_deers,sɨjj jiil’l’en’ j’iil’l’en nɨd’d’ paj j’iil’l’en’,120
PST.3PL,12,en’,энҍ,kld_txt_KarNC_deers,sɨjj jiil’l’en’ j’iil’l’en nɨd’d’ paj j’iil’l’en’,120
PST.3PL,12,en’,энҍ,kld_txt_KarNC_deers,tel’ l’iijjen’ iižem’ puud’d’en’ ja jeel’eškuud’d’en’,120
PST.3PL,12,en’,энҍ,kld_txt_KarNC_deers,tel’ l’iijjen’ iižem’ puud’d’en’ ja jeel’eškuud’d’en’,120
PST.3PL,12,en’,энҍ,kld_txt_KarNC_deers,tel’ l’iijjen’ iižem’ puud’d’en’ ja jeel’eškuud’d’en’,120
PST.3PL,12,en’,энҍ,kld_txt_KarNC_deers,m’iinen’ v’iil’jangɒn’c’ pɨɲɲen’,120
PST.3PL,12,en’,энҍ,kld_txt_KarNC_deers,ad’d’ l’iijjen’ konešno sɒɒmen’ aǯ’san ja d’eed’san,120
PST.3PL,12,en’,энҍ,kld_txt_KarNC_deers,a sɨjj paj eftes’t’ jiil’l’en’,120
PST.3PL,12,en’,энҍ,kld_txt_KarNC_deers,každe ɨg’g’e paj effte kooppčen’ puuʒet’,120
PST.3PL,12,en’,энҍ,kld_txt_KarNC_deers,l’iijjen’ kon’ešno maŋŋa,120
PST.3PL,12,en’,энҍ,kld_txt_KarNC_deers,muddmen’ l’iijjen’ maŋŋa kues’s’ pɨɲɲeškuud’d’en’,120
PST.3PL,12,en’,энҍ,kld_txt_KarNC_deers,muddmen’ l’iijjen’ maŋŋa kues’s’ pɨɲɲeškuud’d’en’,120
PST.3PL,12,en’,энҍ,kld_txt_KarNC_deers,m’iin ruup’p’s’es’ čuma ɒɒlkxuv’v’en’ tala kolxozes’t’,120
PST.3PL,12,en’,энҍ,kld_txt_KarNC_deers,kues’s’ kolxoz šeende tel’ eel’l’k’en’,120
PST.3PL,12,en’,энҍ,kld_txt_KarNC_wedding,puud’d’en’ žen’ex’ eel’l’k’en’ svat’jedde,120
PST.3PL,12,en’,энҍ,kld_txt_KarNC_wedding,puud’d’en’ žen’ex’ eel’l’k’en’ svat’jedde,120
PST.3PL,12,en’,энҍ,kld_txt_KarNC_wedding,k’eeǯen’ n’iijtes’t’ ja žen’x’es’t’,120
PST.3PL,12,en’,энҍ,kld_txt_KarNC_wedding_pt2,tel’ puud’d’en’ soonnden’n’eg’e žen’ex’gɒn’c’ puud’d’en,120
PST.3PL,12,en’,энҍ,kld_txt_KarNC_wedding_pt2,juuggen’ ja vɒɒllen’ l’ekarstvat’ ja c’aal̥l̥k maaxxtgul,120
PST.3PL,12,en’,энҍ,kld_txt_KarNC_wedding_pt2,juuggen’ ja vɒɒllen’ l’ekarstvat’ ja c’aal̥l̥k maaxxtgul,120
PST.3PL,12,en’,энҍ,kld_txt_KarNC_wedding_pt2,tel’ koorren’ rɨb’b’ex’ son’n’e,120
PST.3PL,12,en’,энҍ,kld_txt_KarNC_wedding_pt2,tel’ l’iijjen’ l’iijjen’ puggden’n’eg’g’e en’n’t’en’.”,120
PST.3PL,12,en’,энҍ,kld_txt_KarNC_wedding_pt2,tel’ l’iijjen’ l’iijjen’ puggden’n’eg’g’e en’n’t’en’.”,120
PST.3PL,12,en’,энҍ,kld_txt_KarNC_wedding_pt2,en’n’ten’ tam’p’e son’n’e tiiŋ’ket’,120
PST.3PL,12,en’,энҍ,kld_txt_KarNC_wedding_pt2,v’aal tez v’aal vɨg’g’en’,120
PST.3PL,12,en’,энҍ,kld_txt_KarNC_wedding_pt2,sɨjj pug lɨhcen’,120
PST.3PL,12,en’,энҍ,kld_txt_KarNC_wedding_pt2,tel’ vul’k’en’ jannas’,120
PST.3PL,12,en’,энҍ,kld_txt_KarNC_wedding_pt2,tel’ son’n’e sarfan tuer’v en’n’ten’,120
PST.3PL,12,en’,энҍ,kld_txt_KarNC_wedding_pt2,tel’ lɨhcen’den’n’eges,120
PST.3PL,12,en’,энҍ,kld_txt_KarNC_wedding_pt2,tiiŋ’ket’ en’n’ten’,120
PST.3PL,12,en’,энҍ,kld_txt_KarNC_wedding_pt2,vɒɒzen’ čil’met’ ja vɨn’e jugge ja,120
PST.3PL,12,en’,энҍ,kld_txt_KarNC_wedding_pt2,tala vuuz’x’en’,120
PST.3PL,12,en’,энҍ,Переведенный корпус,sɨjj pɨsseguejm voan’n’cen’ m'eh'cte,120
PST.3PL,12,en’,энҍ,Переведенный корпус,voan’n’cen’ voan’n’cen’ koan’n’ten’ taal,120
PST.3PL,12,en’,энҍ,Переведенный корпус,voan’n’cen’ voan’n’cen’ koan’n’ten’ taal,120
PST.3PL,12,en’,энҍ,Переведенный корпус,voan’n’cen’ voan’n’cen’ koan’n’ten’ taal,120
PST.3PL,12,en’,энҍ,Переведенный корпус,n’uvven’ ja kooškten',120
PST.3PL,12,en’,энҍ,Переведенный корпус,ja vil'ken’,120
PST.3PL,12,en’,энҍ,Переведенный корпус,puud'd’en’,120
PST.3PL,12,en’,энҍ,Переведенный корпус,puud'd'en’ lаnnа,120
PST.3PL,12,en’,энҍ,kld_txt_Kert1961_jeerrkja_oollmej_bajas,oollme meennen’ tenn n’iijjta aanne štobe sonn lɨgga(h)č nɨd’d’ kooxxt bɨ ruuce jev p’eezče s’iine gɒrre,120
PST.3PL,12,en’,энҍ,kld_txt_Kert1961_jeerrkja_oollmej_bajas,sijj kooxxt pɒɒl’l’te vuujjen’ nɨd’d’e k’eed’d’kluvven’,120
PST.3PL,12,en’,энҍ,kld_txt_Kert1961_jeerrkja_oollmej_bajas,sijj kooxxt pɒɒl’l’te vuujjen’ nɨd’d’e k’eed’d’kluvven’,120
PST.3PL,12,en’,энҍ,Переведенный корпус,žen’ix soon luun'n'en’ oollme jev loogma soon,120
PST.3PL,12,en’,энҍ,Переведенный корпус,oollme toahten’ pugg poaččke a Mar'r’j Uvvan n’iijjt saarrn,120
PST.3PL,12,en’,энҍ,kld_txt_Kert1961_nuemmel_piras,a kuhte ak'k' jamma Iiijjen’ aajjk al'l't.,120
PST.3PL,12,en’,энҍ,kld_txt_Kert1961_nuemmel_piras,al'kes'kånc juggen’ vɨn kukseguejm,120
PST.3PL,12,en’,энҍ,kld_txt_Kert1961_nuemmel_piras,ja p’ehctuer’v pornen’ l’eejp axxtan,120
PST.3PL,12,en’,энҍ,kld_txt_Kert1961_nuemmel_piras,a kuht n’iijtpel’ l’iijen’ monaška,120
PST.3PL,12,en’,энҍ,kld_txt_Kert1961_nuemmel_piras,al'kes'kånc jiillen’ son čaapat al'n',120
PST.3PL,12,en’,энҍ,kld_txt_Kert1961_nuemmel_piras,kоlm vil'j ujjten’ kolm gårra.,120
PST.3PL,12,en’,энҍ,kld_txt_Kert1961_nuemmel_piras,a kuhte n’iijtpeles' Iiijjen’ monaška,120
PST.3PL,12,en’,энҍ,kld_txt_Kert1961_nuemmel_piras,sɨjj kudjen’ v’iidant vuassa.,120
PST.3PL,12,en’,энҍ,kld_txt_Kert1961_pro_vorona_tulena_i_dikogo_olena,tel’ koollm n’ijd pugg vɨjjten’ kuujje,120
PST.3PL,12,en’,энҍ,kld_txt_Kert1961_pro_vorona_tulena_i_dikogo_olena,ujnsen aajjes’ pueddem karsen kued’ luz ja xoŋkerguud’d’en’,120
PST.3PL,12,en’,энҍ,kld_txt_Kert1961_pro_vorona_tulena_i_dikogo_olena,paarna vuagglen’ ažes’ m’iil’l’te,120
PST.3PL,12,en’,энҍ,kld_txt_Kert1961_pro_vorona_tulena_i_dikogo_olena,k’aassxen’ puuʒedes’,120
PST.3PL,12,en’,энҍ,kld_txt_Kert1961_pro_vorona_tulena_i_dikogo_olena,n’iicckas l’iijen’ tueres’ muurren’,120
PST.3PL,12,en’,энҍ,kld_txt_Kert1961_pro_vorona_tulena_i_dikogo_olena,kued’ muurren’ l’iijen’ jeer̥’r̥’tb’el’l’taaf’t,120
PST.3PL,12,en’,энҍ,kld_txt_Kert1961_pro_vorona_tulena_i_dikogo_olena,ja vɨjjl’en’ až’es’ kuadda,120
PST.3PL,12,en’,энҍ,Переведенный корпус,jeen’en’es’ kueht’as’ sɨjj ejj eft vuer vɨggen’ kaal’l’es’ n’iijt keeɲɲle rajja,120
PST.3PL,12,en’,энҍ,Переведенный корпус,i nɨd’d’ sɨjj jiil’l’en’ jeen’n’b’eel’l’ n’iijten’es’ eft vued’d’en’ ja poorren’ ja ɒrren’ paje k’iide rɨs's't'e ja pɒɒknedden’,120
PST.3PL,12,en’,энҍ,Переведенный корпус,i nɨd’d’ sɨjj jiil’l’en’ jeen’n’b’eel’l’ n’iijten’es’ eft vued’d’en’ ja poorren’ ja ɒrren’ paje k’iide rɨs's't'e ja pɒɒknedden’,120
PST.3PL,12,en’,энҍ,Переведенный корпус,i nɨd’d’ sɨjj jiil’l’en’ jeen’n’b’eel’l’ n’iijten’es’ eft vued’d’en’ ja poorren’ ja ɒrren’ paje k’iide rɨs's't'e ja pɒɒknedden’,120
PST.3PL,12,en’,энҍ,Переведенный корпус,i nɨd’d’ sɨjj jiil’l’en’ jeen’n’b’eel’l’ n’iijten’es’ eft vued’d’en’ ja poorren’ ja ɒrren’ paje k’iide rɨs's't'e ja pɒɒknedden’,120
PST.3PL,12,en’,энҍ,Переведенный корпус,i nɨd’d’ sɨjj jiil’l’en’ jeen’n’b’eel’l’ n’iijten’es’ eft vued’d’en’ ja poorren’ ja ɒrren’ paje k’iide rɨs's't'e ja pɒɒknedden’,120
PST.3PL,12,en’,энҍ,Переведенный корпус,n’iijjta paar’r’n’ ponrav’dede i cɒɒr al’l’k’ i kaallsa n’iijjt nɒɒj̥j̥tledden’ i jeel’ešuud’d’en’ š’iiggten’n’e i tenna rajja jeellev i m’iinet’ kuessa kɒhčev,120
PST.3PL,12,en’,энҍ,Переведенный корпус,n’iijjta paar’r’n’ ponrav’dede i cɒɒr al’l’k’ i kaallsa n’iijjt nɒɒj̥j̥tledden’ i jeel’ešuud’d’en’ š’iiggten’n’e i tenna rajja jeellev i m’iinet’ kuessa kɒhčev,120
PST.3PL,12,en’,энҍ,Переведенный корпус,kues’s’ jeen’n’b’eel’l’ ja soon rɒdne n’iijjt kullsen’ tenn bajas sɨjj čofta s’eennden’,120
PST.3PL,12,en’,энҍ,Переведенный корпус,kues’s’ jeen’n’b’eel’l’ ja soon rɒdne n’iijjt kullsen’ tenn bajas sɨjj čofta s’eennden’,120
PST.3PL,12,en’,энҍ,Переведенный корпус,kooxxt kuuht paar’n’ pɨn’n’jen’ narodes’,120
PST.3PL,12,en’,энҍ,Переведенный корпус,jil’l’en’ sɨjj paak’ tug’g’en’ ejj kuestče nɨm’p’ p’eel’l’,120
PST.3PL,12,en’,энҍ,Переведенный корпус,a vennas s’inen’ l’iijen’ rɨnt kuures’t,120
PST.3PL,12,en’,энҍ,Переведенный корпус,s’ines’t’ l’ijjen’ vennas k’aassen’č di l’ijjen’ t’eerpnenč kobba jev kuestče rɨnnte,120
PST.3PL,12,en’,энҍ,Переведенный корпус,s’ines’t’ l’ijjen’ vennas k’aassen’č di l’ijjen’ t’eerpnenč kobba jev kuestče rɨnnte,120
PST.3PL,12,en’,энҍ,Переведенный корпус,tel’ sɨjj puudden’ rɨnnte,120
PST.3PL,12,en’,энҍ,Переведенный корпус,maŋŋa sɨjj n’iijpen’ rɨnnte i s’iireškudden’,120
PST.3PL,12,en’,энҍ,Переведенный корпус,maŋŋa sɨjj n’iijpen’ rɨnnte i s’iireškudden’,120
PST.3PL,12,en’,энҍ,Переведенный корпус,s’iireškudden’ d’ii vuajjl’eht’en’,120
PST.3PL,12,en’,энҍ,Переведенный корпус,s’iireškudden’ d’ii vuajjl’eht’en’,120
PST.3PL,12,en’,энҍ,Переведенный корпус,s’iirren’ s’iirren’ paar’r’n taabxuve,120
PST.3PL,12,en’,энҍ,Переведенный корпус,tel’ sug’g’eš i el’k’en’ s’in’et’ ar’jeguejm taagge(d),120
PST.3PL,12,en’,энҍ,Переведенный корпус,i k’eelteguejm di pugg vessten’,120
PST.3PL,12,en’,энҍ,Переведенный корпус,olme kuaggn’en’ eft sajja,120
PST.3PL,12,en’,энҍ,Переведенный корпус,c’eel̥’l̥’k’ev kooht sɨjj pugg pud’d’en’ al’i jev pugg puad’d’enǯ,120
PST.3PL,12,en’,энҍ,Переведенный корпус,nu vot i vuul’l’k’en’,120
PST.3PL,12,en’,энҍ,Переведенный корпус,vuul’l’k’en’ ooʒe olmn’ed’d’e loag’g’ mat’t’,120
PST.3PL,12,en’,энҍ,Переведенный корпус,a jeer’es’ oollme kuud’d’jen’ venset’,120
PST.3PL,12,en’,энҍ,Переведенный корпус,a tegg vuul’l’k’en’,120
PST.3PL,12,en’,энҍ,Переведенный корпус,sɨjj voan’n’c’en’ voan’n’c’en’,120
PST.3PL,12,en’,энҍ,Переведенный корпус,sɨjj voan’n’c’en’ voan’n’c’en’,120
PST.3PL,12,en’,энҍ,Переведенный корпус,vot sɨjj puud’d’en’ al’l’tla,120
PST.3PL,12,en’,энҍ,Переведенный корпус,puud’d’en’ al’l’tla,120
PST.3PL,12,en’,энҍ,Переведенный корпус,tegg jev k’iršen’č vel’l’jen’ i rostak tvoju,120
PST.3PL,12,en’,энҍ,Переведенный корпус,sonn jur’tel’ što saam’ puud’d’en’ što soon narot el’l’a jeel’l’men’,120
PST.3PL,12,en’.,энҍ.,kld_txt_KarNC_wedding_pt2,vɨg’g’en’.,1
PST.3PL,12,en’.”,энҍ.”,kld_txt_KarNC_wedding_pt2,tel’ l’iijjen’ l’iijjen’ puggden’n’eg’g’e en’n’t’en’.”,1
PST.3PL,12,en’:,энҍ:,kld_txt_Genetz1891,tugg c'iil̥l̥ken’:,1
PST.3PL,12,ev,эв,Переведенный корпус,k’iih’čev sɨjj jennege l’ii olmn’ed’d’e tam’p’e,2
PST.3PL,12,ev,эв,Переведенный корпус,k’iih’čev eexxt,2
PST.3PL,12,i͔n˙,ын˙,kld_txt_Kert1961_byl_o_ljajne,odzkud˙d˙i͔n˙ kånnta rucɛ si̮z’n’,2
PST.3PL,12,i͔n˙,ын˙,kld_txt_Kert1961_byl_o_ljajne,l’k’i͔n˙ kuextas jel’l’e,2
PST.3PL,12,ɛn˙,н˙,kld_txt_Kert1961_byl_o_ljajne,l’kɛn˙ porrɛ rūc,4
PST.3PL,12,ɛn˙,н˙,kld_txt_Kert1961_byl_o_ljajne,alkes’ kåvnɛn˙ tampɛ kånnta,4
PST.3PL,12,ɛn˙,н˙,kld_txt_Kert1961_byl_o_ljajne,rūc uitɛn˙ akes’ ja mur’r’tɛn˙ kuɛd˙,4
PST.3PL,12,ɛn˙,н˙,kld_txt_Kert1961_byl_o_ljajne,rūc uitɛn˙ akes’ ja mur’r’tɛn˙ kuɛd˙,4
PST.3PL,12,еn',нҍ,kld_txt_Kert1961_rybolovstvo_20210223,v'aаl voаllеn' k'eemmna kunet',1
PST.3PL’,1,en’,энҍ,,,1
PST.3SG,17,(e),(э),kld_txt_Genetz1891,sonn poage voal'te pampel'es voal'te ja vaan'cel'(e) vaarra koze vuejjv kuent,2
PST.3SG,17,(e),(э),kld_txt_Genetz1891,dɨ moaze vaan'cel'(e),2
PST.3SG,17,al,ал,kld_txt_Itkonen1931_6_page254,saada aggas’t iinn kaaddal,1
PST.3SG,17,e,э,kld_SAM_SG_map_20230815,meej(t)laan’č ejj t’eeddma ja meene,219
PST.3SG,17,e,э,Переведенный корпус,pɨɨjet v’aret kɨp’ta v’arr v’arr k’iirken pooret,219
PST.3SG,17,e,э,Переведенный корпус,kolxos ad’d’e mɨjjen’,219
PST.3SG,17,e,э,Переведенный корпус,i tenn v’eečres kuu l’aajj kug’g’ meene m’iine b’eda mooǯten’n’e,219
PST.3SG,17,e,э,kld_txt_Genetz1891,sɨjje šan't'e al'ke lahk’eolma lahk’etaall,219
PST.3SG,17,e,э,kld_txt_Genetz1891,sonn paarna mene(j) jaavvra jordan jus't'e kukxel'l'e čaaʒ'jelle,219
PST.3SG,17,e,э,kld_txt_Genetz1891,sonn paarna mene(j) jaavvra jordan jus't'e kukxel'l'e čaaʒ'jelle,219
PST.3SG,17,e,э,kld_txt_Genetz1891,sonn saaml'a paar’r’n’ ɵvvtel’ mene tun g'ačča jaavr,219
PST.3SG,17,e,э,kld_txt_Genetz1891,vaal'te ɨšte kɒb(e) raabe(j) kab'b'er' pɨjje(j) kuut' juul'k’es' keske ja raajk pukkej kap’p’r’e,219
PST.3SG,17,e,э,kld_txt_Genetz1891,vaal'te ɨšte kɒb(e) raabe(j) kab'b'er' pɨjje(j) kuut' juul'k’es' keske ja raajk pukkej kap’p’r’e,219
PST.3SG,17,e,э,kld_txt_Genetz1891,nu tal'e čaaʒ’jel'l'e puud'e saaml’eɲče c'aal̥l̥ka,219
PST.3SG,17,e,э,kld_txt_Genetz1891,tat’t’e v'aala vul'ke t’iiŋ’k’e gorra saaml'anč ɒrr t’iiŋ’ke(j)t’ vuerrt,219
PST.3SG,17,e,э,kld_txt_Genetz1891,čaaʒ'jelle puude(j) t’iiŋ’ke(j)t i pɨt’e saaml’eɲče kab’b’er' sɨz lɨške(j) kab’b’er' lak’ šante,219
PST.3SG,17,e,э,kld_txt_Genetz1891,čaaʒ'jelle puude(j) t’iiŋ’ke(j)t i pɨt’e saaml’eɲče kab’b’er' sɨz lɨške(j) kab’b’er' lak’ šante,219
PST.3SG,17,e,э,kld_txt_Genetz1891,čaz'jelle moaze jaavvra čoaŋe,219
PST.3SG,17,e,э,kld_txt_Genetz1891,sonn ejj alka pag'g'e(δ) voal'te(j) taale k'aassad'd'e muursoane vuella kuaddas’ vaancel’,219
PST.3SG,17,e,э,kld_txt_Genetz1891,puude(j) kuaddas’ olmeɲč luušte taal laammpas puvvra,219
PST.3SG,17,e,э,kld_txt_Genetz1891,taall voal'te laammpas pugg poore(j),219
PST.3SG,17,e,э,kld_txt_Genetz1891,sɨjj al'kes kočsen tonst m’ii l'ii pampel'e(j)t l'eeštaɲč pugg laampse(j)t pore,219
PST.3SG,17,e,э,kld_txt_Genetz1891,sonn poage voal'te pampel'es voal'te ja vaan'cel'(e) vaarra koze vuejjv kuent,219
PST.3SG,17,e,э,kld_txt_Genetz1891,sonn poage voal'te pampel'es voal'te ja vaan'cel'(e) vaarra koze vuejjv kuent,219
PST.3SG,17,e,э,kld_txt_Genetz1891,vaan’c’e vaarra,219
PST.3SG,17,e,э,kld_txt_Genetz1891,čec’k’e,219
PST.3SG,17,e,э,kld_txt_Genetz1891,sonn taabed’d’e kuajv eften’ kiid’en’,219
PST.3SG,17,e,э,kld_txt_Genetz1891,sonn voal’te kuajv,219
PST.3SG,17,e,э,kld_txt_Genetz1891,kuajjvguud’e,219
PST.3SG,17,e,э,kld_txt_Genetz1891,ja kuajves’ i mur’t’e,219
PST.3SG,17,e,э,kld_txt_Genetz1891,meene kuaddas’,219
PST.3SG,17,e,э,kld_txt_Genetz1891,dɨ soage t’iiŋ’k’et’,219
PST.3SG,17,e,э,kld_txt_Genetz1891,nu sonn oaššte čec’k’e,219
PST.3SG,17,e,э,kld_txt_Itkonen1931_6_page254,kolmas puud’e,219
PST.3SG,17,e,э,kld_txt_Itkonen1931_6_page254,eexxt cuer̥’r̥’t’ c’eel̥’k’e,219
PST.3SG,17,e,э,kld_txt_Itkonen1931_6_page254,kaal’l’es’ c’eel̥’k’e,219
PST.3SG,17,e,э,kld_txt_Itkonen1931_6_page254,num’m’p cuer̥’r̥’t’ c’eel̥’k’e što vɨgga bɨdd moast,219
PST.3SG,17,e,э,kld_txt_Itkonen1931_6_page254,val’d’e kaallsa paar’n’en’es’,219
PST.3SG,17,e,э,kld_txt_Itkonen1931_6_page254,i v’eer̥c sɨz coag’e,219
PST.3SG,17,e,э,kld_txt_Itkonen1931_6_page254,oar̥’r̥’t’es pɨje,219
PST.3SG,17,e,э,kld_txt_Itkonen1931_6_page254,ja vaan’n’c’l’e,219
PST.3SG,17,e,э,kld_txt_Itkonen1931_6_page254,vɨge kaallas kued’e gur’r’e,219
PST.3SG,17,e,э,kld_txt_Itkonen1931_6_page254,ja cuer̥’r̥’t’ agga ujjtte,219
PST.3SG,17,e,э,kld_txt_Itkonen1931_6_page254,akka tunn poore,219
PST.3SG,17,e,э,kld_txt_KarNC_deers,no m’iines’t’ puaz paj nɨt’t’e jiil’e no m’iinen’ puaz paj vuameškuud’e,219
PST.3SG,17,e,э,kld_txt_KarNC_deers,no m’iines’t’ puaz paj nɨt’t’e jiil’e no m’iinen’ puaz paj vuameškuud’e,219
PST.3SG,17,e,э,kld_txt_KarNC_deers,munndet(t) vaanas pɨɲɲe a pɨɲe el’j v’iil’ja,219
PST.3SG,17,e,э,kld_txt_KarNC_deers,soonn vuul’k’e čuuʒje soonn čeed čuuʒes’t’ j’iil’e vooddede,219
PST.3SG,17,e,э,kld_txt_KarNC_deers,soonn vuul’k’e čuuʒje soonn čeed čuuʒes’t’ j’iil’e vooddede,219
PST.3SG,17,e,э,kld_txt_KarNC_deers,soonn vuul’k’e čuuʒje soonn čeed čuuʒes’t’ j’iil’e vooddede,219
PST.3SG,17,e,э,kld_txt_KarNC_deers,maŋŋa m’iines’t’ puaz peejjneškuud’e pajjas šenteškuud’e laššneškuud’e,219
PST.3SG,17,e,э,kld_txt_KarNC_deers,maŋŋa m’iines’t’ puaz peejjneškuud’e pajjas šenteškuud’e laššneškuud’e,219
PST.3SG,17,e,э,kld_txt_KarNC_deers,maŋŋa m’iines’t’ puaz peejjneškuud’e pajjas šenteškuud’e laššneškuud’e,219
PST.3SG,17,e,э,kld_txt_KarNC_deers,a iižmen’ maŋŋades’t’ges k’aahpneškuud’e,219
PST.3SG,17,e,э,kld_txt_KarNC_deers,kolxoz kues’s’gu šende tes’t’ meenn? meenem šendem kolxoz’n’ik,219
PST.3SG,17,e,э,kld_txt_KarNC_deers,ad’d’ m’iines’t’ kolxozes’t cuez šende vɨddemp’lɒg’g’ tɒfant,219
PST.3SG,17,e,э,kld_txt_KarNC_deers,no peeljuve tɒn’n’e ɒɒj̥j̥kv’eer’t’ puaze,219
PST.3SG,17,e,э,kld_txt_KarNC_deers,kolxoz pel’e ja en’d’e gosudarstve kon’ešno,219
PST.3SG,17,e,э,kld_txt_KarNC_deers,kolxoz pel’e ja en’d’e gosudarstve kon’ešno,219
PST.3SG,17,e,э,kld_txt_KarNC_deers,rɨbkop’p’e en’d’e paj vot,219
PST.3SG,17,e,э,kld_txt_KarNC_deers,kues’s’ kolxoz šeende tel’ eel’l’k’en’,219
PST.3SG,17,e,э,kld_txt_KarNC_deers,maŋŋades’t’ daže kolxoz kues’s’ kolxos’s’e ɨštem jeenne ɨg’g’e meene,219
PST.3SG,17,e,э,kld_txt_KarNC_deers,pastex' vood'd'ede mugga l'ii per'e šiig',219
PST.3SG,17,e,э,kld_txt_KarNC_wedding_pt2,tel’ ɒšte luuj̥j̥kmušš meene,219
PST.3SG,17,e,э,kld_txt_KarNC_wedding_pt2,luuj̥j̥kem peer̥r̥t meene puud’e,219
PST.3SG,17,e,э,kld_txt_KarNC_wedding_pt2,luuj̥j̥kem peer̥r̥t meene puud’e,219
PST.3SG,17,e,э,kld_txt_KarNC_wedding_pt2,ja telʼgesden’n’egʼe čilʼmetʼ vɒsʼsʼenʼ ja telʼ jodʼdʼedde evtes’ pɨtʼtʼe sʼeessa.,219
PST.3SG,17,e,э,kld_txt_KarNC_wedding_pt2,ja telʼgesden’n’egʼe čilʼmetʼ vɒsʼsʼenʼ ja telʼ jodʼdʼedde evtes’ pɨtʼtʼe sʼeessa.,219
PST.3SG,17,e,э,kld_txt_KarNC_wedding_pt2,tel’ vul’g’e janna,219
PST.3SG,17,e,э,kld_txt_KarNC_wedding_pt2,a munngul šen’te dak šen’tedas mustgul puvle al’n nugge dak mus(t)gul pugnen’dekke,219
PST.3SG,17,e,э,kld_txt_KarNC_wedding_pt2,a munngul šen’te dak šen’tedas mustgul puvle al’n nugge dak mus(t)gul pugnen’dekke,219
PST.3SG,17,e,э,kld_txt_KarNC_wedding_pt2,soonn tel’ sprovdede,219
PST.3SG,17,e,э,Переведенный корпус,ext s'err nɨm'm'p' tɨvnede taallen’ ja el'k'e pl'ass'je.,219
PST.3SG,17,e,э,Переведенный корпус,ext s'err nɨm'm'p' tɨvnede taallen’ ja el'k'e pl'ass'je.,219
PST.3SG,17,e,э,Переведенный корпус,kooste soagg cɒr rajja,219
PST.3SG,17,e,э,Переведенный корпус,tedd paake kohče iǯ’as’ tenn оlmе taalenes'.,219
PST.3SG,17,e,э,kld_txt_Kert1961_byl_o_ljajne,sonn mehced˙,219
PST.3SG,17,e,э,kld_txt_Kert1961_byl_o_ljajne,idžɛs’es’ kize pɛr’a perk,219
PST.3SG,17,e,э,kld_txt_Kert1961_byl_o_ljajne,kuɛs’s’ tabhuve ɛl’ki͔ pirses odze:,219
PST.3SG,17,e,э,kld_txt_Kert1961_byl_o_ljajne,sonn ar’ved˙:,219
PST.3SG,17,e,э,kld_txt_Kert1961_jeerrkja_oollmej_bajas,eexxt paar’r’n ɒɒš’s’tjuve nɒɒj̥j̥tledde,219
PST.3SG,17,e,э,kld_txt_Kert1961_jeerrkja_oollmej_bajas,n’iijjt vɨjte olkes i saarrn,219
PST.3SG,17,e,э,kld_txt_Kert1961_jeerrkja_oollmej_bajas,i tes’t’ šeende šuurr šeeŋŋ,219
PST.3SG,17,e,э,kld_txt_Kert1961_jeerrkja_oollmej_bajas,i tedd šeeŋŋ jod’e koollm p’eejv nɨd’d’ što ejj kuessteɲč ɲim’ii,219
PST.3SG,17,e,э,kld_txt_Kert1961_jeerrkja_oollmej_bajas,kues’s’ meene koollm p’eejv i šeeŋŋ vɒɒze i pugg oollme ujnsen’ što kaasska jaav’r ɒrr k’eed’k suel,219
PST.3SG,17,e,э,kld_txt_Kert1961_jeerrkja_oollmej_bajas,kues’s’ meene koollm p’eejv i šeeŋŋ vɒɒze i pugg oollme ujnsen’ što kaasska jaav’r ɒrr k’eed’k suel,219
PST.3SG,17,e,э,Переведенный корпус,olkes l’iifte c’iigg mene,219
PST.3SG,17,e,э,Переведенный корпус,sarneškud'e Mar’r'j Uvvan n’iijjt kaallseguejm c'aal̥l̥k kooz čuur'v’et' pɨjje tenn sajja koappče čuer'v' gar',219
PST.3SG,17,e,э,kld_txt_Kert1961_nuemmel_piras,juge vɨn surmguades't’ pore p’eerk kuemmer' sɨz'n’.,219
PST.3SG,17,e,э,kld_txt_Kert1961_nuemmel_piras,juge vɨn surmguades't’ pore p’eerk kuemmer' sɨz'n’.,219
PST.3SG,17,e,э,kld_txt_Kert1961_nuemmel_piras,kal'l'es' iǯ lɨkke kul'xes' lafkes' migjen’,219
PST.3SG,17,e,э,kld_txt_Kert1961_nuemmel_piras,sonn jur'te kolm al'kes mat’xe,219
PST.3SG,17,e,э,kld_txt_Kert1961_nuemmel_piras,puarsamuss al'l'k ujte l’eejp paštjen' vuepsuvve,219
PST.3SG,17,e,э,kld_txt_Kert1961_nuemmel_piras,ja ujte olmet’ gråbbe.,219
PST.3SG,17,e,э,kld_txt_Kert1961_nuemmel_piras,nurmuss el'ke robxušše lɨhke p’eecet’.,219
PST.3SG,17,e,э,kld_txt_Kert1961_nuemmel_piras,nɨt't’ jen'xem p’iiras pugg påddede gå’ n'uemmel' p’iiras.,219
PST.3SG,17,e,э,kld_txt_Kert1961_pro_vorona_tulena_i_dikogo_olena,kaar’nes’ puud’e,219
PST.3SG,17,e,э,kld_txt_Kert1961_pro_vorona_tulena_i_dikogo_olena,vɒl’te kaallsas’t puarsamuss n’iijd,219
PST.3SG,17,e,э,kld_txt_Kert1961_pro_vorona_tulena_i_dikogo_olena,maŋŋa puud’e nuer’r’j,219
PST.3SG,17,e,э,kld_txt_Kert1961_pro_vorona_tulena_i_dikogo_olena,vɒl’te keessktamuss n’iijd kuujje,219
PST.3SG,17,e,э,kld_txt_Kert1961_pro_vorona_tulena_i_dikogo_olena,meene man’tel’aannč keessk,219
PST.3SG,17,e,э,kld_txt_Kert1961_pro_vorona_tulena_i_dikogo_olena,puud’e kɒn’n’t’,219
PST.3SG,17,e,э,kld_txt_Kert1961_pro_vorona_tulena_i_dikogo_olena,vɒl’te nuurmuss n’iijd,219
PST.3SG,17,e,э,kld_txt_Kert1961_pro_vorona_tulena_i_dikogo_olena,tel’ kaallsenč jiil’e,219
PST.3SG,17,e,э,kld_txt_Kert1961_pro_vorona_tulena_i_dikogo_olena,jiil’e,219
PST.3SG,17,e,э,kld_txt_Kert1961_pro_vorona_tulena_i_dikogo_olena,ja vel’k’e puarsamus n’iijda kuessa,219
PST.3SG,17,e,э,kld_txt_Kert1961_pro_vorona_tulena_i_dikogo_olena,vɒn’c’e,219
PST.3SG,17,e,э,kld_txt_Kert1961_pro_vorona_tulena_i_dikogo_olena,kaallsenč suaŋe kuadda,219
PST.3SG,17,e,э,kld_txt_Kert1961_pro_vorona_tulena_i_dikogo_olena,al’tla puud’e ujjn kuuht nuer’j al’ka kuedes’t valas k’irsellev ja xur’g’sev,219
PST.3SG,17,e,э,kld_txt_Kert1961_pro_vorona_tulena_i_dikogo_olena,kaallsenč puud’e,219
PST.3SG,17,e,э,kld_txt_Kert1961_pro_vorona_tulena_i_dikogo_olena,n’iijjt činguud’e kus’s’v’aar,219
PST.3SG,17,e,э,kld_txt_Kert1961_pro_vorona_tulena_i_dikogo_olena,tes’t kalsenč vuud’e nɨm’m’p ɨj ja kualmant p’eejv’ vaan’n’cel’ nuurmuss n’iijjtas kuessa,219
PST.3SG,17,e,э,kld_txt_Kert1961_pro_vorona_tulena_i_dikogo_olena,voanc’e voanc’e ujneškuud’e kued,219
PST.3SG,17,e,э,kld_txt_Kert1961_pro_vorona_tulena_i_dikogo_olena,voanc’e voanc’e ujneškuud’e kued,219
PST.3SG,17,e,э,kld_txt_Kert1961_pro_vorona_tulena_i_dikogo_olena,voanc’e voanc’e ujneškuud’e kued,219
PST.3SG,17,e,э,kld_txt_Kert1961_pro_vorona_tulena_i_dikogo_olena,kaallsenč puud’e,219
PST.3SG,17,e,э,kld_txt_Kert1961_pro_vorona_tulena_i_dikogo_olena,kɒn’n’t’ kues’s’ vuul’ke m’aahca c’iil̥’ke koabkas,219
PST.3SG,17,e,э,kld_txt_Kert1961_pro_vorona_tulena_i_dikogo_olena,kɒn’n’t’ kues’s’ vuul’ke m’aahca c’iil̥’ke koabkas,219
PST.3SG,17,e,э,kld_txt_Kert1961_pro_vorona_tulena_i_dikogo_olena,n’iijjt š’iid’e aǯas’ kɒn’tket,219
PST.3SG,17,e,э,kld_txt_Kert1961_pro_vorona_tulena_i_dikogo_olena,kalsenč poore juge poore juge,219
PST.3SG,17,e,э,kld_txt_Kert1961_pro_vorona_tulena_i_dikogo_olena,kalsenč poore juge poore juge,219
PST.3SG,17,e,э,kld_txt_Kert1961_pro_vorona_tulena_i_dikogo_olena,kalsenč poore juge poore juge,219
PST.3SG,17,e,э,kld_txt_Kert1961_pro_vorona_tulena_i_dikogo_olena,a ɨgga soon muhcguude mov’jas,219
PST.3SG,17,e,э,kld_txt_Kert1961_pro_vorona_tulena_i_dikogo_olena,jeenne poore puujt ja vuenč,219
PST.3SG,17,e,э,kld_txt_Kert1961_pro_vorona_tulena_i_dikogo_olena,peeze peeze tuul’j,219
PST.3SG,17,e,э,kld_txt_Kert1961_pro_vorona_tulena_i_dikogo_olena,peeze peeze tuul’j,219
PST.3SG,17,e,э,kld_txt_Kert1961_pro_vorona_tulena_i_dikogo_olena,vuage vuage k’aahč,219
PST.3SG,17,e,э,kld_txt_Kert1961_pro_vorona_tulena_i_dikogo_olena,vuage vuage k’aahč,219
PST.3SG,17,e,э,kld_txt_Kert1961_pro_vorona_tulena_i_dikogo_olena,sonn vuages’t p’iiŋk eel leeg voal’te,219
PST.3SG,17,e,э,kld_txt_Kert1961_pro_vorona_tulena_i_dikogo_olena,ja eellm ollma leeg eps’e,219
PST.3SG,17,e,э,kld_txt_Kert1961_pro_vorona_tulena_i_dikogo_olena,tel’ moast puud’e,219
PST.3SG,17,e,э,kld_txt_Kert1961_pro_vorona_tulena_i_dikogo_olena,tool sajes’t luuj̥ke,219
PST.3SG,17,e,э,kld_txt_Kert1961_pro_vorona_tulena_i_dikogo_olena,luuj̥ke ja eženes’ jɒddseleškud’e,219
PST.3SG,17,e,э,kld_txt_Kert1961_pro_vorona_tulena_i_dikogo_olena,luuj̥ke ja eženes’ jɒddseleškud’e,219
PST.3SG,17,e,э,kld_txt_Kert1961_pro_vorona_tulena_i_dikogo_olena,koab kuedes’ kɨške,219
PST.3SG,17,e,э,kld_txt_Kert1961_pro_vorona_tulena_i_dikogo_olena,pɨje k’eer’s’e,219
PST.3SG,17,e,э,kld_txt_Kert1961_rybolovstvo_20210223,sonn koore aal',219
PST.3SG,17,e,э,kld_txt_Kert1961_rybolovstvo_20210223,nuur'r' puud'e eel'l'keš' sɨvl' luuš'š'te,219
PST.3SG,17,e,э,kld_txt_Kert1961_rybolovstvo_20210223,kues's' ran'n't puud'e,219
PST.3SG,17,e,э,kld_txt_Kert1961_rybolovstvo_20210223,tanna eexxt olme tuerrpem muuren' el'ke tuerrpe,219
PST.3SG,17,e,э,kld_txt_Kert1961_rybolovstvo_20210223,kues's' nuuht' puud'e rɨnnte,219
PST.3SG,17,e,э,kld_txt_Lehtiranta_1_r’iim’ɲ_moajnas,taall vuul’ge evdas,219
PST.3SG,17,e,э,kld_txt_Lehtiranta_1_r’iim’ɲ_moajnas,taall kuun’d(’)e kuun’d(’)e saarrn,219
PST.3SG,17,e,э,kld_txt_Lehtiranta_1_r’iim’ɲ_moajnas,taall kuun’d(’)e kuun’d(’)e saarrn,219
PST.3SG,17,e,э,kld_txt_Lehtiranta_1_r’iim’ɲ_moajnas,taall poore saahp’p’l’iŋ’ga i evdas vaan’n’ʒel,219
PST.3SG,17,e,э,kld_txt_Lehtiranta_1_r’iim’ɲ_moajnas,voan’ʒe voan’ʒe saarrn,219
PST.3SG,17,e,э,kld_txt_Lehtiranta_1_r’iim’ɲ_moajnas,voan’ʒe voan’ʒe saarrn,219
PST.3SG,17,e,э,kld_txt_Lehtiranta_1_r’iim’ɲ_moajnas,taall poore vuer’r’va,219
PST.3SG,17,e,э,kld_txt_Lehtiranta_1_r’iim’ɲ_moajnas,evdas kuun’n’dguuδ’e r’iim’ɲ(e),219
PST.3SG,17,e,э,kld_txt_Lehtiranta_1_r’iim’ɲ_moajnas,kuun’d(‘)e kuun’d(‘)e saarrn,219
PST.3SG,17,e,э,kld_txt_Lehtiranta_1_r’iim’ɲ_moajnas,kuun’d(‘)e kuun’d(‘)e saarrn,219
PST.3SG,17,e,э,kld_txt_Lehtiranta_1_r’iim’ɲ_moajnas,taall poore ɲuem’m’(e)l(‘)a ja evdas kuun’n’dxuuδ’e r’iim’ɲ(e),219
PST.3SG,17,e,э,kld_txt_Lehtiranta_1_r’iim’ɲ_moajnas,taall poore ɲuem’m’(e)l(‘)a ja evdas kuun’n’dxuuδ’e r’iim’ɲ(e),219
PST.3SG,17,e,э,kld_txt_Lehtiranta_1_r’iim’ɲ_moajnas,kuun’d(‘)e kuun’d(‘)e saarrn,219
PST.3SG,17,e,э,kld_txt_Lehtiranta_1_r’iim’ɲ_moajnas,kuun’d(‘)e kuun’d(‘)e saarrn,219
PST.3SG,17,e,э,kld_txt_Lehtiranta_1_r’iim’ɲ_moajnas,taall kuun’d(‘)e kuun’d(‘)e saarrn,219
PST.3SG,17,e,э,kld_txt_Lehtiranta_1_r’iim’ɲ_moajnas,taall kuun’d(‘)e kuun’d(‘)e saarrn,219
PST.3SG,17,e,э,kld_txt_Lehtiranta_1_r’iim’ɲ_moajnas,taall kuun’d(‘)e kuun’d(‘)e k’aačč[e],219
PST.3SG,17,e,э,kld_txt_Lehtiranta_1_r’iim’ɲ_moajnas,taall kuun’d(‘)e kuun’d(‘)e k’aačč[e],219
PST.3SG,17,e,э,kld_txt_Lehtiranta_1_r’iim’ɲ_moajnas,taall kuun’d(‘)e muure(j)d i pooɲe p’aasstaγed,219
PST.3SG,17,e,э,kld_txt_Lehtiranta_1_r’iim’ɲ_moajnas,taall kuun’d(‘)e muure(j)d i pooɲe p’aasstaγed,219
PST.3SG,17,e,э,kld_txt_Lehtiranta_1_r’iim’ɲ_moajnas,taall pugg lɨgge i saarrn,219
PST.3SG,17,e,э,kld_txt_Lehtiranta_1_r’iim’ɲ_moajnas,r’iimmɲ por’de eele muure(j)d i saarrn,219
PST.3SG,17,e,э,kld_txt_Lehtiranta_1_r’iim’ɲ_moajnas,toolest s’eel’l’g puul’l’eškuud’e ja saarrn,219
PST.3SG,17,e,э,kld_txt_Lehtiranta_1_r’iim’ɲ_moajnas,r’iimmɲ vuul’ge vaarra karrel ja saarrn,219
PST.3SG,17,e,э,kld_txt_Lehtiranta_2_r’iim’ɲ_i_taale_moajnas,voal’te s’eejpes pajent,219
PST.3SG,17,e,э,kld_txt_Lehtiranta_2_r’iim’ɲ_i_taale_moajnas,porškuuẟ’e kuul’(e),219
PST.3SG,17,e,э,Переведенный корпус,j’iil’e eexxt kaal’l’es’ n’iijtenes’,219
PST.3SG,17,e,э,Переведенный корпус,a pɨht’e peer̥r̥te jeer’es nɨzan sonn peele uššte vuajj pɒbbxe nɨzan kuu ejj vuaɲč vuajxe rɒdne jeen’ soon n’iijtaja,219
PST.3SG,17,e,э,Переведенный корпус,kaal’l’es jur’te jur’te paš’š’e nɒɒj̥j̥tlede vɒɒl’te v’iir’es’ nɨzan,219
PST.3SG,17,e,э,Переведенный корпус,kaal’l’es jur’te jur’te paš’š’e nɒɒj̥j̥tlede vɒɒl’te v’iir’es’ nɨzan,219
PST.3SG,17,e,э,Переведенный корпус,kaal’l’es jur’te jur’te paš’š’e nɒɒj̥j̥tlede vɒɒl’te v’iir’es’ nɨzan,219
PST.3SG,17,e,э,Переведенный корпус,kaal’l’es jur’te jur’te paš’š’e nɒɒj̥j̥tlede vɒɒl’te v’iir’es’ nɨzan,219
PST.3SG,17,e,э,Переведенный корпус,jur’te kaal’l’es’ vaal’l’te nɨzan kuu šendahč go rɒdne jeen’n’ n’iijtaja a vɨjte muddanaalla,219
PST.3SG,17,e,э,Переведенный корпус,jur’te kaal’l’es’ vaal’l’te nɨzan kuu šendahč go rɒdne jeen’n’ n’iijtaja a vɨjte muddanaalla,219
PST.3SG,17,e,э,Переведенный корпус,rɒdne n’iijtes’ meenn ejj lɨk soon paje pueraht a n’iijjtb’eel’l’ xošš i pugg per̥t m’iil’l’te lɨke jeen’n’b’eel’l’ soonen’ paje ɒr̥r̥tedd ja cele p’iijve m’iil’l’te ševraht,219
PST.3SG,17,e,э,Переведенный корпус,a kaal’l’es’ n’iijjt cele p’eejve m’iil’l’te lɨke sonn i č’aaz’ gɒrre vɒrrad sonn i p’eerk kɨppt i laammpset’ por̥tad i muur’et’ kuennt d’i šeel’d’et’ pass,219
PST.3SG,17,e,э,Переведенный корпус,jeen’n’p’eel’l’ sernna soon ejj šɒbša i paje jur’te kooxxt bɨ vɨjxe n’iijjtp’eel’ per̥tes’ pɒɒge,219
PST.3SG,17,e,э,Переведенный корпус,eex’x’teš’ kaal’l’es’ puud’e vaar’es’ mɒɒst,219
PST.3SG,17,e,э,Переведенный корпус,ejj eesstma sonn xar’a vuel’l’k’te kued’es’ vel’l’ej son’n’e vuessta aahk’ ja el’g’e šume kaallses’ eel,219
PST.3SG,17,e,э,Переведенный корпус,ejj eesstma sonn xar’a vuel’l’k’te kued’es’ vel’l’ej son’n’e vuessta aahk’ ja el’g’e šume kaallses’ eel,219
PST.3SG,17,e,э,Переведенный корпус,kal’l’es’ gɒr’jede šɒɒlaš n’iijtes’,219
PST.3SG,17,e,э,Переведенный корпус,pɨd’d’e sonn n’iijtes’ vaarra ɨšteht’ soon p’eez’ vuella a iiǯ vɨxxta vɨjjel’ mɒɒst štobɨ ejj ujjine n’iijtes’ sɒr’m’,219
PST.3SG,17,e,э,Переведенный корпус,kuuddej n’iijjt vaarra kaal’l’mluvve d’ii eebbas ooxxte ɒre vaar’ kes’kes’,219
PST.3SG,17,e,э,Переведенный корпус,kuuddej n’iijjt vaarra kaal’l’mluvve d’ii eebbas ooxxte ɒre vaar’ kes’kes’,219
PST.3SG,17,e,э,Переведенный корпус,vuur’t’e vuur’t’e až’es’ ejj t’eedda sonn ejj jur’r’t’ma što vuel’l’k'teš soon kaal’l’me vaar’es’,219
PST.3SG,17,e,э,Переведенный корпус,vuur’t’e vuur’t’e až’es’ ejj t’eedda sonn ejj jur’r’t’ma što vuel’l’k'teš soon kaal’l’me vaar’es’,219
PST.3SG,17,e,э,Переведенный корпус,tedd l’aajj muuɲkaallsa muuɲkaallsa t’iirvxede n’iijten’ sonn vuessta,219
PST.3SG,17,e,э,Переведенный корпус,muuɲkaallsa šɒlšuve taate sonn kaal’l’mde n’iijta da čofta n’iijjt l’aajj š’iig ja mooǯe cɒɒge sonn n’iijjta v’iil’l’k’es’ p’eeck štobɨ ejj kelmče,219
PST.3SG,17,e,э,Переведенный корпус,muuɲkaallsa šɒlšuve taate sonn kaal’l’mde n’iijta da čofta n’iijjt l’aajj š’iig ja mooǯe cɒɒge sonn n’iijjta v’iil’l’k’es’ p’eeck štobɨ ejj kelmče,219
PST.3SG,17,e,э,Переведенный корпус,muuɲkaallsa šɒlšuve taate sonn kaal’l’mde n’iijta da čofta n’iijjt l’aajj š’iig ja mooǯe cɒɒge sonn n’iijjta v’iil’l’k’es’ p’eeck štobɨ ejj kelmče,219
PST.3SG,17,e,э,Переведенный корпус,muuɲkaallsa šɒlšuve taate sonn kaal’l’mde n’iijta da čofta n’iijjt l’aajj š’iig ja mooǯe cɒɒge sonn n’iijjta v’iil’l’k’es’ p’eeck štobɨ ejj kelmče,219
PST.3SG,17,e,э,Переведенный корпус,vuulklešuude evdes’ vaan’c’e vaar’ m’iil’l’te n’iijjt el’ge soon moolle štobɨ ejj kuedeče sonn ooxxte vaarra,219
PST.3SG,17,e,э,Переведенный корпус,vuulklešuude evdes’ vaan’c’e vaar’ m’iil’l’te n’iijjt el’ge soon moolle štobɨ ejj kuedeče sonn ooxxte vaarra,219
PST.3SG,17,e,э,Переведенный корпус,vuulklešuude evdes’ vaan’c’e vaar’ m’iil’l’te n’iijjt el’ge soon moolle štobɨ ejj kuedeče sonn ooxxte vaarra,219
PST.3SG,17,e,э,Переведенный корпус,muuɲkaallsa son’n’e c’eel̥’k’e što v’aal puadd,219
PST.3SG,17,e,э,Переведенный корпус,mudda vuer puud’e muuɲekaallsa ja pɨt’e n’iijjta laaj̥et i šuurr ɨš’s’t’e t’iivvt kɒl’eguejm,219
PST.3SG,17,e,э,Переведенный корпус,mudda vuer puud’e muuɲekaallsa ja pɨt’e n’iijjta laaj̥et i šuurr ɨš’s’t’e t’iivvt kɒl’eguejm,219
PST.3SG,17,e,э,Переведенный корпус,eex’x’t’eš’ raj vɨje mooǯes’ paar’r’n’ tedd l’aajj cɒɒr al’l’k’,219
PST.3SG,17,e,э,Переведенный корпус,mooǯes’ ɒɒsseguejm sonn šende v’aal mooǯ’da i š’iiga,219
PST.3SG,17,e,э,Переведенный корпус,cɒɒr al’l’k’ sraaze kooxxt ujnes’ n’iijt šɒbšuve son’n’e i c’iil̥’k’e n’iijjta,219
PST.3SG,17,e,э,Переведенный корпус,cɒɒr al’l’k’ sraaze kooxxt ujnes’ n’iijt šɒbšuve son’n’e i c’iil̥’k’e n’iijjta,219
PST.3SG,17,e,э,Переведенный корпус,n’iijjta paar’r’n’ ponrav’dede i cɒɒr al’l’k’ i kaallsa n’iijjt nɒɒj̥j̥tledden’ i jeel’ešuud’d’en’ š’iiggten’n’e i tenna rajja jeellev i m’iinet’ kuessa kɒhčev,219
PST.3SG,17,e,э,Переведенный корпус,jeen’n’b’eel’l’ sraaze šummguud’e kaallsa ell,219
PST.3SG,17,e,э,Переведенный корпус,kaallsa nɨd'd' i lɨgge,219
PST.3SG,17,e,э,Переведенный корпус,akka n'iijjt vaarra tuvvnede poahksenne,219
PST.3SG,17,e,э,Переведенный корпус,ja cɒɒg'e sama moǯes' vaaptek oasset man'te sos l'iijjen',219
PST.3SG,17,e,э,Переведенный корпус,a go kujje vuul'l'kkud'e,219
PST.3SG,17,e,э,Переведенный корпус,kues’s’ sonn kuuddej vaares' sonn paje kiičnede,219
PST.3SG,17,e,э,Переведенный корпус,kues’s’ muuɲkaallsa puud'e sonn el'ge šumme soon eel,219
PST.3SG,17,e,э,Переведенный корпус,kues’s’ muuɲkaallsa puud'e sonn el'ge šumme soon eel,219
PST.3SG,17,e,э,Переведенный корпус,pɒɒze soon eel keellm vujnegen' ja kallmed soon,219
PST.3SG,17,e,э,Переведенный корпус,jil’e saam’ narot k’ilt suullest’,219
PST.3SG,17,e,э,Переведенный корпус,maŋŋa nɨm’m’p’ paar’r’n’ koavnšuve,219
PST.3SG,17,e,э,Переведенный корпус,s’iirren’ s’iirren’ paar’r’n taabxuve,219
PST.3SG,17,e,э,Переведенный корпус,sonn val’d’e samastr’eles’ pɨje n’ul i tɨvvluve r’eešškled,219
PST.3SG,17,e,э,Переведенный корпус,sonn val’d’e samastr’eles’ pɨje n’ul i tɨvvluve r’eešškled,219
PST.3SG,17,e,э,Переведенный корпус,sonn val’d’e samastr’eles’ pɨje n’ul i tɨvvluve r’eešškled,219
PST.3SG,17,e,э,Переведенный корпус,paar’r’n pɨje samastr’eles’ sonne rannta dii luušte,219
PST.3SG,17,e,э,Переведенный корпус,i tedd jore luuv’t’ al’n ersajje,219
PST.3SG,17,e,э,Переведенный корпус,tel’ i v’iž’e narot pugg vuessta,219
PST.3SG,17,e,э,Переведенный корпус,sonn viireš’t’ udd puul’l’ej vilka oojk’e n’aallma i tejn roahpad,219
PST.3SG,17,e(j),э(й),kld_txt_Genetz1891,voal'te(j) s'irre(δ) paarna(j)n' vuejve(j)t’ rɒdd,47
PST.3SG,17,e(j),э(й),kld_txt_Genetz1891,sonn paarna mene(j) jaavvra jordan jus't'e kukxel'l'e čaaʒ'jelle,47
PST.3SG,17,e(j),э(й),kld_txt_Genetz1891,čaaʒ'jel'l'e puud'e(j) man'(e) kukxelk mune,47
PST.3SG,17,e(j),э(й),kld_txt_Genetz1891,vaal'te ɨšte kɒb(e) raabe(j) kab'b'er' pɨjje(j) kuut' juul'k’es' keske ja raajk pukkej kap’p’r’e,47
PST.3SG,17,e(j),э(й),kld_txt_Genetz1891,vaal'te ɨšte kɒb(e) raabe(j) kab'b'er' pɨjje(j) kuut' juul'k’es' keske ja raajk pukkej kap’p’r’e,47
PST.3SG,17,e(j),э(й),kld_txt_Genetz1891,čaaʒ'jeelle kab'b'er' sɨz l'iiške(j) t'iiŋ’ke(j)t kab'b'er' sɨzn raajjk pugg koollken' kobba,47
PST.3SG,17,e(j),э(й),kld_txt_Genetz1891,čaaʒ'jelle puude(j) t’iiŋ’ke(j)t i pɨt’e saaml’eɲče kab’b’er' sɨz lɨške(j) kab’b’er' lak’ šante,47
PST.3SG,17,e(j),э(й),kld_txt_Genetz1891,čaaʒ'jelle puude(j) t’iiŋ’ke(j)t i pɨt’e saaml’eɲče kab’b’er' sɨz lɨške(j) kab’b’er' lak’ šante,47
PST.3SG,17,e(j),э(й),kld_txt_Genetz1891,mene(j) kuaddas’,47
PST.3SG,17,e(j),э(й),kld_txt_Genetz1891,voal'te(j) soane(j)t’ vuulke(j) muure(j)t’ soagge,47
PST.3SG,17,e(j),э(й),kld_txt_Genetz1891,voal'te(j) soane(j)t’ vuulke(j) muure(j)t’ soagge,47
PST.3SG,17,e(j),э(й),kld_txt_Genetz1891,tal taall sonn taal vuejves’t’ kecest voal’te(j) pakke(δ),47
PST.3SG,17,e(j),э(й),kld_txt_Genetz1891,sonn ejj alka pag'g'e(δ) voal'te(j) taale k'aassad'd'e muursoane vuella kuaddas’ vaancel’,47
PST.3SG,17,e(j),э(й),kld_txt_Genetz1891,puude(j) kuaddas’ olmeɲč luušte taal laammpas puvvra,47
PST.3SG,17,e(j),э(й),kld_txt_Genetz1891,taall voal'te laammpas pugg poore(j),47
PST.3SG,17,e(j),э(й),kld_txt_Genetz1891,meene(j) kuaddas’,47
PST.3SG,17,e(j),э(й),kld_txt_Genetz1891,pake(j) avvta kuajv taahke(δ),47
PST.3SG,17,e(j),э(й),kld_txt_Genetz1891,sonn c'eel̥ke(j),47
PST.3SG,17,e(j),э(й),kld_txt_Genetz1891,avvta vuul’ke(j) v’iil’g’es’ k’eeddke kuajjve(δ),47
PST.3SG,17,e(j),э(й),kld_txt_Genetz1891,kuajjve(j),47
PST.3SG,17,e(j),э(й),kld_txt_Genetz1891,kuajjve(j),47
PST.3SG,17,e(j),э(й),kld_txt_Genetz1891,meene(j) kued’(e) guurres’,47
PST.3SG,17,e(j),э(й),kld_txt_Genetz1891,čec’k’e(j),47
PST.3SG,17,e(j),э(й),kld_txt_Lehtiranta_2_r’iim’ɲ_i_taale_moajnas,kaal’l’es vuje(j) vuje(j),47
PST.3SG,17,e(j),э(й),kld_txt_Lehtiranta_2_r’iim’ɲ_i_taale_moajnas,kaal’l’es vuje(j) vuje(j),47
PST.3SG,17,e(j),э(й),kld_txt_Lehtiranta_2_r’iim’ɲ_i_taale_moajnas,kaal’l’es’ voal’te(j) r’iim’ɲ,47
PST.3SG,17,e(j),э(й),kld_txt_Lehtiranta_2_r’iim’ɲ_i_taale_moajnas,pɨje(j) vujjem k’eer’r’es l’eek’k’e,47
PST.3SG,17,e(j),э(й),kld_txt_Lehtiranta_2_r’iim’ɲ_i_taale_moajnas,kaal’l’es jeeske(j) i moac’e(j),47
PST.3SG,17,e(j),э(й),kld_txt_Lehtiranta_2_r’iim’ɲ_i_taale_moajnas,kaal’l’es jeeske(j) i moac’e(j),47
PST.3SG,17,e(j),э(й),kld_txt_Lehtiranta_2_r’iim’ɲ_i_taale_moajnas,koavne(j) r’iim’ɲes,47
PST.3SG,17,e(j),э(й),kld_txt_Lehtiranta_2_r’iim’ɲ_i_taale_moajnas,vɨγe(j) r’iim’ɲ,47
PST.3SG,17,e(j),э(й),kld_txt_Lehtiranta_2_r’iim’ɲ_i_taale_moajnas,pɨje(j) maŋ’ŋ’k’eer’r’sa i vujjel,47
PST.3SG,17,e(j),э(й),kld_txt_Lehtiranta_2_r’iim’ɲ_i_taale_moajnas,vuje(j) vuje(j),47
PST.3SG,17,e(j),э(й),kld_txt_Lehtiranta_2_r’iim’ɲ_i_taale_moajnas,vuje(j) vuje(j),47
PST.3SG,17,e(j),э(й),kld_txt_Lehtiranta_2_r’iim’ɲ_i_taale_moajnas,i čuš’š’ pes’te(j) muur’r’e,47
PST.3SG,17,e(j),э(й),kld_txt_Lehtiranta_2_r’iim’ɲ_i_taale_moajnas,a r’iim’m’ɲ voal’te(j) kuul’e(j)t,47
PST.3SG,17,e(j),э(й),kld_txt_Lehtiranta_2_r’iim’ɲ_i_taale_moajnas,r’iim’m’ɲ vuaŋke(j) vuaŋke(j),47
PST.3SG,17,e(j),э(й),kld_txt_Lehtiranta_2_r’iim’ɲ_i_taale_moajnas,r’iim’m’ɲ vuaŋke(j) vuaŋke(j),47
PST.3SG,17,e(j),э(й),kld_txt_Lehtiranta_2_r’iim’ɲ_i_taale_moajnas,taall lɨggses’te(j),47
PST.3SG,17,e(j),э(й),kld_txt_Lehtiranta_2_r’iim’ɲ_i_taale_moajnas,k’eet’kest meene(j) s’eejjp rast,47
PST.3SG,17,e(j),э(й),kld_txt_Lehtiranta_2_r’iim’ɲ_i_taale_moajnas,moajnas puuẟ’e(j),47
PST.3SG,17,e(j),э(й),kld_txt_Lehtiranta_3_kɒn’t’_moajnas,s’iinen šende(j) paaršeɲč,47
PST.3SG,17,e(j),э(й),kld_txt_Lehtiranta_3_kɒn’t’_moajnas,kɒn’n’t vɨl’ge(j) m’aacca,47
PST.3SG,17,e(j),э(й),kld_txt_Lehtiranta_3_kɒn’t’_moajnas,aak’k’ pɨje(j) vuus’s’temp’aalla kued’(e) kooɲɲčtuul’j,47
PST.3SG,17,e(j),э(й),kld_txt_Lehtiranta_3_kɒn’t’_moajnas,kɒn’n’t puud’e(j) m’eec’est,47
PST.3SG,17,e(j),э(й),kld_txt_Lehtiranta_3_kɒn’t’_moajnas,puud’e(j) m’iidmeɲčp’aalla kued’(e),47
PST.3SG,17,e(j),э(й),kld_txt_Lehtiranta_3_kɒn’t’_moajnas,kooz vɨl’ke(j) muun(e) aǯ’,47
PST.3SG,17,e(j)[a],э(й)[а],kld_txt_Lehtiranta_2_r’iim’ɲ_i_taale_moajnas,jeerrka kaal’l’es vuje(j)[a] kuul’l’k’eer’r’sen,1
PST.3SG,17,e.,э.,kld_txt_Kert1961_nuemmel_piras,kesklamuss nɨjp sahp’e čir'r'e pɨje.,1
PST.3SG,17,e?”,э?”,kld_txt_KarNC_wedding_pt2,mʼii šente?”,1
PST.3SG,17,ej,эй,kld_txt_Genetz1891,vaal'te ɨšte kɒb(e) raabe(j) kab'b'er' pɨjje(j) kuut' juul'k’es' keske ja raajk pukkej kap’p’r’e,5
PST.3SG,17,ej,эй,kld_txt_Itkonen1931_6_page254,a kaallas paar’n’en’es’ put’t’ej kued’e gur’r’e,5
PST.3SG,17,ej,эй,kld_txt_Kert1961_rybolovstvo_20210223,nuuht' cɨhcej š'iiggten'n'e,5
PST.3SG,17,ej,эй,kld_txt_Lehtiranta_2_r’iim’ɲ_i_taale_moajnas,r’iim’m’ɲ koac’kej puacckas rast jeer’kest,5
PST.3SG,17,ej,эй,kld_txt_Lehtiranta_2_r’iim’ɲ_i_taale_moajnas,r’iim’m’ɲ voal’tej kuul’(e) s’eejpes vuella,5
PST.3SG,17,en,эн,kld_txt_Lehtiranta_2_r’iim’ɲ_i_taale_moajnas,puud’d’en sun’n’e ɲuem’m’el i taall i k’eet’t’k kuessa i k’eeǯ’ǯ’ev,2
PST.3SG,17,en,эн,Переведенный корпус,tala ɒɒšštede ɨd'd'en sɒɒn,2
PST.3SG,17,en',энҍ,kld_txt_Kert1961_rybolovstvo_20210223,ja eel'l'ken' nuut' poon'n'e,2
PST.3SG,17,en',энҍ,kld_txt_Kert1961_rybolovstvo_20210223,tel' kuuht оollmе vuul'l'ken' par̥ket' soagge,2
PST.3SG,17,en’,энҍ,kld_txt_KarNC_wedding,no ladno jeel’eškuud’d’en’,6
PST.3SG,17,en’,энҍ,kld_txt_KarNC_wedding,vɨg’g’en žen’ex’ žen’ex’ pɨht’en’ n’iijjta,6
PST.3SG,17,en’,энҍ,kld_txt_Kert1961_jeerrkja_oollmej_bajas,kuul’l’j’aav’r’ rɨntes’t’ jiil’l’en’ jeerrkja oollme,6
PST.3SG,17,en’,энҍ,kld_txt_Kert1961_jeerrkja_oollmej_bajas,eex’x’teš’(t’) nɨm’(p’)b’aalla jaav’r’ puud’d’en’ ruuc,6
PST.3SG,17,en’,энҍ,kld_txt_Kert1961_jeerrkja_oollmej_bajas,oollme eel’l’ken’ saarrne parnaguejm štobe kɒmpaɲe paar’r’n soon al’n nɒɒj̥j̥tlede(h)č,6
PST.3SG,17,en’,энҍ,kld_txt_Kert1961_jeerrkja_oollmej_bajas,a ruuc uže vɨjjten’ jaavvra,6
PST.3SG,17,ešt,эшт,kld_txt_Kert1961_jeerrkja_oollmej_bajas,sonn šɒbešt kuuht parna,1
PST.3SG,17,i,и,kld_txt_Kert1961_byl_o_ljajne,a idž vul’ki m’ahca,1
PST.3SG,17,i̮,и,kld_txt_Kert1961_byl_o_ljajne,ahkes’ kuddi̮i kuadḓa jel’l’e,1
PST.3SG,17,i͔,и,kld_txt_Kert1961_byl_o_ljajne,sonn vål’ti͔ ɛl’ki͔ sinɛt˙ kusxɛ,11
PST.3SG,17,i͔,и,kld_txt_Kert1961_byl_o_ljajne,v’ār ki̮pti͔ šur ci̮hci̮m kimn’i͔s’,11
PST.3SG,17,i͔,и,kld_txt_Kert1961_byl_o_ljajne,kuɛs’s’ v’arrɛn˙ ki̮pti͔ pɛr’mi̮s’ jaлovɛ,11
PST.3SG,17,i͔,и,kld_txt_Kert1961_byl_o_ljajne,ki̮pti͔ v’ār pi̮je porrɛ,11
PST.3SG,17,i͔,и,kld_txt_Kert1961_byl_o_ljajne,i ɛl’ki͔ sinɛt˙ kån’n’tɛ,11
PST.3SG,17,i͔,и,kld_txt_Kert1961_byl_o_ljajne,kuɛs’s’ tabhuve ɛl’ki͔ pirses odze:,11
PST.3SG,17,i͔,и,kld_txt_Kert1961_byl_o_ljajne,a'h’kis’ pud˙i͔ alkes’ al’l’a nikas’t˙,11
PST.3SG,17,i͔,и,kld_txt_Kert1961_byl_o_ljajne,kuɛs’s’ mec’ɛs’ pud˙i͔,11
PST.3SG,17,i͔,и,kld_txt_Kert1961_byl_o_ljajne,l’k̭i͔ jena i̮ije mil’tɛ vodḓɛtɛ,11
PST.3SG,17,i͔,и,kld_txt_Kert1961_byl_o_ljajne,vån’ci͔ pud˙i͔ šur jāvr’ лuz kehč:,11
PST.3SG,17,i͔,и,kld_txt_Kert1961_byl_o_ljajne,vån’ci͔ pud˙i͔ šur jāvr’ лuz kehč:,11
PST.3SG,17,ɛ,,kld_txt_Kert1961_byl_o_ljajne,pirras pākɛ uītɛ oлkɛs ja påčkɛ,7
PST.3SG,17,ɛ,,kld_txt_Kert1961_byl_o_ljajne,uks ɛ̄л pakɛ pi̮ije šur kɛлd,7
PST.3SG,17,ɛ,,kld_txt_Kert1961_byl_o_ljajne,čūd˙cuer’r’v’ ɛлtɛn˙ val’l’tɛ kahcad,7
PST.3SG,17,ɛ,,kld_txt_Kert1961_byl_o_ljajne,puki̮t kån’tɛ kuɛd˙ si̮z’n’,7
PST.3SG,17,ɛ,,kld_txt_Kert1961_byl_o_ljajne,s’agлɛssɛ kån’tɛ al’kas’,7
PST.3SG,17,ɛ,,kld_txt_Kert1961_byl_o_ljajne,sonn s’entɛ,7
PST.3SG,17,ɛ,,kld_txt_Kert1961_byl_o_ljajne,i joddɛi akes’ odzɛ,7
PST.3SG,17,ɛt˙,т˙,kld_txt_Kert1961_byl_o_ljajne,tɛl’ tabɛt˙ ruhcлa jul’kɛn˙ ja c’aḽḽk:,1
PST.CNG,6,a,а,kld_txt_Genetz1891,sonn ejj alka pag'g'e(δ) voal'te(j) taale k'aassad'd'e muursoane vuella kuaddas’ vaancel’,6
PST.CNG,6,a,а,kld_txt_KarNC_deers,jev allka pɨɲɲe ja nɨd’d’ paj jiil’l’eš kolxoz rajja,6
PST.CNG,6,a,а,kld_txt_Kert1961_jeerrkja_oollmej_bajas,a ɲikɒmpa paar’r’n soon ejj šɒbša,6
PST.CNG,6,a,а,Переведенный корпус,jeen’n’b’eel’l’ sraaze ejj šɒbšeškuadda n’iijjtb’eel’es’,6
PST.CNG,6,a,а,Переведенный корпус,jeen’n’p’eel’l’ sernna soon ejj šɒbša i paje jur’te kooxxt bɨ vɨjxe n’iijjtp’eel’ per̥tes’ pɒɒge,6
PST.CNG,6,a,а,Переведенный корпус,vuur’t’e vuur’t’e až’es’ ejj t’eedda sonn ejj jur’r’t’ma što vuel’l’k'teš soon kaal’l’me vaar’es’,6
PST.CNG,6,enč,энч,kld_txt_Kert1961_pro_vorona_tulena_i_dikogo_olena,jaannat ejj maahtenč poorre ejj maahtenč jugge,2
PST.CNG,6,enč,энч,kld_txt_Kert1961_pro_vorona_tulena_i_dikogo_olena,jaannat ejj maahtenč poorre ejj maahtenč jugge,2
PST.CNG,6,enǯ,эндж,Переведенный корпус,n’i exxt ejj kueddjenǯ,2
PST.CNG,6,enǯ,эндж,Переведенный корпус,c’eel̥’l̥’k’ev kooht sɨjj pugg pud’d’en’ al’i jev pugg puad’d’enǯ,2
PST.CNG,6,en’č,энҍч,Переведенный корпус,tegg jev k’iršen’č vel’l’jen’ i rostak tvoju,1
PST.CNG,6,eɲč,энч,kld_txt_Kert1961_jeerrkja_oollmej_bajas,i tedd šeeŋŋ jod’e koollm p’eejv nɨd’d’ što ejj kuessteɲč ɲim’ii,1
PST.CNG,6,ma,ма,kld_SAM_SG_map_20230815,meej(t)laan’č ejj t’eeddma ja meene,5
PST.CNG,6,ma,ма,kld_txt_KarNC_deers,puudzet’ paj jeb’b’ pɨɲɲma paj svol’no jiil’em čeexxča kooppčev vooddeddev,5
PST.CNG,6,ma,ма,kld_txt_KarNC_deers,l’aajj čuez soost soonn? kon’ešna maŋŋa ejj šeenntma,5
PST.CNG,6,ma,ма,Переведенный корпус,ejj eesstma sonn xar’a vuel’l’k’te kued’es’ vel’l’ej son’n’e vuessta aahk’ ja el’g’e šume kaallses’ eel,5
PST.CNG,6,ma,ма,Переведенный корпус,vuur’t’e vuur’t’e až’es’ ejj t’eedda sonn ejj jur’r’t’ma što vuel’l’k'teš soon kaal’l’me vaar’es’,5
PST.IPC,3,es,эс,Переведенный корпус,roddjes vensedes’ venset’ čadca di sulden’,1
PST.IPC,3,eš,эш,Переведенный корпус,maŋŋades kues’s’ nuuht’eš k’iirxnet’ pued’et’ nuut’ kooz’et olk eel,4
PST.IPC,3,eš,эш,Переведенный корпус,jel’l’eš eev’dla koavas keskes puell tooll a pɨrr ad’d’em v’ell as’te a pɨrr aaret es’tmen,4
PST.IPC,3,eš,эш,Переведенный корпус,tam’p’e ujjn’eš,4
PST.IPC,3,eš,эш,Переведенный корпус,tel’ sug’g’eš i el’k’en’ s’in’et’ ar’jeguejm taagge(d),4
PST.IPC,3,eš',эшь,kld_txt_Kert1961_rybolovstvo_20210223,nuur'r' puud'e eel'l'keš' sɨvl' luuš'š'te,1
PST.IPS,2,eš,эш,Переведенный корпус,pugg s’iijneš,7
PST.IPS,2,eš,эш,Переведенный корпус,tes’t’ ufšten geagraafe munn rɒst mɒɒj(n)se parnat pugg čaar bajas kooxxt ad’d’ izmen’iilsa čaarr tejja ɨg’e kooxxt jeel’ešued’d’eš per’a i tag daale,7
PST.IPS,2,eš,эш,Переведенный корпус,v koolas mɨjj sraazaže puuʒet m’iine uj̥deš vaarra,7
PST.IPS,2,eš,эш,kld_txt_Genetz1891,avvta kuajjva taahk’eš pɨht’en’ vɨdds kuajv,7
PST.IPS,2,eš,эш,kld_txt_Genetz1891,pɨjješ sɨjje poorre,7
PST.IPS,2,eš,эш,kld_txt_KarNC_deers,jev allka pɨɲɲe ja nɨd’d’ paj jiil’l’eš kolxoz rajja,7
PST.IPS,2,eš,эш,Переведенный корпус,go soon jev vaarra jɒɒddxeš kuud'd'e,7
PST.IPS,2,eš',эшь,kld_txt_Kert1961_rybolovstvo_20210223,suldeš' kaas's'te kues's' nuut' kaas’s'tet',1
PST.[1SG],1,e,э,,,3
PST.[3SG],2,'e,э,Переведенный корпус,k’iil’te n’iijjt Mar'r'j’ Uvvan n’iijjt jiil'l'e uc'c' sɨjtes't' ooxxte,1
PST.[3SG],2,e,э,Переведенный корпус,kaallas ɒrrev kultlev ujnev per'e jeenne c’iig puud’e,3
PST.[3SG],2,e,э,Переведенный корпус,olkes l’iifte c’iigg mene,3
PST.[3SG],2,e,э,Переведенный корпус,kas't' luuhp’el' l'aajj koanta sonn meenne sajja čuur'v'et' n'al'mes' ompan vuuv’s'e,3
PST.ЗPL,1,em,эм,,,2
PTCL,2,dan,дан,Переведенный корпус,soonn l’ii algadan jeena tooxnedde m’etredde,1
PTCL,2,dekke,дэккэ,kld_txt_KarNC_wedding_pt2,a munngul šen’te dak šen’tedas mustgul puvle al’n nugge dak mus(t)gul pugnen’dekke,1
PTCP,1,e,э,,,1
PTCP.NOM.SG,1,em,эм,,,1
PTCP.NPST,3,e,э,kld_txt_Genetz1891,sonn paarna mene(j) jaavvra jordan jus't'e kukxel'l'e čaaʒ'jelle,6
PTCP.NPST,3,e,э,kld_txt_Genetz1891,čaaʒ'jel'l'e puud'e(j) man'(e) kukxelk mune,6
PTCP.NPST,3,e,э,kld_txt_Genetz1891,nu tal'e čaaʒ’jel'l'e puud'e saaml’eɲče c'aal̥l̥ka,6
PTCP.NPST,3,e,э,kld_txt_Genetz1891,čaaʒ'jeelle kab'b'er' sɨz l'iiške(j) t'iiŋ’ke(j)t kab'b'er' sɨzn raajjk pugg koollken' kobba,6
PTCP.NPST,3,e,э,kld_txt_Genetz1891,čaaʒ'jelle puude(j) t’iiŋ’ke(j)t i pɨt’e saaml’eɲče kab’b’er' sɨz lɨške(j) kab’b’er' lak’ šante,6
PTCP.NPST,3,e,э,kld_txt_Genetz1891,čaz'jelle moaze jaavvra čoaŋe,6
PTCP.NPST,3,ej,эй,Переведенный корпус,sijd’es’ m’iinet pood’d’en pravažat jeen’ až’ i v’iil’j tɒɒvvrež vuep’s’ej i mudda oollme,3
PTCP.NPST,3,ej,эй,kld_txt_Kert1961_jeerrkja_oollmej_bajas,tam’p’e l’aajj eexxt t’iid’d’ej n’iijjt,3
PTCP.NPST,3,ej,эй,Переведенный корпус,sonn viireš’t’ udd puul’l’ej vilka oojk’e n’aallma i tejn roahpad,3
PTCP.NPST,3,j,й,kld_txt_Kert1961_nuemmel_piras,kal'l'es' iǯ lɨkke kul'xes' lafkes' migjen’,2
PTCP.NPST,3,j,й,kld_txt_Kert1961_nuemmel_piras,puarsamuss al'l'k ujte l’eejp paštjen' vuepsuvve,2
PTCP.PRS,1,ɨj,ый,,,1
PTCP.PST,7,a,а,Переведенный корпус,čɒɒhp’es forkta j’eel’ex ujd j’eel’ex,17
PTCP.PST,7,a,а,Переведенный корпус,muur pugg l’eev tes’t’ mudd saj kaahta veezen’,17
PTCP.PST,7,a,а,Переведенный корпус,jornev veeʒe k’iištet l’aajj čuujjge k’eeresen ur’d’es saav’ex’et n’ik’ee ejj murda,17
PTCP.PST,7,a,а,Переведенный корпус,polxet jeb’b’ kaadxellma mɨjen pugg š’iiggten’n’e n’ik’ee čueʒa,17
PTCP.PST,7,a,а,Переведенный корпус,ja tel’e čuujjglem puudem tenn sajja kas’s’ mɨjj l’iijem kuedda sɒɒn puuʒe ja lɨlmɨ pɒp činnen mɨjje vkuusnɨ p’eerg,17
PTCP.PST,7,a,а,Переведенный корпус,tenn paxodes m’iineguejm l’iijjen puadda kar’elsk’i parna,17
PTCP.PST,7,a,а,kld_txt_KarNC_deers,mɒɒhtja l’iijem’ mɒɒhtjem’ jeel’l’ep’,17
PTCP.PST,7,a,а,kld_txt_Kert1961_byl_o_ljajne,odzkud˙d˙i͔n˙ kånnta rucɛ si̮z’n’,17
PTCP.PST,7,a,а,kld_txt_Kert1961_byl_o_ljajne,alkes’ kåvnɛn˙ tampɛ kånnta,17
PTCP.PST,7,a,а,kld_txt_Kert1961_byl_o_ljajne,kuɛd˙ li puk murrta,17
PTCP.PST,7,a,а,kld_txt_Kert1961_pro_vorona_tulena_i_dikogo_olena,kallsеnč l’ii puadda,17
PTCP.PST,7,a,а,kld_txt_Kert1961_rybolovstvo_20210223,sɨjj voal'l'ten' taahkta oakkše nɨjp skoba ja v'eer̥cet',17
PTCP.PST,7,a,а,Переведенный корпус,luuj̥j̥knelle ɨšteht’ n’iijtes’ sɒne eel ja vɨjjel’ lɒttkna puuʒje al’n vaarra,17
PTCP.PST,7,a,а,Переведенный корпус,n’iijjt l’aajj tenn vuer caagga muuɲkaallsa laaj̥et’ v’iil’l’k’es’ p’eeck v’iil’l’k’es’ mooǯes’ p’imat’,17
PTCP.PST,7,a,а,Переведенный корпус,sɨjj čutt jeve luunntna zaav’is't’es’,17
PTCP.PST,7,a,а,Переведенный корпус,kues’s’ ɨddev mooǯes' sɒɒn k'aassxa v’iil'l'kes' cɒɒr puuʒeguejm,17
PTCP.PST,7,a,а,Переведенный корпус,a sɒɒne al'n ujnes' ižes' kallma n'iijt,17
PTCP.PST,7,aɲč,анч,kld_txt_Genetz1891,sɨjj al'kes kočsen tonst m’ii l'ii pampel'e(j)t l'eeštaɲč pugg laampse(j)t pore,1
PTCP.PST,7,enč,энч,kld_txt_Kert1961_pro_vorona_tulena_i_dikogo_olena,ja kɒmmel’ n’iijtes’ š’iidenč sajja,4
PTCP.PST,7,enč,энч,kld_txt_Kert1961_pro_vorona_tulena_i_dikogo_olena,ukks m’iilkes’t lɨhkenč,4
PTCP.PST,7,enč,энч,kld_txt_Kert1961_pro_vorona_tulena_i_dikogo_olena,kaahtenč l’ajj tuul’jeguejm,4
PTCP.PST,7,enč,энч,Переведенный корпус,s’ines’t’ l’ijjen’ vennas k’aassen’č di l’ijjen’ t’eerpnenč kobba jev kuestče rɨnnte,4
PTCP.PST,7,en’č,энҍч,Переведенный корпус,s’ines’t’ l’ijjen’ vennas k’aassen’č di l’ijjen’ t’eerpnenč kobba jev kuestče rɨnnte,1
PTCP.PST,7,eɲǯ,эндж,kld_txt_Lehtiranta_1_r’iim’ɲ_moajnas,k’ee l’ii kɨr’j(e)xeɲǯ s’eel’g,2
PTCP.PST,7,eɲǯ,эндж,kld_txt_Lehtiranta_2_r’iim’ɲ_i_taale_moajnas,r’iim’m’ɲ l’ii keerrkteɲǯ,2
PTCP.PST,7,ma,ма,Переведенный корпус,vaar’ l’ee∅ tuvvnadma taal’l’v n’iijjden’,12
PTCP.PST,7,ma,ма,Переведенный корпус,kues’s’ koollas ja saav’ex’ l’eev lɨhkma olma kuu šɒbašt m’aahca soonn čuejjk s’iineguejm b’eda udlen’n’e,12
PTCP.PST,7,ma,ма,Переведенный корпус,meenn sɒɒnes kuuht jeer’g’ jɒd’exen’ p’eerg ja saav’ex’et koogg l’iijem koorrma saallvas sɨz’z’en’,12
PTCP.PST,7,ma,ма,Переведенный корпус,čuujgmen’ k’iihčep man’t’e zv’eer l’eev keerrma man’t’esem k’iijje l’eev koonngɒrre l’eev keerrma meenn vuejga,12
PTCP.PST,7,ma,ма,Переведенный корпус,čuujgmen’ k’iihčep man’t’e zv’eer l’eev keerrma man’t’esem k’iijje l’eev koonngɒrre l’eev keerrma meenn vuejga,12
PTCP.PST,7,ma,ма,Переведенный корпус,polxet jeb’b’ kaadxellma mɨjen pugg š’iiggten’n’e n’ik’ee čueʒa,12
PTCP.PST,7,ma,ма,kld_txt_KarNC_wedding_pt2,i vot mɨjj pud’em zamorskoj kupca pugg l’eev kebtuvvma,12
PTCP.PST,7,ma,ма,kld_txt_Kert1961_byl_o_ljajne,jebb̭e linč uinma L’ain dak tɛl’ sonn i li”,12
PTCP.PST,7,ma,ма,Переведенный корпус,žen’ix soon luun'n'en’ oollme jev loogma soon,12
PTCP.PST,7,ma,ма,kld_txt_Kert1961_nuemmel_piras,a kuhte ak'k' jamma Iiijjen’ aajjk al'l't.,12
PTCP.PST,7,ma,ма,kld_txt_Kert1961_pro_vorona_tulena_i_dikogo_olena,ja čelma čuurvedes’guejm saar’k’sev,12
PTCP.PST,7,ma,ма,kld_txt_Kert1961_pro_vorona_tulena_i_dikogo_olena,ja tuul’j l’ii končma,12
PTCP.PST,7,maɲč,манч,kld_txt_Genetz1891,tal taall l'ii laammpas pormaɲč pugg,1
PTCP1,2,men,мэн,Переведенный корпус,jel’l’eš eev’dla koavas keskes puell tooll a pɨrr ad’d’em v’ell as’te a pɨrr aaret es’tmen,1
PTCP1,2,men’,мэнҍ,kld_txt_Genetz1891,aajjan jaal ooʒmen’ paal̥’l̥’k’tuvv mɨn’n’e kaazxen’,2
PTCP1,2,men’,мэнҍ,Переведенный корпус,sonn jur’tel’ što saam’ puud’d’en’ što soon narot el’l’a jeel’l’men’,2
PTCP2,2,em,эм,kld_txt_Kert1961_pro_vorona_tulena_i_dikogo_olena,nuer’j poorrem luus kus’k’ ja jug’g’enalšem kuul’ raašk no per’a meenn karnses’t,7
PTCP2,2,em,эм,kld_txt_Kert1961_pro_vorona_tulena_i_dikogo_olena,nuer’j poorrem luus kus’k’ ja jug’g’enalšem kuul’ raašk no per’a meenn karnses’t,7
PTCP2,2,em,эм,kld_txt_Kert1961_pro_vorona_tulena_i_dikogo_olena,ujnsen aajjes’ pueddem karsen kued’ luz ja xoŋkerguud’d’en’,7
PTCP2,2,em,эм,kld_txt_Kert1961_rybolovstvo_20210223,vaallt nuur' k'eeǯ' k'aass ja voanncat nostem luz nuut' p'eel',7
PTCP2,2,em,эм,kld_txt_Kert1961_rybolovstvo_20210223,tanna eexxt olme tuerrpem muuren' el'ke tuerrpe,7
PTCP2,2,em,эм,kld_txt_Kert1961_rybolovstvo_20210223,tes't' voal’l'ten' šuurr cɨhcem k’iim’n’,7
PTCP2,2,em,эм,kld_txt_Lehtiranta_2_r’iim’ɲ_i_taale_moajnas,pɨje(j) vujjem k’eer’r’es l’eek’k’e,7
PTCP2,2,m,м,kld_txt_Kert1961_rybolovstvo_20210223,nostme k'eessev' nuut',1
PTCP?,1,em,эм,,,1
PUNCT,3,en,эн,Переведенный корпус,kast’umčiket v’iil’l’g’es roovašket mooǯes plaat’jat i jeekna kopčenedem iiǯan škoola enternaahte v’ees’s’lušše,1
PUNCT,3,n,н,kld_SAM_SG_map_20230815,paššnen’,4
PUNCT,3,n,н,Переведенный корпус,tel’e eeltnet nɨm’m’pe red’d’en’ rɨnnte i nuut’ k’eez’et k’iid’eguejm ele že eexxt olme veensen nuur’e vokgoarre nuehta a kut’es’ kut’ kuuxxt oollme kut’ p’iirаs nuut’ čoovvgev,4
PUNCT,3,n,н,Переведенный корпус,pɨjet nɨt’t’ štobe sɨjj l’iihčen’ seekksem m’eedas tes’t’ vuajj kues’s’ l’eev seekks m’eedas vuajj čuujjke udlen’n’e a kues’s’ pejjne paahka to rueppt seeks ejj jɒdd valas k’irse,4
PUNCT,3,n,н,kld_txt_Lehtiranta_2_r’iim’ɲ_i_taale_moajnas,i kaccnen,4
PUNCT,3,n˙,н˙,kld_txt_Kert1961_byl_o_ljajne,čūd˙cuer’r’v’ ɛлtɛn˙ val’l’tɛ kahcad,1
PUNCT.NPST.CNG,1,ent,энт,,,1
PUNCT.PST.3SG,2,en,эн,kld_txt_Lehtiranta_2_r’iim’ɲ_i_taale_moajnas,jeer’r’k suurrken,1
PUNCT.PST.3SG,2,ent,энт,kld_txt_Lehtiranta_3_kɒn’t’_moajnas,kɒn’n’t paj čuskent,1
Q,1,ge,гэ,,,1
REFL,2,ed,эд,kld_txt_Kert1961_jeerrkja_oollmej_bajas,oollme eel’l’ken’ saarrne parnaguejm štobe kɒmpaɲe paar’r’n soon al’n nɒɒj̥j̥tlede(h)č,1
REFL,2,edd,эдт,kld_txt_Kert1961_jeerrkja_oollmej_bajas,eexxt paar’r’n ɒɒš’s’tjuve nɒɒj̥j̥tledde,1
SG.ACC,1,(e),(э),,,2
SG.DAT,1,e,э,,,1
SG.LOC,1,est,эст,,,1
SUB,1,neg,нэг,,,1
SUF,10,a,а,Переведенный корпус,a mudda a lɨhkev kuk’a el’e an’exa k’iihčev kooxxt iiž’es’ rooŋ’ŋ’k’ i meenn kugga bɨdd,1
SUF,10,d,д,Переведенный корпус,ext s'err nɨm'm'p' tɨvnede taallen’ ja el'k'e pl'ass'je.,1
SUF,10,el,эл,kld_txt_Kert1961_pro_vorona_tulena_i_dikogo_olena,luuj̥ke ja eženes’ jɒddseleškud’e,1
SUF,10,ell,элл,kld_txt_Lehtiranta_2_r’iim’ɲ_i_taale_moajnas,i jel’l’e lɨggxelle s’eejpe(j)tant,1
SUF,10,eš’,эшь,Переведенный корпус,saajmet k’iičet sutken eex’x’teš’,1
SUF,10,j,й,Переведенный корпус,nuurrmuss l'ajj čeehp' pl'ass'je,3
SUF,10,j,й,Переведенный корпус,munn l'aa čeehp' s'iirre a tonn pl'as’s'je,3
SUF,10,j,й,Переведенный корпус,ext s'err nɨm'm'p' tɨvnede taallen’ ja el'k'e pl'ass'je.,3
SUF,10,l,л,kld_txt_Kert1961_pro_vorona_tulena_i_dikogo_olena,al’tla puud’e ujjn kuuht nuer’j al’ka kuedes’t valas k’irsellev ja xur’g’sev,1
SUF,10,n,н,kld_txt_Kert1961_pro_vorona_tulena_i_dikogo_olena,sɨjj karrev p’alpnev moast jeen’es’ gɒrre,2
SUF,10,n,н,kld_txt_Lehtiranta_2_r’iim’ɲ_i_taale_moajnas,s’eejjp ejj lɨggneškued’(e),2
SUF,10,ne,нэ,Переведенный корпус,ext s'err nɨm'm'p' tɨvnede taallen’ ja el'k'e pl'ass'je.,1
SUF,10,s,с,kld_txt_Kert1961_pro_vorona_tulena_i_dikogo_olena,luuj̥ke ja eženes’ jɒddseleškud’e,2
SUF,10,s,с,kld_txt_Lehtiranta_2_r’iim’ɲ_i_taale_moajnas,taall lɨggses’te(j),2
SUF.IMP.SG,1,est,эст,,,1
SUF.PST.3SG,2,ej,эй,Переведенный корпус,pl'assej taall mooǯtenne per'e,1
SUF.PST.3SG,2,eč,эч,kld_txt_Lehtiranta_2_r’iim’ɲ_i_taale_moajnas,kuunteč vaarra,1
SUFF,2,j,й,kld_txt_Kert1961_pro_vorona_tulena_i_dikogo_olena,luvvtjev paj jeem’m’n’e vuessta vuegg,1
SUFF,2,n,н,Переведенный корпус,pɨɨjet v’aret kɨp’ta v’arr v’arr k’iirken pooret,2
SUFF,2,n,н,kld_txt_Kert1961_pro_vorona_tulena_i_dikogo_olena,a pɒššemb’elt kued kerrnev kuuht kɒn’t’ parna,2
SUFF),1,as,ас,,,1
SUFF.PST.3SG,2,end,энд,kld_txt_Kert1961_pro_vorona_tulena_i_dikogo_olena,ja n’učkej tuaras’(t) ken’ce p’alpend,1
SUFF.PST.3SG,2,es’t,эсьт,kld_txt_Kert1961_pro_vorona_tulena_i_dikogo_olena,ɒres’t ɒres’t ja vaan’n’cel’ kesktamus n’iijjta,2
SUFF.PST.3SG,2,es’t,эсьт,kld_txt_Kert1961_pro_vorona_tulena_i_dikogo_olena,ɒres’t ɒres’t ja vaan’n’cel’ kesktamus n’iijjta,2
SUP,5,a,а,kld_txt_Kert1961_nuemmel_piras,puarsamuss al'l'k ujte l’eejp paštjen' vuepsuvve,1
SUP,5,amus,амус,kld_txt_Kert1961_pro_vorona_tulena_i_dikogo_olena,ja vel’k’e puarsamus n’iijda kuessa,2
SUP,5,amus,амус,kld_txt_Kert1961_pro_vorona_tulena_i_dikogo_olena,ɒres’t ɒres’t ja vaan’n’cel’ kesktamus n’iijjta,2
SUP,5,amuss,амусс,Переведенный корпус,puarrsamuss al'l'k’ l'ajj čeehp' s’iirre garmon'an’,4
SUP,5,amuss,амусс,Переведенный корпус,puarrsamuss saarrn v'iil'jas,4
SUP,5,amuss,амусс,kld_txt_Kert1961_pro_vorona_tulena_i_dikogo_olena,vɒl’te kaallsas’t puarsamuss n’iijd,4
SUP,5,amuss,амусс,kld_txt_Kert1961_pro_vorona_tulena_i_dikogo_olena,vɒl’te keessktamuss n’iijd kuujje,4
SUP,5,mus,мус,kld_txt_Kert1961_byl_o_ljajne,i sama jenmus tōл pul’l’ɐv suллɛs’,1
SUP,5,muss,мусс,Переведенный корпус,nuurrmuss l'ajj čeehp' pl'ass'je,5
SUP,5,muss,мусс,kld_txt_Kert1961_nuemmel_piras,kesklamuss nɨjp sahp’e čir'r'e pɨje.,5
SUP,5,muss,мусс,kld_txt_Kert1961_nuemmel_piras,nurmuss el'ke robxušše lɨhke p’eecet’.,5
SUP,5,muss,мусс,kld_txt_Kert1961_pro_vorona_tulena_i_dikogo_olena,vɒl’te nuurmuss n’iijd,5
SUP,5,muss,мусс,kld_txt_Kert1961_pro_vorona_tulena_i_dikogo_olena,tes’t kalsenč vuud’e nɨm’m’p ɨj ja kualmant p’eejv’ vaan’n’cel’ nuurmuss n’iijjtas kuessa,5
VBLZ,6,j,й,kld_txt_Kert1961_pro_vorona_tulena_i_dikogo_olena,kued al’n’ kuuxxt kaar’nes’ al’ka kiersellev ja luuvvtjev,1
VBLZ,6,l,л,kld_txt_Kert1961_pro_vorona_tulena_i_dikogo_olena,ɨjas kɒmladd vued’d’e tol’ke mušt,1
VBLZ,6,n,н,Переведенный корпус,čuud’d’čuer’r’v pajnal s’aamn’es’ pel̥t paar’net’ an’ paar’r’ne poaččev,1
VBLZ,6,s,с,kld_txt_Kert1961_pro_vorona_tulena_i_dikogo_olena,ja čelma čuurvedes’guejm saar’k’sev,1
VBLZ,6,ušš,ушш,Переведенный корпус,kast’umčiket v’iil’l’g’es roovašket mooǯes plaat’jat i jeekna kopčenedem iiǯan škoola enternaahte v’ees’s’lušše,1
VBLZ,6,š,ш,kld_txt_Kert1961_pro_vorona_tulena_i_dikogo_olena,nuer’j poorrem luus kus’k’ ja jug’g’enalšem kuul’ raašk no per’a meenn karnses’t,1
VBLZ.INCH,1,n,н,,,3
VBLZ.NPST.3SG,1,at,ат,,,1
VBLZ.PST.3SG,3,el,эл,kld_txt_Itkonen1931_6_page254,pajjel,1
VBLZ.PST.3SG,3,el’,эль,kld_txt_Kert1961_pro_vorona_tulena_i_dikogo_olena,ja kɒmmel’ n’iijtes’ š’iidenč sajja,1
VBLZ.PST.3SG,3,ent,энт,kld_txt_Lehtiranta_2_r’iim’ɲ_i_taale_moajnas,voal’te s’eejpes pajent,1
VBLZ1,1,š,ш,,,2
АСС.PL,1,et’,этҍ,,,1
БЫК.NOM.SG,1,jeer’r’k,ēррьк,,,1
БЫТЬ.NPST.3SG,1,l’ii,лӣ,,,1
ВАГИНА.NOM.SG,1,kuun’n’,кӯннҍ,,,1
ВЕЖА,1,guad,гуад,,,1
ВОТ,1,del’,дэль,,,1
ВУАЙВА,1,vuajva,вуайва,,,2
ГДЕ,1,gast,гаст,,,1
ДЕРЕВО,1,muur,мӯр,,,2
ДЕСЯТЬ,1,lɒg’g’,лоагкь,,,6
ДЕСЯТЬ.NOM,1,lɒg’g’,лоагкь,,,2
ДОЖДЬ,1,aab’r’,а̄бьр,,,1
ЖЕ,1,še,шэ,,,1
ЖИТЬ,3,jeell,ēлл,kld_txt_Genetz1891,čaaʒ'jeelle kab'b'er' sɨz l'iiške(j) t'iiŋ’ke(j)t kab'b'er' sɨzn raajjk pugg koollken' kobba,1
ЖИТЬ,3,jel'l',елль,kld_txt_Genetz1891,čaaʒ'jel'l'e puud'e(j) man'(e) kukxelk mune,2
ЖИТЬ,3,jel'l',елль,kld_txt_Genetz1891,nu tal'e čaaʒ’jel'l'e puud'e saaml’eɲče c'aal̥l̥ka,2
ЖИТЬ,3,jell,елл,kld_txt_Genetz1891,sonn paarna mene(j) jaavvra jordan jus't'e kukxel'l'e čaaʒ'jelle,3
ЖИТЬ,3,jell,елл,kld_txt_Genetz1891,čaaʒ'jelle puude(j) t’iiŋ’ke(j)t i pɨt’e saaml’eɲče kab’b’er' sɨz lɨške(j) kab’b’er' lak’ šante,3
ЖИТЬ,3,jell,елл,kld_txt_Genetz1891,čaz'jelle moaze jaavvra čoaŋe,3
КАКОЙ_ИЗ_ДВУХ,1,kɒmpa,коампа,,,1
КЕРЁЖА,1,k’eer’r’s,кēррьс,,,2
КЕРЁЖА.?.SG,1,k’eer’r’es,кēррес,,,1
КОСТЬ.NOM.PL,1,taaf’t,та̄фьт,,,1
КТО.NOM.PL,1,k’eegg,кēгк,,,1
КТО.NOM.SG,1,k’ee,кē,,,5
МЕДВЕДЬ.NOM.SG,1,taall,та̄лл,,,1
МЕСТО,1,sajj,сайй,,,1
МЕСТО.NOM.SG,1,sajj,сайй,,,1
МОЛ,2,gul,гул,kld_txt_KarNC_wedding_pt2,no ladno mɨjj zamorske kupcagul jɒd’d’ep’ m’iinen’ l’eev pugg l’ekarstva mɨjjgul an’n’t’ep’ tɨjjegul,21
МОЛ,2,gul,гул,kld_txt_KarNC_wedding_pt2,no ladno mɨjj zamorske kupcagul jɒd’d’ep’ m’iinen’ l’eev pugg l’ekarstva mɨjjgul an’n’t’ep’ tɨjjegul,21
МОЛ,2,gul,гул,kld_txt_KarNC_wedding_pt2,no ladno mɨjj zamorske kupcagul jɒd’d’ep’ m’iinen’ l’eev pugg l’ekarstva mɨjjgul an’n’t’ep’ tɨjjegul,21
МОЛ,2,gul,гул,kld_txt_KarNC_wedding_pt2,juuggen’ ja vɒɒllen’ l’ekarstvat’ ja c’aal̥l̥k maaxxtgul,21
МОЛ,2,gul,гул,kld_txt_KarNC_wedding_pt2,a mustgul čaapex kal’l’m’,21
МОЛ,2,gul,гул,kld_txt_KarNC_wedding_pt2,čaapex kal’l’m’ no l’eev m’iines’t’ lɨhcep’gul,21
МОЛ,2,gul,гул,kld_txt_KarNC_wedding_pt2,c’aal̥l̥k: mustgul čal’m’ jev ujn t’iinet’ emm vuej vɨgge,21
МОЛ,2,gul,гул,kld_txt_KarNC_wedding_pt2,a mɨjjgul zamorskoj kupca lep puedʼdʼep dak toon lehcepgul”,21
МОЛ,2,gul,гул,kld_txt_KarNC_wedding_pt2,a moostgul puuvl kal’l’m’ev”,21
МОЛ,2,gul,гул,kld_txt_KarNC_wedding_pt2,čalʼmʼgul jev ujn”,21
МОЛ,2,gul,гул,kld_txt_KarNC_wedding_pt2,da munn čilʼmʼenʼ lɨccagul toost.”,21
МОЛ,2,gul,гул,kld_txt_KarNC_wedding_pt2,a munngul šen’te dak šen’tedas mustgul puvle al’n nugge dak mus(t)gul pugnen’dekke,21
МОЛ,2,gul,гул,kld_txt_KarNC_wedding_pt2,a munngul šen’te dak šen’tedas mustgul puvle al’n nugge dak mus(t)gul pugnen’dekke,21
МОЛ,2,gul,гул,kld_txt_KarNC_wedding_pt2,a munngul šen’te dak šen’tedas mustgul puvle al’n nugge dak mus(t)gul pugnen’dekke,21
МОЛ,2,gul,гул,kld_txt_KarNC_wedding_pt2,sarfann pugg pueggej dak mustgul tejn l’ii vajjv,21
МОЛ,2,gul,гул,kld_txt_KarNC_wedding_pt2,at’t’ ju pug lɨhce bɨddgul,21
МОЛ,2,gul,гул,kld_txt_KarNC_wedding_pt2,lɨhcep’gul,21
МОЛ,2,gul,гул,kld_txt_KarNC_wedding_pt2,talagul l’ii toon kɒɒbsess,21
МОЛ,2,gul,гул,kld_txt_KarNC_wedding_pt2,a mezgul l’eev čuen’n’e,21
МОЛ,2,gul,гул,kld_txt_KarNC_wedding_pt2,a m’iines’(t’)gul l’eev vaal’ rueč,21
МОЛ,2,gul,гул,kld_txt_KarNC_wedding_pt2,mɨjjgul taabxep’gul”,21
МОЛ,2,gul”,гул”,kld_txt_KarNC_wedding_pt2,a keebbtuv’v’egul”,3
МОЛ,2,gul”,гул”,kld_txt_KarNC_wedding_pt2,a mɨjjgul zamorskoj kupca lep puedʼdʼep dak toon lehcepgul”,3
МОЛ,2,gul”,гул”,kld_txt_KarNC_wedding_pt2,mɨjjgul taabxep’gul”,3
МУЖИК,1,kaalls,ка̄ллс,,,3
МУЖИК.DIM.NOM.SG,1,kaalls,ка̄ллс,,,1
МУЖЧИНА,1,kaalls,ка̄ллс,,,5
НА,1,eel,э̄л,,,1
НА.DAT,2,eel,э̄л,Переведенный корпус,ɨštem sɒɒneel kut’i kolma oollme,3
НА.DAT,2,eel,э̄л,Переведенный корпус,ɨštem sɒɒneel ja vɨjjl’em,3
НА.DAT,2,eel,э̄л,Переведенный корпус,čuujgem saav’ex’eguejm meenem peejnem m’iilgnes ur’d’eel,3
НА.DAT,2,vuajva,вуайва,Переведенный корпус,vɨjjl’em mɨjj jeek’na sijd’es čaar paaj̥k’ gɒrre ɒd’d’emvuajvaeel,2
НА.DAT,2,vuajva,вуайва,Переведенный корпус,vɨjjl’em mɨjj jeek’na sijd’es čaar paaj̥k’ gɒrre ɒd’d’emvuajvaeel,2
НА.LOC,1,al’n,альн,,,1
ОБРАЗ,1,nal,нал,,,1
ОЗЕРО.GEN.SG,1,j’aav’r’,йа̄вьр,,,1
ОКОЛО,1,v’eer’t’,вēрьт,,,1
ПАРЕНЬ.NOM.SG,1,paar’r’n,па̄ррьн,,,1
ПОЛОВИНА.ACC.SG,2,b’eel’,бēль,Переведенный корпус,jeen’n’b’eel’l’ sraaze ejj šɒbšeškuadda n’iijjtb’eel’es’,1
ПОЛОВИНА.ACC.SG,2,p’eel’,пēль,Переведенный корпус,jeen’n’p’eel’l’ sernna soon ejj šɒbša i paje jur’te kooxxt bɨ vɨjxe n’iijjtp’eel’ per̥tes’ pɒɒge,1
ПОЛОВИНА.GEN.SG,2,b’eel’,бēль,kld_txt_KarNC_wedding_pt2,tudde jeen’n’b’eel’ gɒr’r’,1
ПОЛОВИНА.GEN.SG,2,pel’,пэль,kld_txt_Kert1961_nuemmel_piras,a kuht n’iijtpel’ l’iijen’ monaška,1
ПОЛОВИНА.NOM.3SG,1,p’eel’l’,пēлль,,,1
ПОЛОВИНА.NOM.PL,1,pel,пэл,,,1
ПОЛОВИНА.NOM.SG,1,b’eel’l’,бēлль,,,7
ПОРЦИЯ.ACC.SG,1,tuer’v,туэрьв,,,1
РАЗ.NOM.SG,1,vuer,вуэр,,,3
РОД,1,gɒn’c’,гоанҍц,,,1
РЫБА,1,kul’l’,кулль,,,1
РЫБА.ACC.SG,1,kuul’,кӯль,,,1
СAUS,1,t,т,,,1
СAUS.PST.3SG,1,ed,эд,,,1
СNG.PST,1,a,а,,,1
СOLL,1,es’,эсь,,,1
СOM.SG,1,ɛn˙,н˙,,,1
СOMP.ATT,1,amuše,амушэ,,,1
САНИ,1,soan,соан,,,2
СВЕРХ,2,emp’,эмьп,kld_txt_KarNC_deers,ad’d’ m’iines’t’ kolxozes’t cuez šende vɨddemp’lɒg’g’ tɒfant,1
СВЕРХ,2,em’p’,эмьп,kld_txt_KarNC_deers,aǯ’san l’aajj čuud’(d’) p’eel’l’em’p’ l’aajj,2
СВЕРХ,2,em’p’,эмьп,kld_txt_KarNC_deers,jesl’i k’ees’ l’ii lɒg’mat’ l’ibo vɨddem’p’lɒg’g’,2
СНЕГ.NOM.SG,1,veeʒ,вэ̄дж,,,2
СПИНА,1,s’aal(‘)g,ся̄л(‘)г,,,1
СПОСОБ,2,naall,на̄лл,Переведенный корпус,jur’te kaal’l’es’ vaal’l’te nɨzan kuu šendahč go rɒdne jeen’n’ n’iijtaja a vɨjte muddanaalla,1
СПОСОБ,2,nall,налл,Переведенный корпус,soonn s’iirrej jug’g’enalla,1
СТАРИК,1,kaalls,ка̄ллс,,,1
СТО.NOM.SG,1,čudʼdʼ,чудт,,,1
СТОРОНА,8,b’aall,бя̄лл,kld_txt_Kert1961_jeerrkja_oollmej_bajas,eex’x’teš’(t’) nɨm’(p’)b’aalla jaav’r’ puud’d’en’ ruuc,1
СТОРОНА,8,b’e(e)l’,бе(э)ль,kld_SAM_SG_map_20230815,činč(ev)es’b’e(e)l’ valas jɒd’d’e,1
СТОРОНА,8,b’eel’l’,бēлль,Переведенный корпус,keskes’t’ koollset’ kuud’et’ mugga al’a saja a vuul’em’b’eel’l’ lɨgget raajk,2
СТОРОНА,8,b’eel’l’,бēлль,kld_txt_KarNC_wedding,kuennt možet pɨht tam’b’e štof ven’n’e’ ja pɨht čuarb’eel’l’ vueɲɲče,2
СТОРОНА,8,b’el’l’,белль,kld_txt_Kert1961_pro_vorona_tulena_i_dikogo_olena,kued’ muurren’ l’iijen’ jeer̥’r̥’tb’el’l’taaf’t,1
СТОРОНА,8,goarr,гоарр,Переведенный корпус,tel’e eeltnet nɨm’m’pe red’d’en’ rɨnnte i nuut’ k’eez’et k’iid’eguejm ele že eexxt olme veensen nuur’e vokgoarre nuehta a kut’es’ kut’ kuuxxt oollme kut’ p’iirаs nuut’ čoovvgev,1
СТОРОНА,8,gɒrr,гоарр,Переведенный корпус,čuujgmen’ k’iihčep man’t’e zv’eer l’eev keerrma man’t’esem k’iijje l’eev koonngɒrre l’eev keerrma meenn vuejga,1
СТОРОНА,8,gɒr’r’,гоаррь,Переведенный корпус,toolgɒr’r’en’ kɨp’ten man’n’ o šal’d,1
СТОРОНА,8,p’aall,пя̄лл,kld_txt_Lehtiranta_3_kɒn’t’_moajnas,jeel’ pɨj(e) paarnaj kooɲɲčtuul’j vuus’s’temp’aalla kued’(e),4
СТОРОНА,8,p’aall,пя̄лл,kld_txt_Lehtiranta_3_kɒn’t’_moajnas,pɨjax vuus’s’temp’aalla kued’(e),4
СТОРОНА,8,p’aall,пя̄лл,kld_txt_Lehtiranta_3_kɒn’t’_moajnas,aak’k’ pɨje(j) vuus’s’temp’aalla kued’(e) kooɲɲčtuul’j,4
СТОРОНА,8,p’aall,пя̄лл,kld_txt_Lehtiranta_3_kɒn’t’_moajnas,puud’e(j) m’iidmeɲčp’aalla kued’(e),4
СТОРОНА?,3,b’all,бялл,kld_txt_Kert1961_pro_vorona_tulena_i_dikogo_olena,ja kɒdes’t poššemb’alla kued’,1
СТОРОНА?,3,b’elt,белт,kld_txt_Kert1961_pro_vorona_tulena_i_dikogo_olena,a pɒššemb’elt kued kerrnev kuuht kɒn’t’ parna,1
СТОРОНА?,3,b’el’t,бельт,kld_txt_Kert1961_pro_vorona_tulena_i_dikogo_olena,siirrev poššemb’el’t kued’,1
СУП.ACC.SG,1,v’aar,вя̄р,,,1
ТО,1,det(t),дэт(т),,,1
УРРЬТ,1,urrt,уррт,,,1
УРРЬТ.NOM.SG,1,ur’r’d’,уррьд,,,1
ЧЁРТ.GEN.SG,1,čaan,ча̄н,,,1
ЧЕЛОВЕК,3,olm,олм,kld_txt_Lehtiranta_2_r’iim’ɲ_i_taale_moajnas,t’eelle eellmolmeɲǯ puadd,1
ЧЕЛОВЕК,3,olmejt,олмэйт,kld_txt_Genetz1891,olmuj c'aal̥l̥ka što m'ii l'aak tonn v’iɨggolmejt egg vuajje mune kab’b’er' t’iivvte(d),1
ЧЕЛОВЕК,3,oollm,о̄ллм,kld_txt_Lehtiranta_3_kɒn’t’_moajnas,eellmoollme paar’n kooɲɲč,3
ЧЕЛОВЕК,3,oollm,о̄ллм,kld_txt_Lehtiranta_3_kɒn’t’_moajnas,eellmoollme aak’k’ vel’l’ej,3
ЧЕЛОВЕК,3,oollm,о̄ллм,kld_txt_Lehtiranta_3_kɒn’t’_moajnas,kas’t i koon m’iissteg tuug’g’en’ eellmoollme paar’r’n tuun(en) šɨll,3
ЧЕЛОВЕК.NOM.SG,1,olma,олма,,,1
ЧТО,1,šte,штэ,,,1
ЧТО.ACC.SG,2,meenn,мэ̄нн,kld_GGM_SG_map_202308D,больше emm t’ii(d’) n’imeenn,3
ЧТО.ACC.SG,2,meenn,мэ̄нн,kld_txt_Kert1961_jeerrkja_oollmej_bajas,jebb ujn ɲimeenn,3
ЧТО.ACC.SG,2,meenn,мэ̄нн,Переведенный корпус,a l’aajj n’iijta v’aal uc’c’ i ejj šɨl̥kxa n’imeenn lɨhke,3
ЧТО.ACC.SG,2,men,мэн,Переведенный корпус,jel'l'e saarne ɲimen,1
ЧТО.NOM.SG,1,m’ii,мӣ,,,3
ЧТО.SG.ACC,1,meenn,мэ̄нн,,,1
ШКУРА.ACC.SG,1,tuul’j,тӯлй,,,2
ШКУРА.NOM.SG,1,tuul’l’j,тӯллй,,,1
ЭТОТ.ILL.SG?,1,des,дэс,,,1
ЭТОТ.LOC.SG,1,des’t’,дэсьт,,,2
