meaning,meaning_cnt,allomorph,allomorph_cyr,title,full_text,form_cnt
(вверх,1,paj,пай,,,1
/,1,/,/,,,10
1PL,1,m’iin,мӣн,,,1
1PL.LOC,1,mez,мэз,,,1
1PL.NOM,1,mɨjj,мыйй,,,3
1SG,2,mun,мун,kld_txt_Genetz1891,oxo tel’ jesk mune m’iil’l’te l’ii,2
1SG,2,mun,мун,Переведенный корпус,ɨšteht’ iiǯant n’iijt sɒɒne eel ja vɨje vaarra i kuud’e soon tɒge an’ muuɲɲg’en’ kallm čal’m mune jeve kičehče soon eel p’eel’j jeve kullehče soone jiin,2
1SG,2,mɨn’n’,мыннҍ,kld_txt_Genetz1891,aajjan jaal ooʒmen’ paal̥’l̥’k’tuvv mɨn’n’e kaazxen’,1
1SG.LOC,2,mus(t),мус(т),kld_txt_KarNC_wedding_pt2,a munngul šen’te dak šen’tedas mustgul puvle al’n nugge dak mus(t)gul pugnen’dekke,1
1SG.LOC,2,must,муст,kld_txt_KarNC_wedding_pt2,a munngul šen’te dak šen’tedas mustgul puvle al’n nugge dak mus(t)gul pugnen’dekke,3
1SG.LOC,2,must,муст,kld_txt_KarNC_wedding_pt2,sarfann pugg pueggej dak mustgul tejn l’ii vajjv,3
1SG.LOC,2,must,муст,kld_txt_KarNC_wedding_pt2,dak must čuun’n’e rueč l’eev”,3
1SG.NOM,2,munn,мунн,kld_txt_KarNC_wedding_pt2,a munngul šen’te dak šen’tedas mustgul puvle al’n nugge dak mus(t)gul pugnen’dekke,2
1SG.NOM,2,munn,мунн,kld_txt_KarNC_wedding_pt2,nu at’t’ munn tala kooz,2
1SG.NOM,2,sonn,сонн,kld_txt_Genetz1891,no sonn oašte paal̥’l̥’k’tuvv,1
1pl,4,m'iinn,мӣнн,Переведенный корпус,tonn mej pueres' čaann eg'g' pɨhta m'iinne lɒj̥et' kɒl'l'et' ja mooǯes' šolk ɒɒsset',1
1pl,4,mɨj,мый,Переведенный корпус,polxet jeb’b’ kaadxellma mɨjen pugg š’iiggten’n’e n’ik’ee čueʒa,1
1pl,4,mɨjj,мыйй,Переведенный корпус,kolxos ad’d’e mɨjjen’,4
1pl,4,mɨjj,мыйй,Переведенный корпус,ja tel’e čuujjglem puudem tenn sajja kas’s’ mɨjj l’iijem kuedda sɒɒn puuʒe ja lɨlmɨ pɒp činnen mɨjje vkuusnɨ p’eerg,4
1pl,4,mɨjj,мыйй,kld_txt_Genetz1891,с'eel̥’l̥'k’en' mann mɨjje ejj šaan't’ al'ke,4
1pl,4,mɨjj,мыйй,kld_txt_Lehtiranta_2_r’iim’ɲ_i_taale_moajnas,meejt mɨjje ejj pɒbbeht,4
1pl,4,m’iin,мӣн,Переведенный корпус,čeexxč puadd m’iine pɒɒjkes najabres dekaаbr mаanas,10
1pl,4,m’iin,мӣн,Переведенный корпус,sijd’es’ m’iinet pood’d’en pravažat jeen’ až’ i v’iil’j tɒɒvvrež vuep’s’ej i mudda oollme,10
1pl,4,m’iin,мӣн,Переведенный корпус,m’iinet pugg š’iiggten’n’e vstr’eetelen,10
1pl,4,m’iin,мӣн,Переведенный корпус,v koolas mɨjj sraazaže puuʒet m’iine uj̥deš vaarra,10
1pl,4,m’iin,мӣн,Переведенный корпус,tenn paxodes m’iineguejm l’iijjen puadda kar’elsk’i parna,10
1pl,4,m’iin,мӣн,Переведенный корпус,i tenn v’eečres kuu l’aajj kug’g’ meene m’iine b’eda mooǯten’n’e,10
1pl,4,m’iin,мӣн,kld_txt_KarNC_deers,ruup’p’s’es’ čum eevvdel’ jev el’l’ij m’iines’t’,10
1pl,4,m’iin,мӣн,kld_txt_KarNC_wedding_pt2,no ladno mɨjj zamorske kupcagul jɒd’d’ep’ m’iinen’ l’eev pugg l’ekarstva mɨjjgul an’n’t’ep’ tɨjjegul,10
1pl,4,m’iin,мӣн,kld_txt_KarNC_wedding_pt2,čaapex kal’l’m’ no l’eev m’iines’t’ lɨhcep’gul,10
1pl,4,m’iin,мӣн,Переведенный корпус,n’iijjta paar’r’n’ ponrav’dede i cɒɒr al’l’k’ i kaallsa n’iijjt nɒɒj̥j̥tledden’ i jeel’ešuud’d’en’ š’iiggten’n’e i tenna rajja jeellev i m’iinet’ kuessa kɒhčev,10
1pl.gen,1,m’iin,мӣн,,,2
1pl.nom,1,mɨjj,мыйй,,,20
1sg,6,mon’n’,моннҍ,Переведенный корпус,eexxt paar’r’n c’aal̥l̥k munn vuelka tol’ke mon’n’e tovruš bɨdd,1
1sg,6,mun,мун,kld_txt_Genetz1891,čaaʒ'jel'l'e puud'e(j) man'(e) kukxelk mune,5
1sg,6,mun,мун,kld_txt_Genetz1891,tonn mank tun g'ačča jaavr' evvtel' mune,5
1sg,6,mun,мун,kld_txt_Genetz1891,egg meneɲe evvtel' mune tax munn poora(m) toone,5
1sg,6,mun,мун,kld_txt_Genetz1891,oxo evvtel' mune puud'd'ek,5
1sg,6,mun,мун,kld_txt_Genetz1891,olmuj c'aal̥l̥ka što m'ii l'aak tonn v’iɨggolmejt egg vuajje mune kab’b’er' t’iivvte(d),5
1sg,6,munn,мунн,Переведенный корпус,sonn c’eel̥’l̥’k’ munngul vaalta,3
1sg,6,munn,мунн,Переведенный корпус,a munn kɨgeškuada a tɨjj kultlegge,3
1sg,6,munn,мунн,Переведенный корпус,vot munn t’iinet' spas’s’je vojnas't' rucet' vɨg'g'e paak' tuug’g’en',3
1sg,6,muun,мӯн,kld_txt_Lehtiranta_1_r’iim’ɲ_moajnas,r’iimmɲ saarrn čte jeel’ poor(e)[b] muun(e),1
1sg,6,mɨn'n',мыннҍ,Переведенный корпус,ad'd' lɨhk’e mɨn'n'e odd kued' ja kaaht’e,1
1sg,6,mɨn’n’,мыннҍ,kld_txt_Genetz1891,no l'aaɲč at't' kul mɨn’n’e t’iiŋ’k’e(j)t’ ejj bɨdd jenamp,7
1sg,6,mɨn’n’,мыннҍ,Переведенный корпус,jel'l'e poačke naad’jedde mɨn’n’e,7
1sg,6,mɨn’n’,мыннҍ,Переведенный корпус,juug’g’e čer'krɨgge luuhpl’es't’ čuur'v’et' ja pɨht’e mɨn’n’e,7
1sg,6,mɨn’n’,мыннҍ,kld_txt_Lehtiranta_2_r’iim’ɲ_i_taale_moajnas,mɨn’n’e c’aal̥l̥k pɒbbeht kuul’l’,7
1sg,6,mɨn’n’,мыннҍ,kld_txt_Lehtiranta_3_kɒn’t’_moajnas,ibe mɨn’n’e tuun ɲiɲɲč,7
1sg,6,mɨn’n’,мыннҍ,Переведенный корпус,tonn l’aax mɨn’n’e čofta m’iil’l’e vɨjd mɨn’n’e kuujje,7
1sg,6,mɨn’n’,мыннҍ,Переведенный корпус,tonn l’aax mɨn’n’e čofta m’iil’l’e vɨjd mɨn’n’e kuujje,7
1sg.NOM,1,munn,мунн,,,2
1sg.acc,3,mun,мун,Переведенный корпус,i vaa(l’)l’t’ n’ik’ee mun meer’r’e,1
1sg.acc,3,mune,мунэ,Переведенный корпус,Oalkembel't uks tueg jeg'g'e šuurr keelten’ ja karvul'l'e mune kuuht'e kaalse koolmet' sutket',1
1sg.acc,3,muun(,мӯн(,kld_txt_Lehtiranta_3_kɒn’t’_moajnas,egg ujn bol’še muun(e),1
1sg.gen,3,mun,мун,Переведенный корпус,k’aas’s’et’ sama mooǯes’ ja š’iig puuʒet’ ja vɨge mun n’iijta vaarra ja kuud’e tenn še sajja kooz kuud’d’ex’ iižant n’iijt,1
1sg.gen,3,muun,мӯн,kld_txt_Lehtiranta_1_r’iim’ɲ_moajnas,kɨr’j(e)(h)t muun(e) s’eel’g,1
1sg.gen,3,muun(,мӯн(,kld_txt_Lehtiranta_3_kɒn’t’_moajnas,kooz vɨl’ke(j) muun(e) aǯ’,1
1sg.loc,3,moost,мо̄ст,kld_txt_KarNC_wedding_pt2,a moostgul puuvl kal’l’m’ev”,1
1sg.loc,3,most,мост,Переведенный корпус,a nɨm’p’ puadd i vuejj i šurnant paar’n’ eel štɒ munn puada toon konta men guejka most tovruž kon’tex,1
1sg.loc,3,must,муст,kld_txt_KarNC_wedding_pt2,a mustgul čaapex kal’l’m’,3
1sg.loc,3,must,муст,kld_txt_KarNC_wedding_pt2,c’aal̥l̥k: mustgul čal’m’ jev ujn t’iinet’ emm vuej vɨgge,3
1sg.loc,3,must,муст,kld_txt_Lehtiranta_2_r’iim’ɲ_i_taale_moajnas,meejtl’aaɲɲǯ must s’eejjp ejj lɨggent,3
1sg.nom,4,mun(n),мун(н),kld_txt_Lehtiranta_1_r’iim’ɲ_moajnas,porssa(h)t[c] k’een mun(n) poor(e)ččem,7
1sg.nom,4,mun(n),мун(н),kld_txt_Lehtiranta_1_r’iim’ɲ_moajnas,k’een mun(n) poorččem,7
1sg.nom,4,mun(n),мун(н),kld_txt_Lehtiranta_1_r’iim’ɲ_moajnas,r’iimmɲ saarrn čte mun(n) kɨr’j(e)xem,7
1sg.nom,4,mun(n),мун(н),kld_txt_Lehtiranta_1_r’iim’ɲ_moajnas,taall saarrn čte mun(n) (j)iiǯ’ǯ’ pugg lɨggam,7
1sg.nom,4,mun(n),мун(н),kld_txt_Lehtiranta_1_r’iim’ɲ_moajnas,mun(n) i tuun(e) rast rɒd’d’(e)jam,7
1sg.nom,4,mun(n),мун(н),kld_txt_Lehtiranta_2_r’iim’ɲ_i_taale_moajnas,mun(n) t’eellagast vuaŋkam kuul’(e),7
1sg.nom,4,mun(n),мун(н),kld_txt_Lehtiranta_3_kɒn’t’_moajnas,tɒge ša i mun(n) vɨlgam vuaggeẟ,7
1sg.nom,4,munn,мунн,Переведенный корпус,kuddlɒg’g’ kualmante ɨg’es’ janvari maanas’ munn učenekam’i avcand klaases’ vɨjjl’em čiirre puuʒeguejm,7
1sg.nom,4,munn,мунн,Переведенный корпус,tes’t’ ufšten geagraafe munn rɒst mɒɒj(n)se parnat pugg čaar bajas kooxxt ad’d’ izmen’iilsa čaarr tejja ɨg’e kooxxt jeel’ešued’d’eš per’a i tag daale,7
1sg.nom,4,munn,мунн,kld_txt_Genetz1891,egg meneɲe evvtel' mune tax munn poora(m) toone,7
1sg.nom,4,munn,мунн,kld_txt_KarNC_wedding_pt2,da munn čilʼmʼenʼ lɨccagul toost.”,7
1sg.nom,4,munn,мунн,kld_txt_Lehtiranta_1_r’iim’ɲ_moajnas,munn vuelgam t’eellagas vuer’dessam,7
1sg.nom,4,munn,мунн,Переведенный корпус,eexxt paar’r’n c’aal̥l̥k munn vuelka tol’ke mon’n’e tovruš bɨdd,7
1sg.nom,4,munn,мунн,Переведенный корпус,a nɨm’p’ puadd i vuejj i šurnant paar’n’ eel štɒ munn puada toon konta men guejka most tovruž kon’tex,7
1sg.nom,4,mu͔nn,мунн,kld_txt_Kert1961_byl_o_ljajne,sonn li muggɛ man’tɛm’ mu͔nn l’a,2
1sg.nom,4,mu͔nn,мунн,kld_txt_Kert1961_byl_o_ljajne,ni̮tše paŋk simnɛn˙ råŋŋk muggɛ šɛ man’tɛm’ mu͔nn l’a,2
1sg.nom,4,“munn,“мунн,kld_txt_KarNC_wedding_pt2,sʼiisʼsʼ cʼaal̥l̥k “munn emm vuej saarrne”.,1
2SG.NOM,1,tonn,тонн,,,1
2pl,2,tɨjj,тыйй,kld_txt_KarNC_wedding_pt2,no ladno mɨjj zamorske kupcagul jɒd’d’ep’ m’iinen’ l’eev pugg l’ekarstva mɨjjgul an’n’t’ep’ tɨjjegul,2
2pl,2,tɨjj,тыйй,Переведенный корпус,a munn kɨgeškuada a tɨjj kultlegge,2
2pl,2,t’iin,тӣн,kld_txt_KarNC_wedding_pt2,c’aal̥l̥k: mustgul čal’m’ jev ujn t’iinet’ emm vuej vɨgge,2
2pl,2,t’iin,тӣн,Переведенный корпус,vot munn t’iinet' spas’s’je vojnas't' rucet' vɨg'g'e paak' tuug’g’en',2
2pl.nom,1,tɨj(j),тый(й),,,2
2sg,4,ton,тон,kld_txt_Genetz1891,sɨjj al'kes kočsen tonst m’ii l'ii pampel'e(j)t l'eeštaɲč pugg laampse(j)t pore,1
2sg,4,toon,то̄н,kld_txt_Genetz1891,egg meneɲe evvtel' mune tax munn poora(m) toone,1
2sg,4,tun’n’,туннҍ,kld_txt_Lehtiranta_3_kɒn’t’_moajnas,kueddaj tun’n’e kooɲɲčkuun’n’ i kooɲɲčtuul’l’j,1
2sg,4,tuun,тӯн,kld_txt_Lehtiranta_1_r’iim’ɲ_moajnas,mun(n) i tuun(e) rast rɒd’d’(e)jam,1
2sg.acc,2,toon,то̄н,kld_txt_KarNC_wedding_pt2,a mɨjjgul zamorskoj kupca lep puedʼdʼep dak toon lehcepgul”,2
2sg.acc,2,toon,то̄н,Переведенный корпус,a nɨm’p’ puadd i vuejj i šurnant paar’n’ eel štɒ munn puada toon konta men guejka most tovruž kon’tex,2
2sg.acc,2,tuun(,тӯн(,kld_txt_Lehtiranta_3_kɒn’t’_moajnas,kas’t i koon m’iissteg tuug’g’en’ eellmoollme paar’r’n tuun(en) šɨll,1
2sg.gen,1,tuun,тӯн,,,2
2sg.loc,2,toost,то̄ст,kld_txt_KarNC_wedding_pt2,ja m’ii toost cavvc,2
2sg.loc,2,toost,то̄ст,kld_txt_KarNC_wedding_pt2,mʼii toost muehc?”,2
2sg.loc,2,toost.”,то̄ст.”,kld_txt_KarNC_wedding_pt2,da munn čilʼmʼenʼ lɨccagul toost.”,1
2sg.nom,4,ton(n),тон(н),kld_txt_Lehtiranta_2_r’iim’ɲ_i_taale_moajnas,kas’t ton(n) с’aal̥l̥k kuul’e(j)t vaalеax,1
2sg.nom,4,tonn,тонн,kld_txt_Genetz1891,tonn mank tun g'ačča jaavr' evvtel' mune,5
2sg.nom,4,tonn,тонн,kld_txt_Genetz1891,olmuj c'aal̥l̥ka što m'ii l'aak tonn v’iɨggolmejt egg vuajje mune kab’b’er' t’iivvte(d),5
2sg.nom,4,tonn,тонн,kld_txt_Kert1961_pro_vorona_tulena_i_dikogo_olena,puudenč aǯat tonn soon por̥t juxt,5
2sg.nom,4,tonn,тонн,Переведенный корпус,tonn l’aax mɨn’n’e čofta m’iil’l’e vɨjd mɨn’n’e kuujje,5
2sg.nom,4,tonn,тонн,Переведенный корпус,tonn mej pueres' čaann eg'g' pɨhta m'iinne lɒj̥et' kɒl'l'et' ja mooǯes' šolk ɒɒsset',5
2sg.nom,4,tun(n),тун(н),kld_txt_Lehtiranta_1_r’iim’ɲ_moajnas,s’eejjbeɲam d’ii s’eejjbeɲam koox’x’t tun(n) vuelgax,2
2sg.nom,4,tun(n),тун(н),kld_txt_Lehtiranta_3_kɒn’t’_moajnas,paarnɲam paarnɲam kooz tun(n) vɨl’l’gex,2
2sg.nom,4,tunn,тунн,kld_txt_Lehtiranta_3_kɒn’t’_moajnas,tunn j'aanna j'aalččex t’iirven,1
3PL,1,sɨjj,сыйй,,,1
3PL.NOM,1,sɨjj,сыйй,,,3
3SG,2,son’n’,соннҍ,kld_txt_KarNC_wedding_pt2,en’n’ten’ tam’p’e son’n’e tiiŋ’ket’,4
3SG,2,son’n’,соннҍ,kld_txt_KarNC_wedding_pt2,tel’ son’n’e sarfan tuer’v en’n’ten’,4
3SG,2,son’n’,соннҍ,Переведенный корпус,ejj eesstma sonn xar’a vuel’l’k’te kued’es’ vel’l’ej son’n’e vuessta aahk’ ja el’g’e šume kaallses’ eel,4
3SG,2,son’n’,соннҍ,Переведенный корпус,muuɲkaallsa son’n’e c’eel̥’k’e što v’aal puadd,4
3SG,2,soon,со̄н,Переведенный корпус,rɒdne n’iijtes’ meenn ejj lɨk soon paje pueraht a n’iijjtb’eel’l’ xošš i pugg per̥t m’iil’l’te lɨke jeen’n’b’eel’l’ soonen’ paje ɒr̥r̥tedd ja cele p’iijve m’iil’l’te ševraht,2
3SG,2,soon,со̄н,Переведенный корпус,ɨšteht’ iiǯant n’iijt sɒɒne eel ja vɨje vaarra i kuud’e soon tɒge an’ muuɲɲg’en’ kallm čal’m mune jeve kičehče soon eel p’eel’j jeve kullehče soone jiin,2
3SG.ACC,1,soon,со̄н,,,5
3SG.GEN,1,soon,со̄н,,,1
3SG.NOM,3,son,сон,kld_txt_Genetz1891,son taabed’,1
3SG.NOM,3,sonn,сонн,kld_txt_Genetz1891,sonn voal’l’t’,16
3SG.NOM,3,sonn,сонн,kld_txt_Genetz1891,sonn jurrt saaml'anč,16
3SG.NOM,3,sonn,сонн,kld_txt_Genetz1891,sonn taabed’d' kuajv eften’ kiiden’,16
3SG.NOM,3,sonn,сонн,kld_txt_Genetz1891,sonn taabed’d’e kuajv eften’ kiid’en’,16
3SG.NOM,3,sonn,сонн,kld_txt_Genetz1891,sonn c'eel̥ke(j),16
3SG.NOM,3,sonn,сонн,kld_txt_Genetz1891,sonn voal’te kuajv,16
3SG.NOM,3,sonn,сонн,kld_txt_Genetz1891,sonn mann,16
3SG.NOM,3,sonn,сонн,kld_txt_Genetz1891,nu sonn oaššte čec’k’e,16
3SG.NOM,3,sonn,сонн,Переведенный корпус,a kaal’l’es’ n’iijjt cele p’eejve m’iil’l’te lɨke sonn i č’aaz’ gɒrre vɒrrad sonn i p’eerk kɨppt i laammpset’ por̥tad i muur’et’ kuennt d’i šeel’d’et’ pass,16
3SG.NOM,3,sonn,сонн,Переведенный корпус,a kaal’l’es’ n’iijjt cele p’eejve m’iil’l’te lɨke sonn i č’aaz’ gɒrre vɒrrad sonn i p’eerk kɨppt i laammpset’ por̥tad i muur’et’ kuennt d’i šeel’d’et’ pass,16
3SG.NOM,3,sonn,сонн,Переведенный корпус,ejj eesstma sonn xar’a vuel’l’k’te kued’es’ vel’l’ej son’n’e vuessta aahk’ ja el’g’e šume kaallses’ eel,16
3SG.NOM,3,sonn,сонн,Переведенный корпус,pɨd’d’e sonn n’iijtes’ vaarra ɨšteht’ soon p’eez’ vuella a iiǯ vɨxxta vɨjjel’ mɒɒst štobɨ ejj ujjine n’iijtes’ sɒr’m’,16
3SG.NOM,3,sonn,сонн,Переведенный корпус,vuur’t’e vuur’t’e až’es’ ejj t’eedda sonn ejj jur’r’t’ma što vuel’l’k'teš soon kaal’l’me vaar’es’,16
3SG.NOM,3,sonn,сонн,Переведенный корпус,tedd l’aajj muuɲkaallsa muuɲkaallsa t’iirvxede n’iijten’ sonn vuessta,16
3SG.NOM,3,sonn,сонн,Переведенный корпус,muuɲkaallsa šɒlšuve taate sonn kaal’l’mde n’iijta da čofta n’iijjt l’aajj š’iig ja mooǯe cɒɒge sonn n’iijjta v’iil’l’k’es’ p’eeck štobɨ ejj kelmče,16
3SG.NOM,3,sonn,сонн,Переведенный корпус,muuɲkaallsa šɒlšuve taate sonn kaal’l’mde n’iijta da čofta n’iijjt l’aajj š’iig ja mooǯe cɒɒge sonn n’iijjta v’iil’l’k’es’ p’eeck štobɨ ejj kelmče,16
3SG.NOM,3,soonn,со̄нн,kld_txt_KarNC_wedding_pt2,soonn tel’ sprovdede,1
3pl,8,s'iin,сӣн,kld_txt_KarNC_deers,s'iinen' gaz'eta paj l'eev gaz'etet' looggev,1
3pl,8,siin’,сӣнҍ,Переведенный корпус,puer’es oollme saarrnev što vuus’ ɲues’s’ jeer’r’k’e siin’et’ čofta muehc,1
3pl,8,sɨj,сый,Переведенный корпус,k’iičes’t’ kuuht čud’čuer’v’ vujjev rɨnnte sɨje,1
3pl,8,sɨjj,сыйй,kld_txt_Genetz1891,sɨjje šan't'e al'ke lahk’eolma lahk’etaall,7
3pl,8,sɨjj,сыйй,kld_txt_KarNC_deers,gaz'eta sɨjje toage vɨget,7
3pl,8,sɨjj,сыйй,Переведенный корпус,jil’l’en’ sɨjj paak’ tug’g’en’ ejj kuestče nɨm’p’ p’eel’l’,7
3pl,8,sɨjj,сыйй,Переведенный корпус,c’eel̥’l̥’k’ev kooht sɨjj pugg pud’d’en’ al’i jev pugg puad’d’enǯ,7
3pl,8,sɨjj,сыйй,Переведенный корпус,sɨjj voan’n’c’en’ voan’n’c’en’,7
3pl,8,sɨjj,сыйй,Переведенный корпус,vot sɨjj puud’d’en’ al’l’tla,7
3pl,8,sɨjj,сыйй,Переведенный корпус,k’iih’čev sɨjj jennege l’ii olmn’ed’d’e tam’p’e,7
3pl,8,s’iin,сӣн,Переведенный корпус,kues’s’ koollas ja saav’ex’ l’eev lɨhkma olma kuu šɒbašt m’aahca soonn čuejjk s’iineguejm b’eda udlen’n’e,5
3pl,8,s’iin,сӣн,kld_txt_KarNC_deers,ad’d’ l’eev s’iinen’ l’eev ad’d’ pugg el’l’a nɨd’d’ kooxxt eevvdel’ l’aajj,5
3pl,8,s’iin,сӣн,kld_txt_KarNC_wedding_pt2,a uks al’n tam’p’e ɒret s’iinet’ jev luušt ceel̥l̥kev:,5
3pl,8,s’iin,сӣн,Переведенный корпус,munn ompan n’iila s’iinet’,5
3pl,8,s’iin,сӣн,kld_txt_Lehtiranta_3_kɒn’t’_moajnas,s’iinen šende(j) paaršeɲč,5
3pl,8,s’iin’,сӣнҍ,kld_txt_Itkonen1931_6_page254,voal’l’t’en’ ja koavvn’en’ s’iin’et’ kaallas paar’n’en’es’,2
3pl,8,s’iin’,сӣнҍ,kld_txt_Itkonen1931_6_page254,poorrap s’iin’et’,2
3pl,8,s’in,син,Пkld_txt_Kert1961_suška škur,kues’s’ sɨjj koošškev sonn s’inet’ n’aassk,4
3pl,8,s’in,син,Переведенный корпус,a vennas s’inen’ l’iijen’ rɨnt kuures’t,4
3pl,8,s’in,син,Переведенный корпус,s’ines’t’ l’ijjen’ vennas k’aassen’č di l’ijjen’ t’eerpnenč kobba jev kuestče rɨnnte,4
3pl,8,s’in,син,Переведенный корпус,a s’ines’t’ pɨss jev l’iin’č,4
3pl,8,s’in’,синҍ,Переведенный корпус,tel’ sug’g’eš i el’k’en’ s’in’et’ ar’jeguejm taagge(d),1
3pl.acc,1,sinɛt˙,сынт˙,,,1
3pl.ill,1,si͔ije,сӣйэ,,,1
3pl.nom,2,si͔i,сӣ,kld_txt_Kert1961_byl_o_ljajne,si͔i kɛdžɐv:,1
3pl.nom,2,sɨjj,сыйй,Переведенный корпус,sɨjj jev v’eež daac’em čuuʒ’ev vuejjv luennt,15
3pl.nom,2,sɨjj,сыйй,Переведенный корпус,pɨjet nɨt’t’ štobe sɨjj l’iihčen’ seekksem m’eedas tes’t’ vuajj kues’s’ l’eev seekks m’eedas vuajj čuujjke udlen’n’e a kues’s’ pejjne paahka to rueppt seeks ejj jɒdd valas k’irse,15
3pl.nom,2,sɨjj,сыйй,kld_txt_Genetz1891,sɨjj al'kes kočsen tonst m’ii l'ii pampel'e(j)t l'eeštaɲč pugg laampse(j)t pore,15
3pl.nom,2,sɨjj,сыйй,kld_txt_Itkonen1931_6_page254,sɨjj luemmen’ tonn kuadda,15
3pl.nom,2,sɨjj,сыйй,kld_txt_KarNC_deers,sɨjjdel’ jeel’l’ev čuuʒes’,15
3pl.nom,2,sɨjj,сыйй,kld_txt_KarNC_wedding_pt2,sɨjj vɒsʼsʼenʼ tejn ja tel’ evtes’ joddehtenʼ,15
3pl.nom,2,sɨjj,сыйй,kld_txt_Kert1961_nuemmel_piras,sɨjj kudjen’ v’iidant vuassa.,15
3pl.nom,2,sɨjj,сыйй,kld_txt_Kert1961_pro_vorona_tulena_i_dikogo_olena,tedd sɨjj jannas soag an’n’tev,15
3pl.nom,2,sɨjj,сыйй,kld_txt_Kert1961_rybolovstvo_20210223,sɨjj kubet' pooves't' voal'l'ten',15
3pl.nom,2,sɨjj,сыйй,kld_txt_Kert1961_rybolovstvo_20210223,sɨjj voal'l'ten' taahkta oakkše nɨjp skoba ja v'eer̥cet',15
3pl.nom,2,sɨjj,сыйй,Пkld_txt_Kert1961_suška škur,kues’s’ sɨjj koošškev sonn s’inet’ n’aassk,15
3pl.nom,2,sɨjj,сыйй,Переведенный корпус,kues’s’ jeen’n’b’eel’l’ ja soon rɒdne n’iijjt kullsen’ tenn bajas sɨjj čofta s’eennden’,15
3pl.nom,2,sɨjj,сыйй,Переведенный корпус,sɨjj čutt jeve luunntna zaav’is't’es’,15
3pl.nom,2,sɨjj,сыйй,Переведенный корпус,tel’ sɨjj puudden’ rɨnnte,15
3pl.nom,2,sɨjj,сыйй,Переведенный корпус,maŋŋa sɨjj n’iijpen’ rɨnnte i s’iireškudden’,15
3sg,7,sonn,сонн,Переведенный корпус,sonn c’eel̥’l̥’k’ joaddslagul meer’r’e,6
3sg,7,sonn,сонн,Переведенный корпус,sonn c’eel̥’l̥’k’ munngul vaalta,6
3sg,7,sonn,сонн,Переведенный корпус,sonn kɨppt udd di saarrn,6
3sg,7,sonn,сонн,Переведенный корпус,sonn kiičas’t’,6
3sg,7,sonn,сонн,Переведенный корпус,sonn jur’tel’ što saam’ puud’d’en’ što soon narot el’l’a jeel’l’men’,6
3sg,7,sonn,сонн,Переведенный корпус,sonn viireš’t’ udd puul’l’ej vilka oojk’e n’aallma i tejn roahpad,6
3sg,7,sonʼnʼ,сонн,kld_txt_KarNC_wedding_pt2,telʼ en’nʼt’enʼ sonʼnʼe cʼeer̥’k’ vɒɒllenʼ jugge.,1
3sg,7,son’n’,соннҍ,Переведенный корпус,tenn soonn v’aarr koošškad i koollset’ lɨhk nɨt’t’ kooxxt son’n’e bɨdd,4
3sg,7,son’n’,соннҍ,Переведенный корпус,tel’(?) olmanč puadd son’n’e vuessta vaan’n’c,4
3sg,7,son’n’,соннҍ,kld_txt_KarNC_wedding_pt2,tel’ koorren’ rɨb’b’ex’ son’n’e,4
3sg,7,son’n’,соннҍ,Переведенный корпус,cɒɒr al’l’k’ sraaze kooxxt ujnes’ n’iijt šɒbšuve son’n’e i c’iil̥’k’e n’iijjta,4
3sg,7,soon,со̄н,Переведенный корпус,i kues’s’ čuujjklet’ štobi soonn l’aahč soonen’ l’aahč š’iiγ’ čuujjke,1
3sg,7,soonn,со̄нн,Переведенный корпус,soonn s’iirrej jug’g’enalla,1
3sg,7,sun’n’,суннҍ,kld_txt_Lehtiranta_2_r’iim’ɲ_i_taale_moajnas,puud’d’en sun’n’e ɲuem’m’el i taall i k’eet’t’k kuessa i k’eeǯ’ǯ’ev,1
3sg,7,suun,сӯн,kld_txt_Lehtiranta_1_r’iim’ɲ_moajnas,poor(e) suun(e),3
3sg,7,suun,сӯн,kld_txt_Lehtiranta_1_r’iim’ɲ_moajnas,suun(e) poor(e),3
3sg,7,suun,сӯн,kld_txt_Lehtiranta_1_r’iim’ɲ_moajnas,suun(e) poor,3
3sg.ACC,1,soon,со̄н,,,2
3sg.NOM,1,sonn,сонн,,,3
3sg.acc,3,son,сон,Переведенный корпус,no p’ervimi pueddev ɲuvč ja čueɲɲe ja cizga rušas son kаǯet ‘punačka’,1
3sg.acc,3,son'n'e,сонне,kld_txt_Kert1961_rybolovstvo_20210223,ja eennten' son'n'e jaam’m’de,1
3sg.acc,3,soon,со̄н,Переведенный корпус,i vaa(l’)l’t’ n’ik’ee soon meer’r’e,7
3sg.acc,3,soon,со̄н,kld_txt_Kert1961_pro_vorona_tulena_i_dikogo_olena,puudenč aǯat tonn soon por̥t juxt,7
3sg.acc,3,soon,со̄н,kld_txt_Kert1961_pro_vorona_tulena_i_dikogo_olena,a ɨgga soon muhcguude mov’jas,7
3sg.acc,3,soon,со̄н,kld_txt_Kert1961_rybolovstvo_20210223,bɨdd soon cɨhce.,7
3sg.acc,3,soon,со̄н,Переведенный корпус,vuulklešuude evdes’ vaan’c’e vaar’ m’iil’l’te n’iijjt el’ge soon moolle štobɨ ejj kuedeče sonn ooxxte vaarra,7
3sg.acc,3,soon,со̄н,Переведенный корпус,go soon jev vaarra jɒɒddxeš kuud'd'e,7
3sg.acc,3,soon,со̄н,Переведенный корпус,pɒɒze soon eel keellm vujnegen' ja kallmed soon,7
3sg.gen,2,son,сон,kld_txt_Kert1961_nuemmel_piras,al'kes'kånc jiillen’ son čaapat al'n',1
3sg.gen,2,soon,со̄н,kld_txt_Kert1961_pro_vorona_tulena_i_dikogo_olena,jel’l’ š’iid soon vuella kɒn’t’ tuul’j,10
3sg.gen,2,soon,со̄н,Переведенный корпус,a pɨht’e peer̥r̥te jeer’es nɨzan sonn peele uššte vuajj pɒbbxe nɨzan kuu ejj vuaɲč vuajxe rɒdne jeen’ soon n’iijtaja,10
3sg.gen,2,soon,со̄н,Переведенный корпус,no n’iijtaja bɨdde l’aajj jeena sonn l’aajj v’aal uc’c’ bɨdde l’aajj soon m’iil’l’te ujjne,10
3sg.gen,2,soon,со̄н,Переведенный корпус,kues’s’ jeen’n’b’eel’l’ ja soon rɒdne n’iijjt kullsen’ tenn bajas sɨjj čofta s’eennden’,10
3sg.gen,2,soon,со̄н,Переведенный корпус,ejj pued vaje muuɲkaallsa lɒɒj̥eguejm il’i cɒɒr al'l'k soon gɒrra,10
3sg.gen,2,soon,со̄н,Переведенный корпус,kues’s’ muuɲkaallsa puud'e sonn el'ge šumme soon eel,10
3sg.gen,2,soon,со̄н,Переведенный корпус,muuɲkaallsa s'eenntel' soon eel,10
3sg.gen,2,soon,со̄н,Переведенный корпус,pɒɒze soon eel keellm vujnegen' ja kallmed soon,10
3sg.gen,2,soon,со̄н,Переведенный корпус,koojn soon n'iijjt ɒrr pɒɒl'l'te cɒɒr al'ken',10
3sg.gen,2,soon,со̄н,Переведенный корпус,sonn jur’tel’ što saam’ puud’d’en’ što soon narot el’l’a jeel’l’men’,10
3sg.loc,2,soost,со̄ст,kld_txt_KarNC_deers,soost l’aajj kon’ešna puaz jeena,4
3sg.loc,2,soost,со̄ст,kld_txt_KarNC_deers,soost l’aajj čuud’(d’) vɨdd l’iim’p’e kud’d’ nɨd’d’,4
3sg.loc,2,soost,со̄ст,kld_txt_KarNC_deers,l’aajj čuez soost soonn? kon’ešna maŋŋa ejj šeenntma,4
3sg.loc,2,soost,со̄ст,kld_txt_KarNC_wedding_pt2,ɒrseg’g’e vɨs’te an’ soonn luej̥j̥k i prɒššed num’b’es’gueim k’eegg soost l’eev,4
3sg.loc,2,sos,сос,Переведенный корпус,ja cɒɒg'e sama moǯes' vaaptek oasset man'te sos l'iijjen',1
3sg.nom,2,sonn,сонн,kld_txt_Genetz1891,sonn paarna mene(j) jaavvra jordan jus't'e kukxel'l'e čaaʒ'jelle,24
3sg.nom,2,sonn,сонн,kld_txt_Genetz1891,sonn saaml'a paar’r’n’ ɵvvtel’ mene tun g'ačča jaavr,24
3sg.nom,2,sonn,сонн,kld_txt_Genetz1891,tal taall sonn taal vuejves’t’ kecest voal’te(j) pakke(δ),24
3sg.nom,2,sonn,сонн,kld_txt_Genetz1891,sonn ejj alka pag'g'e(δ) voal'te(j) taale k'aassad'd'e muursoane vuella kuaddas’ vaancel’,24
3sg.nom,2,sonn,сонн,kld_txt_Genetz1891,sonn poage voal'te pampel'es voal'te ja vaan'cel'(e) vaarra koze vuejjv kuent,24
3sg.nom,2,sonn,сонн,kld_txt_Kert1961_byl_o_ljajne,sonn mehced˙,24
3sg.nom,2,sonn,сонн,kld_txt_Kert1961_byl_o_ljajne,kas’t˙ li L’ain ja man’tɛm’ sonn li?”,24
3sg.nom,2,sonn,сонн,kld_txt_Kert1961_byl_o_ljajne,sonn li muggɛ man’tɛm’ mu͔nn l’a,24
3sg.nom,2,sonn,сонн,kld_txt_Kert1961_byl_o_ljajne,sonn vål’ti͔ ɛl’ki͔ sinɛt˙ kusxɛ,24
3sg.nom,2,sonn,сонн,kld_txt_Kert1961_nuemmel_piras,sonn jur'te kolm al'kes mat’xe,24
3sg.nom,2,sonn,сонн,kld_txt_Kert1961_pro_vorona_tulena_i_dikogo_olena,sonn vuages’t p’iiŋk eel leeg voal’te,24
3sg.nom,2,sonn,сонн,kld_txt_Kert1961_pro_vorona_tulena_i_dikogo_olena,sonn vuages’t tummpla,24
3sg.nom,2,sonn,сонн,Пkld_txt_Kert1961_suška škur,kues’s’ sɨjj koošškev sonn s’inet’ n’aassk,24
3sg.nom,2,sonn,сонн,Переведенный корпус,kaal’l’es’ šɒɒleš n’iijtes’ što sonn šaannt jeenxem,24
3sg.nom,2,sonn,сонн,Переведенный корпус,a pɨht’e peer̥r̥te jeer’es nɨzan sonn peele uššte vuajj pɒbbxe nɨzan kuu ejj vuaɲč vuajxe rɒdne jeen’ soon n’iijtaja,24
3sg.nom,2,sonn,сонн,Переведенный корпус,no n’iijtaja bɨdde l’aajj jeena sonn l’aajj v’aal uc’c’ bɨdde l’aajj soon m’iil’l’te ujjne,24
3sg.nom,2,sonn,сонн,Переведенный корпус,vuulklešuude evdes’ vaan’c’e vaar’ m’iil’l’te n’iijjt el’ge soon moolle štobɨ ejj kuedeče sonn ooxxte vaarra,24
3sg.nom,2,sonn,сонн,Переведенный корпус,sonn ujnes’ n’iijt,24
3sg.nom,2,sonn,сонн,Переведенный корпус,mooǯes’ ɒɒsseguejm sonn šende v’aal mooǯ’da i š’iiga,24
3sg.nom,2,sonn,сонн,Переведенный корпус,kues’s’ sonn kuuddej vaares' sonn paje kiičnede,24
3sg.nom,2,sonn,сонн,Переведенный корпус,kues’s’ sonn kuuddej vaares' sonn paje kiičnede,24
3sg.nom,2,sonn,сонн,Переведенный корпус,kues’s’ muuɲkaallsa puud'e sonn el'ge šumme soon eel,24
3sg.nom,2,sonn,сонн,Переведенный корпус,sonn nɨdd žal'ej ujjne n'iijjtes' kaallsa n'iijt sajes' vapteg ja cɒɒr al'k ahk'en' što lunten' ižes' pɒɒssvudes',24
3sg.nom,2,sonn,сонн,Переведенный корпус,sonn c’aal̥l̥k viǯ’ rostaka palka! meejt’ jornax,24
3sg.nom,2,soonn,со̄нн,Переведенный корпус,soonn puadd m’eer(e) gor’r’en i pɨht keelmas ɲues’s’ jeerg,11
3sg.nom,2,soonn,со̄нн,Переведенный корпус,tenn soonn v’aarr koošškad i koollset’ lɨhk nɨt’t’ kooxxt son’n’e bɨdd,11
3sg.nom,2,soonn,со̄нн,Переведенный корпус,k’eev’l’ lɨgget nɨt’t’ štobe soonn čoxta veeʒe ejj vuajče,11
3sg.nom,2,soonn,со̄нн,Переведенный корпус,i kues’s’ čuujjklet’ štobi soonn l’aahč soonen’ l’aahč š’iiγ’ čuujjke,11
3sg.nom,2,soonn,со̄нн,Переведенный корпус,p’ees’s’ muur raadet mugga štobi soonn ejj vuajče muurrtje l’aahč bi rɒvas ja muulehče jeenne vuek’s’ i ejj sojnehče,11
3sg.nom,2,soonn,со̄нн,Переведенный корпус,kues’s’ koollas ja saav’ex’ l’eev lɨhkma olma kuu šɒbašt m’aahca soonn čuejjk s’iineguejm b’eda udlen’n’e,11
3sg.nom,2,soonn,со̄нн,Переведенный корпус,soonn l’ii algadan jeena tooxnedde m’etredde,11
3sg.nom,2,soonn,со̄нн,Переведенный корпус,čaarre k’iičem man’t’e soonn l’ii,11
3sg.nom,2,soonn,со̄нн,kld_txt_KarNC_wedding_pt2,meennev mɒst tel’ jev kug’g’ tam’p’e ɒres’t’ tel’ pued’d’ev vaal’l’te a soonn c’aal̥l̥k:,11
3sg.nom,2,soonn,со̄нн,kld_txt_KarNC_wedding_pt2,ɒrseg’g’e vɨs’te an’ soonn luej̥j̥k i prɒššed num’b’es’gueim k’eegg soost l’eev,11
3sg.nom,2,soonn,со̄нн,kld_txt_KarNC_wedding_pt2,tel’ puud’d’en’ soonnden’n’eg’e žen’ex’gɒn’c’ puud’d’en,11
3sg.nom.sg,1,sonn,сонн,,,2
3sg.nom?,1,soonn?,со̄нн?,,,1
3хгодовалый_о.nom.sg,1,vuubr’es’,вӯбьресь,,,1
<нрзб>,1,<нрзб>,<нрзб>,,,1
?,28,,,Переведенный корпус,ab’b’r l’ii gal nuurr abb’r tedd kues’es b’eda čaaʒ’ veeʒ mann kɨdda,1
?,28,ad’d’em,адтем,Переведенный корпус,jel’l’eš eev’dla koavas keskes puell tooll a pɨrr ad’d’em v’ell as’te a pɨrr aaret es’tmen,1
?,28,arrem,аррэм,Переведенный корпус,l’aajj arrem p’eejjv’,1
?,28,doobrat,до̄брат,Переведенный корпус,pugg maal’c’eguejm eel vel kolek’eegg cɒɒg’g’en saav’ex’et doobrat ja vuud’d’en b’eda š’iiggten’n’e,1
?,28,er,эр,Переведенный корпус,i tedd jore luuv’t’ al’n ersajje,1
?,28,g'ačča,гячча,kld_txt_Genetz1891,tonn mank tun g'ačča jaavr' evvtel' mune,2
?,28,g'ačča,гячча,kld_txt_Genetz1891,sonn saaml'a paar’r’n’ ɵvvtel’ mene tun g'ačča jaavr,2
?,28,kub,куб,kld_txt_Kert1961_rybolovstvo_20210223,sɨjj kubet' pooves't' voal'l'ten',1
?,28,kul'xes',кульхесь,kld_txt_Kert1961_nuemmel_piras,kal'l'es' iǯ lɨkke kul'xes' lafkes' migjen’,1
?,28,k’iirx,кӣрх,Переведенный корпус,maŋŋades kues’s’ nuuht’eš k’iirxnet’ pued’et’ nuut’ kooz’et olk eel,1
?,28,k’iištet,кӣштэт,Переведенный корпус,jornev veeʒe k’iištet l’aajj čuujjge k’eeresen ur’d’es saav’ex’et n’ik’ee ejj murda,1
?,28,laanas,ла̄нас,Переведенный корпус,kuul’ pɒppalet raaznɨ nalla laanas jeenne no kuul’ abɨčna val’d’et pooves,1
?,28,lɨlmɨ,лылмы,Переведенный корпус,ja tel’e čuujjglem puudem tenn sajja kas’s’ mɨjj l’iijem kuedda sɒɒn puuʒe ja lɨlmɨ pɒp činnen mɨjje vkuusnɨ p’eerg,1
?,28,mat’t’,маттҍ,Переведенный корпус,vuul’l’k’en’ ooʒe olmn’ed’d’e loag’g’ mat’t’,1
?,28,mov’jas,мовяс,kld_txt_Kert1961_pro_vorona_tulena_i_dikogo_olena,a ɨgga soon muhcguude mov’jas,1
?,28,pail’e,паыле,kld_txt_KarNC_deers,pajše pail’e kolxozes’ pail’e vaanas,2
?,28,pail’e,паыле,kld_txt_KarNC_deers,pajše pail’e kolxozes’ pail’e vaanas,2
?,28,paŋk,паӈк,kld_txt_Kert1961_byl_o_ljajne,ni̮tše paŋk simnɛn˙ råŋŋk muggɛ šɛ man’tɛm’ mu͔nn l’a,1
?,28,por’d,порьд,kld_txt_Lehtiranta_1_r’iim’ɲ_moajnas,r’iimmɲ por’de eele muure(j)d i saarrn,1
?,28,pɒp,поап,Переведенный корпус,ja tel’e čuujjglem puudem tenn sajja kas’s’ mɨjj l’iijem kuedda sɒɒn puuʒe ja lɨlmɨ pɒp činnen mɨjje vkuusnɨ p’eerg,1
?,28,red’d’en’,рэдтенҍ,Переведенный корпус,tel’e eeltnet nɨm’m’pe red’d’en’ rɨnnte i nuut’ k’eez’et k’iid’eguejm ele že eexxt olme veensen nuur’e vokgoarre nuehta a kut’es’ kut’ kuuxxt oollme kut’ p’iirаs nuut’ čoovvgev,1
?,28,rɒjj,роайй,Переведенный корпус,tenn rɒjj mɨjj sɒɒgem sɒɒnet zapraavat kuuht xaar’an’,1
?,28,suenn,суэнн,Переведенный корпус,kuul’e kromje tavo što kɨptet suenneel paš’tet tagnazɨvamɨ tuaarax el’e pɒɒštkul’l’,1
?,28,suld,сулд,kld_txt_Kert1961_rybolovstvo_20210223,nuut' oolkes k'iis's'eš veennse ja suldeš'[a] loahpket',1
?,28,t’eerpn,тēрпн,Переведенный корпус,s’ines’t’ l’ijjen’ vennas k’aassen’č di l’ijjen’ t’eerpnenč kobba jev kuestče rɨnnte,1
?,28,vɒdd,воадт,Переведенный корпус,mɨjj pugg mɒɒjn’s’em go mɨjj vɒddem,1
?,28,v’ell,велл,Переведенный корпус,jel’l’eš eev’dla koavas keskes puell tooll a pɨrr ad’d’em v’ell as’te a pɨrr aaret es’tmen,1
?,28,z,з,kld_txt_KarNC_deers,tel’ l’aajj z čuez tel’ l’aajj muddmen’,1
?,28,zapraavat,запра̄ват,Переведенный корпус,tenn rɒjj mɨjj sɒɒgem sɒɒnet zapraavat kuuht xaar’an’,1
?,28,šɨl̥k,шыӆк,Переведенный корпус,a l’aajj n’iijta v’aal uc’c’ i ejj šɨl̥kxa n’imeenn lɨhke,1
?.acc.sg,1,p’ik'k',пиккь,,,1
??,1,pugn,пугн,,,1
???,5,daac’,да̄ць,Переведенный корпус,sɨjj jev v’eež daac’em čuuʒ’ev vuejjv luennt,1
???,5,jeg'g',егкь,Переведенный корпус,Oalkembel't uks tueg jeg'g'e šuurr keelten’ ja karvul'l'e mune kuuht'e kaalse koolmet' sutket',1
???,5,sevs,сэвс,Переведенный корпус,čuudzes't’ pɨht’e sɨnnem sevs luuhp’el',1
???,5,čer'krɨgge,чэркььригкэ,Переведенный корпус,juug’g’e čer'krɨgge luuhpl’es't’ čuur'v’et' ja pɨht’e mɨn’n’e,1
???,5,остановиться,остановиться,Переведенный корпус,jeem’m’n’e mene rast Kul vuun al'l'm и идтиpst.3sg dem2.acc.sg сторонаILL.sg Кольский бухтаacc.sg? ???ill.sg и остановиться???pst.3sg,1
???кричать,1,fork,форк,,,1
?indef,1,kole,колэ,,,1
A,1,A,,,,1
Kul',1,vuun,вӯн,,,1
NEG.2PL,1,jeb’b’e,ебпе,,,1
NEG.3PL,1,jeve,евэ,,,2
NEG.3SG,1,ejj,эйй,,,10
NEG.NPST.3SG.быть,1,el’l’a,элля,,,1
PROH.PL,1,jel’l’eδ,елле,,,1
REFL,1,iiǯ,ӣдж,,,3
a,1,a,а,,,4
ajj,1,ajj,айй,,,1
al'ma,1,и,и,,,1
cecть,1,ɨšt,ышт,,,1
cмотреть.3sg.npst,1,k’iihč’,кӣххьч,,,1
cпать.3sg.npst,1,vuadd,вуадт,,,1
cредний,1,kesk,кэск,,,1
cын.nom.sg,1,l’ai,ляи,,,1
dem.near.loc,1,tes't,тэсьт,,,1
dem1.acc.sg,1,tenn,тэнн,,,1
dem3.loc.pl,1,talas't’,таласьт,,,1
emph,1,paje,пайэ,,,1
flst,6,bɨ...,бы...,kld_SAM_SG_map_20230815,vuejjev bɨ... kuuššk l’aan’č,1
flst,6,ja...,я...,kld_GGM_SG_map_202308D,či... ja... jog lun’n’ l’ii sɨjjt,1
flst,6,l’aav...,ля̄в...,kld_SAM_SG_map_20230815,и vuel’kes’b’e(e)l’ v’aal l’aav... l’eev sɨjd,1
flst,6,muaj...,муай...,kld_SAM_SG_map_20230815,и vuajj mudda sajja muaj... vuajj,1
flst,6,sɨn...,сын...,kld_SAM_SG_map_20230815,tes’t l’eev sɨn... mugga čuekas l’ii,1
flst,6,či...,чы...,kld_GGM_SG_map_202308D,či... ja... jog lun’n’ l’ii sɨjjt,1
hur’gg,1,hur’gg,ххургььк,,,3
i,1,идти,идти,,,1
ja,1,jeem’m’n’e,ēммьне,,,1
jeesk,1,dem2.acc.sg,дэм.адц.сг,,,1
men,1,men,мэн,,,1
neg,3,n’i,ни,kld_GGM_SG_map_202308D,больше emm t’ii(d’) n’imeenn,9
neg,3,n’i,ни,Переведенный корпус,jornev veeʒe k’iištet l’aajj čuujjge k’eeresen ur’d’es saav’ex’et n’ik’ee ejj murda,9
neg,3,n’i,ни,Переведенный корпус,polxet jeb’b’ kaadxellma mɨjen pugg š’iiggten’n’e n’ik’ee čueʒa,9
neg,3,n’i,ни,Переведенный корпус,i vaa(l’)l’t’ n’ik’ee soon meer’r’e,9
neg,3,n’i,ни,Переведенный корпус,i vaa(l’)l’t’ n’ik’ee mun meer’r’e,9
neg,3,n’i,ни,Переведенный корпус,a l’aajj n’iijta v’aal uc’c’ i ejj šɨl̥kxa n’imeenn lɨhke,9
neg,3,n’i,ни,Переведенный корпус,tedd mudda ejj men karvulle n’ik’ee,9
neg,3,n’i,ни,Переведенный корпус,k’iihčev ejj kuus’t’ n’im’ii,9
neg,3,n’i,ни,Переведенный корпус,n’i exxt ejj kueddjenǯ,9
neg,3,ɲi,ны,kld_txt_Kert1961_jeerrkja_oollmej_bajas,a ɲikɒmpa paar’r’n soon ejj šɒbša,4
neg,3,ɲi,ны,kld_txt_Kert1961_jeerrkja_oollmej_bajas,jebb ujn ɲimeenn,4
neg,3,ɲi,ны,kld_txt_Kert1961_jeerrkja_oollmej_bajas,i tedd šeeŋŋ jod’e koollm p’eejv nɨd’d’ što ejj kuessteɲč ɲim’ii,4
neg,3,ɲi,ны,Переведенный корпус,jel'l'e saarne ɲimen,4
neg,3,ɲ’ii,нӣ,kld_txt_KarNC_wedding_pt2,mɨjj jeb’b’ vuej jeb’b’ ujn ɲ’iimeenn ɲuuxxčem’ ejj lɒɒčk saarrne,1
neg.1pl,2,jebb,ебп,kld_txt_Kert1961_jeerrkja_oollmej_bajas,jebb ujn ɲimeenn,1
neg.1pl,2,jeb’b’,ебпь,Переведенный корпус,polxet jeb’b’ kaadxellma mɨjen pugg š’iiggten’n’e n’ik’ee čueʒa,6
neg.1pl,2,jeb’b’,ебпь,kld_txt_KarNC_deers,puudzet’ paj jeb’b’ pɨɲɲma paj svol’no jiil’em čeexxča kooppčev vooddeddev,6
neg.1pl,2,jeb’b’,ебпь,kld_txt_KarNC_wedding_pt2,mɨjj jeb’b’ vuej jeb’b’ ujn ɲ’iimeenn ɲuuxxčem’ ejj lɒɒčk saarrne,6
neg.1pl,2,jeb’b’,ебпь,kld_txt_KarNC_wedding_pt2,mɨjj jeb’b’ vuej jeb’b’ ujn ɲ’iimeenn ɲuuxxčem’ ejj lɒɒčk saarrne,6
neg.1pl,2,jeb’b’,ебпь,kld_txt_Kert1961_pro_vorona_tulena_i_dikogo_olena,hoŋker hoŋker jaannam gell jeb’b’ pued’,6
neg.1pl,2,jeb’b’,ебпь,kld_txt_Kert1961_pro_vorona_tulena_i_dikogo_olena,hoŋker hoŋker jaannam gell jeb’b’ pued’,6
neg.1sg,1,emm,эмм,,,5
neg.2pl,2,jebbe,ебпэ,kld_txt_Kert1961_jeerrkja_oollmej_bajas,ujnbedde jebbe meennɲe,2
neg.2pl,2,jebbe,ебпэ,kld_txt_Lehtiranta_2_r’iim’ɲ_i_taale_moajnas,tɨj(j) jebbe maat’ vuaŋŋke(ẟ),2
neg.2pl,2,jebb̭e,ебпэ,kld_txt_Kert1961_byl_o_ljajne,jebb̭e linč uinma L’ain dak tɛl’ sonn i li”,1
neg.2sg,2,eg'g',эгкь,Переведенный корпус,tonn mej pueres' čaann eg'g' pɨhta m'iinne lɒj̥et' kɒl'l'et' ja mooǯes' šolk ɒɒsset',1
neg.2sg,2,egg,эгк,kld_txt_Genetz1891,egg meneɲe evvtel' mune tax munn poora(m) toone,5
neg.2sg,2,egg,эгк,kld_txt_Genetz1891,olmuj c'aal̥l̥ka što m'ii l'aak tonn v’iɨggolmejt egg vuajje mune kab’b’er' t’iivvte(d),5
neg.2sg,2,egg,эгк,kld_txt_Lehtiranta_3_kɒn’t’_moajnas,egg ujn bol’še muun(e),5
neg.2sg,2,egg,эгк,kld_txt_Lehtiranta_3_kɒn’t’_moajnas,egg pelče,5
neg.2sg,2,egg,эгк,kld_txt_Lehtiranta_3_kɒn’t’_moajnas,poka p’iiŋk egg vaaltče,5
neg.3pl,2,jev,ев,kld_GGM_SG_map_202308D,jev l’eev v(‘)aal jevla šuurr ja(a)v(v)ra v’aal l’ii,21
neg.3pl,2,jev,ев,Переведенный корпус,no(o) mudda vuer vuejjev i jev toočna / no(o) vesenom vuejjev c’eel̥’l̥’k’e,21
neg.3pl,2,jev,ев,Переведенный корпус,sɨjj jev v’eež daac’em čuuʒ’ev vuejjv luennt,21
neg.3pl,2,jev,ев,kld_txt_KarNC_deers,jev allka pɨɲɲe ja nɨd’d’ paj jiil’l’eš kolxoz rajja,21
neg.3pl,2,jev,ев,kld_txt_KarNC_deers,ruup’p’s’es’ čum eevvdel’ jev el’l’ij m’iines’t’,21
neg.3pl,2,jev,ев,kld_txt_KarNC_wedding_pt2,meennev mɒst tel’ jev kug’g’ tam’p’e ɒres’t’ tel’ pued’d’ev vaal’l’te a soonn c’aal̥l̥k:,21
neg.3pl,2,jev,ев,kld_txt_KarNC_wedding_pt2,a uks al’n tam’p’e ɒret s’iinet’ jev luušt ceel̥l̥kev:,21
neg.3pl,2,jev,ев,kld_txt_KarNC_wedding_pt2,c’aal̥l̥k: mustgul čal’m’ jev ujn t’iinet’ emm vuej vɨgge,21
neg.3pl,2,jev,ев,kld_txt_KarNC_wedding_pt2,tegʼgʼe avvta nɨšše jev luš'tʼ,21
neg.3pl,2,jev,ев,kld_txt_KarNC_wedding_pt2,čalʼmʼgul jev ujn”,21
neg.3pl,2,jev,ев,kld_txt_Kert1961_jeerrkja_oollmej_bajas,oollme meennen’ tenn n’iijjta aanne štobe sonn lɨgga(h)č nɨd’d’ kooxxt bɨ ruuce jev p’eezče s’iine gɒrre,21
neg.3pl,2,jev,ев,kld_txt_Kert1961_jeerrkja_oollmej_bajas,jesl’e kɒmpaɲe paar’r’n vaallt mun kuujje tanna munn lɨgga nɨd’d’ što ruuc m’iinet’ jev kɒn’t,21
neg.3pl,2,jev,ев,kld_txt_Kert1961_jeerrkja_oollmej_bajas,i kues’s’ vɨjjev raj tenn suel a al’l’t soon jev meen,21
neg.3pl,2,jev,ев,Переведенный корпус,žen’ix soon luun'n'en’ oollme jev loogma soon,21
neg.3pl,2,jev,ев,kld_txt_Kert1961_pro_vorona_tulena_i_dikogo_olena,sɨjj jev moac’,21
neg.3pl,2,jev,ев,Переведенный корпус,go soon jev vaarra jɒɒddxeš kuud'd'e,21
neg.3pl,2,jev,ев,Переведенный корпус,s’ines’t’ l’ijjen’ vennas k’aassen’č di l’ijjen’ t’eerpnenč kobba jev kuestče rɨnnte,21
neg.3pl,2,jev,ев,Переведенный корпус,nɨm’m’p’ p’eegač jul’k jev kun’t,21
neg.3pl,2,jev,ев,Переведенный корпус,c’eel̥’l̥’k’ev kooht sɨjj pugg pud’d’en’ al’i jev pugg puad’d’enǯ,21
neg.3pl,2,jev,ев,Переведенный корпус,a s’ines’t’ pɨss jev l’iin’č,21
neg.3pl,2,jev,ев,Переведенный корпус,tegg jev k’iršen’č vel’l’jen’ i rostak tvoju,21
neg.3pl,2,jeve,евэ,Переведенный корпус,sɨjj čutt jeve luunntna zaav’is't’es’,1
neg.3pl.быть.npst,1,j’eel’ex,йэ̄лех,,,2
neg.3s,1,ejj,эйй,,,1
neg.3sg,1,ejj,эйй,,,30
neg.imp.pl,1,jel'l'e,елле,,,2
neg.npst.3pl.быть,1,jevla,евла,,,1
neg.npst.3sg,1,al’l’a,алля,,,2
neg.npst.3sg.быть,3,al’l’a,алля,kld_SAM_SG_map_20230815,al’l’a jaav’v’r’,2
neg.npst.3sg.быть,3,al’l’a,алля,kld_txt_KarNC_deers,a jeena al’l’a kolxozes’t’,2
neg.npst.3sg.быть,3,el’l’a,элля,kld_txt_KarNC_deers,ad’d’ l’eev s’iinen’ l’eev ad’d’ pugg el’l’a nɨd’d’ kooxxt eevvdel’ l’aajj,2
neg.npst.3sg.быть,3,el’l’a,элля,Переведенный корпус,sonn jur’tel’ što saam’ puud’d’en’ što soon narot el’l’a jeel’l’men’,2
neg.npst.3sg.быть,3,el’l’e,элле,Переведенный корпус,k’ees’s’ m’iine jaallmušš el’l’e čovta kuehk’,1
neg.pst.3pl.быть,1,el’l’ij,эллий,,,1
neg.pst.3sg.быть,2,el’l’ej,эллей,Переведенный корпус,jeen’n’ n’iijtes’ el’l’ej,1
neg.pst.3sg.быть,2,el’l’ij,эллий,kld_txt_Itkonen1931_6_page254,el’l’ij n’i toollsajj,2
neg.pst.3sg.быть,2,el’l’ij,эллий,kld_txt_Itkonen1931_6_page254,el’l’ij n’im’ii kued’es’t’,2
neg.быть.npst.3sg,1,jolla,йёлла,,,1
proh.pl,1,jel’l’e,елле,,,1
proh.sg,3,jeel’,ēль,kld_txt_Lehtiranta_1_r’iim’ɲ_moajnas,r’iimmɲ saarrn čte jeel’ poor(e)[b] muun(e),3
proh.sg,3,jeel’,ēль,kld_txt_Lehtiranta_3_kɒn’t’_moajnas,jeel’ pɨj(e) paarnaj kooɲɲčtuul’j vuus’s’temp’aalla kued’(e),3
proh.sg,3,jeel’,ēль,kld_txt_Lehtiranta_3_kɒn’t’_moajnas,jeel’ c’aal̥l̥k alkɲam meen(e) až’ant m’iil’l’te,3
proh.sg,3,jel',ель,kld_txt_Genetz1891,taall c'aal̥l̥ka ɒra jel' pag'e,1
proh.sg,3,jel’l’,елль,kld_txt_Kert1961_pro_vorona_tulena_i_dikogo_olena,jel’l’ š’iid soon vuella kɒn’t’ tuul’j,1
prt,2,gu,гу,kld_txt_KarNC_wedding,munn gu vaalta iǯan m’iil’l’e,1
prt,2,no,но,kld_txt_KarNC_wedding,no ladno jeel’eškuud’d’en’,1
puadd,1,puadd,пуадт,,,1
p’aall,1,Kul,ул,,,1
refl,8,(j)iiǯ’ǯ’,(й)ӣдждҍҍж,kld_txt_Lehtiranta_1_r’iim’ɲ_moajnas,taall saarrn čte mun(n) (j)iiǯ’ǯ’ pugg lɨggam,1
refl,8,idž,ыдж,kld_txt_Kert1961_byl_o_ljajne,idžɛs’es’ kize pɛr’a perk,1
refl,8,iiž,ӣж,Переведенный корпус,k’aas’s’et’ sama mooǯes’ ja š’iig puuʒet’ ja vɨge mun n’iijta vaarra ja kuud’e tenn še sajja kooz kuud’d’ex’ iižant n’iijt,1
refl,8,iiǯ,ӣдж,Переведенный корпус,tagda mɨjj iiǯ pɒɒj̥kan urdan snemajedem tel’e al’g’em jɒddjem saav’exal’n valas,4
refl,8,iiǯ,ӣдж,Переведенный корпус,kast’umčiket v’iil’l’g’es roovašket mooǯes plaat’jat i jeekna kopčenedem iiǯan škoola enternaahte v’ees’s’lušše,4
refl,8,iiǯ,ӣдж,kld_txt_Kert1961_pro_vorona_tulena_i_dikogo_olena,a iiǯ kɒn’n’t’ kaaddel’ jo,4
refl,8,iiǯ,ӣдж,Переведенный корпус,tenn nɨznes’ l’aajj iiǯes’ n’iijta,4
refl,8,iiǯ’,ӣджь,kld_txt_Kert1961_pro_vorona_tulena_i_dikogo_olena,iiǯ’ l’aajj kɒn’n’t’ i paz’eht kɒn’t’ tuul’jes’,1
refl,8,iiǯ’ǯ’,ӣдждҍҍж,kld_txt_Lehtiranta_2_r’iim’ɲ_i_taale_moajnas,i iiǯ’ǯ’ jaall,1
refl,8,iž,ыж,Переведенный корпус,a sɒɒne al'n ujnes' ižes' kallma n'iijt,1
refl,8,iǯ,ыдж,kld_txt_Kert1961_nuemmel_piras,kal'l'es' iǯ lɨkke kul'xes' lafkes' migjen’,1
refl.3sg,1,iž,ыж,,,1
refl.dat.sg,1,iǯ,ыдж,,,1
refl.gen,2,iiž,ӣж,Переведенный корпус,k’aavvla pɨjet vel nɒɒket’ a tej(d) nɒɒk’e k’aaǯa kruges’t’ pɨjet p’ees’s’ muur iižes’ suem’p’,1
refl.gen,2,iiž’,ӣжь,Переведенный корпус,a mudda a lɨhkev kuk’a el’e an’exa k’iihčev kooxxt iiž’es’ rooŋ’ŋ’k’ i meenn kugga bɨdd,1
refl.gen.sg,1,iiž’,ӣжь,,,1
refl.pl,1,iiž’a,ӣжя,,,1
tunn,1,rast,раст,,,1
vuun,1,al'l'm,алльм,,,1
А,1,a,а,,,1
Дед,1,aajj,а̄йй,,,1
Ефим.gen.sg,2,jeg’em’,егемь,kld_txt_KarNC_deers,aǯan koohčen’ mɒɒksan jeg’em’ al’l’k,1
Ефим.gen.sg,2,je’gem’,егемь,kld_txt_KarNC_deers,nɨm’m’p’ v’iil’l’aj l’aajj sɨmman je’gem’ al’l’k,1
Иван,1,Uvvan,вван,,,3
Иван.gen.sg,1,Uvvan,вван,,,1
Илья,1,el’j,элй,,,1
Кольский,1,???,???,,,1
Ловозеро,1,lujaav’r’,луйа̄вьр,,,1
Луявьр,1,lujav’r’,луйавьр,,,2
Ляйн,1,L’ain,аын,,,3
Ляйн.acc.sg,1,L’ain,аын,,,1
Ляйн.nom.sg,1,L’ain,аын,,,1
Максим.nom.sg,1,mɒɒksan,моа̄ксан,,,1
Мария,3,Mar'r'j’,аррй,Переведенный корпус,k’iil’te n’iijjt Mar'r'j’ Uvvan n’iijjt jiil'l'e uc'c' sɨjtes't' ooxxte,1
Мария,3,Mar'r’j,аррй,Переведенный корпус,oollme toahten’ pugg poaččke a Mar'r’j Uvvan n’iijjt saarrn,1
Мария,3,Mar’r'j,аррй,Переведенный корпус,sarneškud'e Mar’r'j Uvvan n’iijjt kaallseguejm c'aal̥l̥k kooz čuur'v’et' pɨjje tenn sajja koappče čuer'v' gar',1
Николай.nom.sg,1,mɨkkla,мыккла,,,1
Оадьтэм,2,ɒd’d’em,оадтем,Переведенный корпус,ɒd’d’emvuajvas mɨjj l’iijem i l’iijem vel šuurr ur’d’es,1
Оадьтэм,2,ɒd’d’em’,оадтемь,Переведенный корпус,ɒd’d’em’vuajva tuul’l’ej alavud’d’e l’ii jeena koollm čuud’d’e m’etredde,1
Оадьтэм_вуайва,1,ɒd’d’em,оадтем,,,1
Потом,1,maŋa,маӈа,,,1
Семён,1,sɨmman,сымман,,,1
Семён.nom.sg,1,sɨmman,сымман,,,1
Чельчедвоарь,1,čel’čedvɒɒr’,чэльчедвоа̄рь,,,1
Чуявьр,1,čuujav’r’,чӯйавьр,,,1
Юрьев,1,jur’jev,йюрев,,,1
а,2,a,а,Переведенный корпус,tel’ k’aaǯa a kut’as’ kes’s’ luuštal nuut’ tavas,70
а,2,a,а,Переведенный корпус,eexxt sugg a nɨm’m’p lueššt nuut’,70
а,2,a,а,Переведенный корпус,tel’e eeltnet nɨm’m’pe red’d’en’ rɨnnte i nuut’ k’eez’et k’iid’eguejm ele že eexxt olme veensen nuur’e vokgoarre nuehta a kut’es’ kut’ kuuxxt oollme kut’ p’iirаs nuut’ čoovvgev,70
а,2,a,а,Переведенный корпус,jel’l’eš eev’dla koavas keskes puell tooll a pɨrr ad’d’em v’ell as’te a pɨrr aaret es’tmen,70
а,2,a,а,Переведенный корпус,jel’l’eš eev’dla koavas keskes puell tooll a pɨrr ad’d’em v’ell as’te a pɨrr aaret es’tmen,70
а,2,a,а,Переведенный корпус,p’eejva l’eev što al’mes’ kopč(e)neddev peevl p’eejjv kues’s’ ejj vuaj meenne ab’b’r’ ab’b’r’ ejj vuaj i veeʒ a vuajj prosta meenne i veeʒ,70
а,2,a,а,Переведенный корпус,mennev tɒɒjv šurr ab’r’ a s’eent’aabres akt’aabr maanas a’lg uže pɨjje veeze,70
а,2,a,а,Переведенный корпус,a mudda a lɨhkev kuk’a el’e an’exa k’iihčev kooxxt iiž’es’ rooŋ’ŋ’k’ i meenn kugga bɨdd,70
а,2,a,а,Переведенный корпус,a mudda a lɨhkev kuk’a el’e an’exa k’iihčev kooxxt iiž’es’ rooŋ’ŋ’k’ i meenn kugga bɨdd,70
а,2,a,а,Переведенный корпус,keskes’t’ koollset’ kuud’et’ mugga al’a saja a vuul’em’b’eel’l’ lɨgget raajk,70
а,2,a,а,Переведенный корпус,k’aavvla pɨjet vel nɒɒket’ a tej(d) nɒɒk’e k’aaǯa kruges’t’ pɨjet p’ees’s’ muur iižes’ suem’p’,70
а,2,a,а,Переведенный корпус,koollset’ vued mɒɒše(t) mazeguejm a evtla oollme koollse vuedde pɨjjev koommset’ el’e_že nuer’j naak’ a pɨjet nɨt’t’ že seerva koommset,70
а,2,a,а,Переведенный корпус,koollset’ vued mɒɒše(t) mazeguejm a evtla oollme koollse vuedde pɨjjev koommset’ el’e_že nuer’j naak’ a pɨjet nɨt’t’ že seerva koommset,70
а,2,a,а,Переведенный корпус,pɨjet nɨt’t’ štobe sɨjj l’iihčen’ seekksem m’eedas tes’t’ vuajj kues’s’ l’eev seekks m’eedas vuajj čuujjke udlen’n’e a kues’s’ pejjne paahka to rueppt seeks ejj jɒdd valas k’irse,70
а,2,a,а,Переведенный корпус,vɨjem mɨjj rast laan’d’ lɒɒn’d’e m’iil’l’d’e čuujav’r’ čel’čedvɒɒr’e a al’m’es l’aajj b’eda mooǯes vɒɒvkez,70
а,2,a,а,Переведенный корпус,a mɨjj čuujjglem saav’ex’eguejm,70
а,2,a,а,kld_txt_Genetz1891,a čoahp’es’ peellv,70
а,2,a,а,kld_txt_Itkonen1931_6_page254,a kaallas paar’n’en’es’ put’t’ej kued’e gur’r’e,70
а,2,a,а,kld_txt_KarNC_deers,a s’iinet’ sɨjj pɨɲɲev,70
а,2,a,а,kld_txt_KarNC_deers,munndet(t) vaanas pɨɲɲe a pɨɲe el’j v’iil’ja,70
а,2,a,а,kld_txt_KarNC_deers,a iižmen’ maŋŋades’t’ges k’aahpneškuud’e,70
а,2,a,а,kld_txt_KarNC_deers,a sɨmman d’eed’san l’aajj soost l’aajj čuud’(d’) koollm,70
а,2,a,а,kld_txt_KarNC_deers,a sɨjj paj eftes’t’ jiil’l’en’,70
а,2,a,а,kld_txt_KarNC_deers,a jeena al’l’a kolxozes’t’,70
а,2,a,а,kld_txt_KarNC_deers,a čuuʒes’t’ kaažde br’igades’ l’ii rad’iopr’ijomn’ihk’ l’ii s’iirr,70
а,2,a,а,kld_txt_KarNC_wedding,a toonn kooxxt vuelkax,70
а,2,a,а,kld_txt_KarNC_wedding_pt2,meennev mɒst tel’ jev kug’g’ tam’p’e ɒres’t’ tel’ pued’d’ev vaal’l’te a soonn c’aal̥l̥k:,70
а,2,a,а,kld_txt_KarNC_wedding_pt2,a uks al’n tam’p’e ɒret s’iinet’ jev luušt ceel̥l̥kev:,70
а,2,a,а,kld_txt_KarNC_wedding_pt2,a ničego š’iig l’ii ad’d’ vuaja saarrne,70
а,2,a,а,kld_txt_KarNC_wedding_pt2,a mustgul čaapex kal’l’m’,70
а,2,a,а,kld_txt_KarNC_wedding_pt2,a keebbtuv’v’egul”,70
а,2,a,а,kld_txt_KarNC_wedding_pt2,a mɨjjgul zamorskoj kupca lep puedʼdʼep dak toon lehcepgul”,70
а,2,a,а,kld_txt_KarNC_wedding_pt2,a moostgul puuvl kal’l’m’ev”,70
а,2,a,а,kld_txt_KarNC_wedding_pt2,a kɒɒvvnep’,70
а,2,a,а,kld_txt_KarNC_wedding_pt2,a munngul šen’te dak šen’tedas mustgul puvle al’n nugge dak mus(t)gul pugnen’dekke,70
а,2,a,а,kld_txt_KarNC_wedding_pt2,a mezgul l’eev čuen’n’e,70
а,2,a,а,kld_txt_KarNC_wedding_pt2,a m’iines’(t’)gul l’eev vaal’ rueč,70
а,2,a,а,Переведенный корпус,munn l'aa čeehp' s'iirre a tonn pl'as’s'je,70
а,2,a,а,kld_txt_Kert1961_byl_o_ljajne,a idž vul’ki m’ahca,70
а,2,a,а,kld_txt_Kert1961_jeerrkja_oollmej_bajas,a tedd n’iijjt l’aajj puer’es’,70
а,2,a,а,kld_txt_Kert1961_jeerrkja_oollmej_bajas,a ɲikɒmpa paar’r’n soon ejj šɒbša,70
а,2,a,а,kld_txt_Kert1961_jeerrkja_oollmej_bajas,a tedd n’iijjt saarrn,70
а,2,a,а,kld_txt_Kert1961_jeerrkja_oollmej_bajas,a ruuc uže vɨjjten’ jaavvra,70
а,2,a,а,kld_txt_Kert1961_jeerrkja_oollmej_bajas,i kues’s’ vɨjjev raj tenn suel a al’l’t soon jev meen,70
а,2,a,а,Переведенный корпус,oollme toahten’ pugg poaččke a Mar'r’j Uvvan n’iijjt saarrn,70
а,2,a,а,Переведенный корпус,a munn kɨgeškuada a tɨjj kultlegge,70
а,2,a,а,Переведенный корпус,a munn kɨgeškuada a tɨjj kultlegge,70
а,2,a,а,kld_txt_Kert1961_nuemmel_piras,a kuhte ak'k' jamma Iiijjen’ aajjk al'l't.,70
а,2,a,а,kld_txt_Kert1961_nuemmel_piras,a kuht n’iijtpel’ l’iijen’ monaška,70
а,2,a,а,kld_txt_Kert1961_nuemmel_piras,a kuhte n’iijtpeles' Iiijjen’ monaška,70
а,2,a,а,kld_txt_Kert1961_pro_vorona_tulena_i_dikogo_olena,a m’ii l’ii karnses’t porrmuššen kuem čoajva ja jɒrk kɒmme vuajva,70
а,2,a,а,kld_txt_Kert1961_pro_vorona_tulena_i_dikogo_olena,a šiid puuʒe tuul’j,70
а,2,a,а,kld_txt_Kert1961_pro_vorona_tulena_i_dikogo_olena,a ɨgga soon muhcguude mov’jas,70
а,2,a,а,kld_txt_Kert1961_pro_vorona_tulena_i_dikogo_olena,a iiǯ kɒn’n’t’ kaaddel’ jo,70
а,2,a,а,Пkld_txt_Kert1961_suška škur,tuul’j al’n’ vuajj vued’d’e il’i kuarre maal’c’et’ ja rɒvvet’ a kɒmmsen’ kuaret’ tubɨrket’ p’imat’ buurket’,70
а,2,a,а,kld_txt_Lehtiranta_2_r’iim’ɲ_i_taale_moajnas,a r’iim’m’ɲ voal’te(j) kuul’e(j)t,70
а,2,a,а,Переведенный корпус,a l’aajj n’iijta v’aal uc’c’ i ejj šɨl̥kxa n’imeenn lɨhke,70
а,2,a,а,Переведенный корпус,jur’te kaal’l’es’ vaal’l’te nɨzan kuu šendahč go rɒdne jeen’n’ n’iijtaja a vɨjte muddanaalla,70
а,2,a,а,Переведенный корпус,rɒdne n’iijtes’ meenn ejj lɨk soon paje pueraht a n’iijjtb’eel’l’ xošš i pugg per̥t m’iil’l’te lɨke jeen’n’b’eel’l’ soonen’ paje ɒr̥r̥tedd ja cele p’iijve m’iil’l’te ševraht,70
а,2,a,а,Переведенный корпус,a tudd n’iijjt l’aajj laaš’š’k ja kapr’izne,70
а,2,a,а,Переведенный корпус,a kaal’l’es’ n’iijjt cele p’eejve m’iil’l’te lɨke sonn i č’aaz’ gɒrre vɒrrad sonn i p’eerk kɨppt i laammpset’ por̥tad i muur’et’ kuennt d’i šeel’d’et’ pass,70
а,2,a,а,Переведенный корпус,pɨd’d’e sonn n’iijtes’ vaarra ɨšteht’ soon p’eez’ vuella a iiǯ vɨxxta vɨjjel’ mɒɒst štobɨ ejj ujjine n’iijtes’ sɒr’m’,70
а,2,a,а,Переведенный корпус,a go kujje vuul'l'kkud'e,70
а,2,a,а,Переведенный корпус,a aka tenn vr'em'a vuerred,70
а,2,a,а,Переведенный корпус,a sɒɒne al'n ujnes' ižes' kallma n'iijt,70
а,2,a,а,Переведенный корпус,a vennas s’inen’ l’iijen’ rɨnt kuures’t,70
а,2,a,а,Переведенный корпус,a narot pugg vuessta,70
а,2,a,а,Переведенный корпус,a jeer’es’ oollme kuud’d’jen’ venset’,70
а,2,a,а,Переведенный корпус,a tegg vuul’l’k’en’,70
а,2,a,а,Переведенный корпус,a s’ines’t’ pɨss jev l’iin’č,70
а,2,а,а,kld_GGM_SG_map_202308D,а kas’t voarrde munn emm t’iid’,1
август,2,aavgust,а̄вгуст,Переведенный корпус,čeexxč saam oollme saarnev puadd nim’b čislas’ aavgustes kues’s’ p’eervi vuer oolme ujnas al’m’es tas’t’,2
август,2,aavgust,а̄вгуст,Переведенный корпус,saam saarnev što nim’b’ aavgustes puadd kuevs i čɒɒhpes’ j’eer‘g lɒɒgas k’iin’n’t’e,2
август,2,aavguust,а̄вгӯст,Переведенный корпус,aavguust maanas s’eent’aabr maanas akt’aabr maanas j’eerg l’eev loosses,1
апрель,1,apr’el,апьрел,,,1
база.nom.sg,1,bazа,баз,,,1
бакенбарды,1,simn,сымн,,,1
беда.NOM.SG.,1,b’eda,беда,,,1
бедный.???,1,vaajvaš,ва̄йваш,,,1
бедняк.gen.sg,1,vaajjveš,ва̄ййвэш,,,1
бедренная_кость,1,cueɲɲčm,цуэннчм,,,1
бежать,13,kar,кар,kld_txt_Kert1961_pro_vorona_tulena_i_dikogo_olena,ujnsen aajjes’ pueddem karsen kued’ luz ja xoŋkerguud’d’en’,1
бежать,13,karr,карр,Переведенный корпус,vuus’ ɲues’s’ jeer’r’k’e puuʒe / čuez b’eda čofta s’iirran i b’eda čofta puuʒe karrev,4
бежать,13,karr,карр,kld_txt_Kert1961_pro_vorona_tulena_i_dikogo_olena,sɨjj karrev p’alpnev moast jeen’es’ gɒrre,4
бежать,13,karr,карр,kld_txt_Lehtiranta_1_r’iim’ɲ_moajnas,r’iimmɲ vuul’ge vaarra karrel ja saarrn,4
бежать,13,karr,карр,kld_txt_Lehtiranta_3_kɒn’t’_moajnas,m’iil’l’te karrel,4
бежать,13,kar’r’,каррь,kld_txt_Lehtiranta_1_r’iim’ɲ_moajnas,juelγeɲen d’i(i) juelγeɲen men(n) vexxteɲɲe vu(e)jjbed’d’e kar’r’e(ẟ),2
бежать,13,kar’r’,каррь,kld_txt_Lehtiranta_1_r’iim’ɲ_moajnas,vajšeɲɲe vuejjep kar’r’eẟ,2
бежать,13,keerr,кэ̄рр,Переведенный корпус,čuujgmen’ k’iihčep man’t’e zv’eer l’eev keerrma man’t’esem k’iijje l’eev koonngɒrre l’eev keerrma meenn vuejga,2
бежать,13,keerr,кэ̄рр,Переведенный корпус,čuujgmen’ k’iihčep man’t’e zv’eer l’eev keerrma man’t’esem k’iijje l’eev koonngɒrre l’eev keerrma meenn vuejga,2
бежать,13,keer’r’,кэ̄ррь,kld_txt_Lehtiranta_2_r’iim’ɲ_i_taale_moajnas,keer’r’en keer’r’en,2
бежать,13,keer’r’,кэ̄ррь,kld_txt_Lehtiranta_2_r’iim’ɲ_i_taale_moajnas,keer’r’en keer’r’en,2
бежать,13,kerr,кэрр,kld_txt_Kert1961_pro_vorona_tulena_i_dikogo_olena,a pɒššemb’elt kued kerrnev kuuht kɒn’t’ parna,1
бежать,13,t’eerr,тēрр,kld_txt_Lehtiranta_3_kɒn’t’_moajnas,t’eerrel,1
бежать,13,v'iiž,вӣж,Переведенный корпус,pɒɒss aaka v'iižes' vuessta,1
бежать,13,viiǯ,вӣдж,Переведенный корпус,paar’r’n k’iičes’t’ tooge i mudda goarra k’iihč’ što viiǯed el’l’a kooz,1
бежать,13,vuag,вуаг,kld_txt_Kert1961_pro_vorona_tulena_i_dikogo_olena,vuage vuage k’aahč,4
бежать,13,vuag,вуаг,kld_txt_Kert1961_pro_vorona_tulena_i_dikogo_olena,vuage vuage k’aahč,4
бежать,13,vuag,вуаг,kld_txt_Kert1961_pro_vorona_tulena_i_dikogo_olena,sonn vuages’t p’iiŋk eel leeg voal’te,4
бежать,13,vuag,вуаг,kld_txt_Kert1961_pro_vorona_tulena_i_dikogo_olena,sonn vuages’t tummpla,4
бежать,13,vuagg,вуагк,kld_txt_Lehtiranta_2_r’iim’ɲ_i_taale_moajnas,vuaggel i k’iičnadd,1
бежать,13,v’i,ви,Переведенный корпус,paar’r’n’ v’i ǯ'el’ pajas,1
бежать,13,v’iž’,вижь,Переведенный корпус,tel’ i v’iž’e narot pugg vuessta,1
бежать.imp.sg,1,viǯ’,выджь,,,1
бежать_рысью,1,vuagg,вуагк,,,2
бежать_рысью.imp.sg,1,vuag(,вуаг(,,,1
белка,1,vuer’r’v,вуэррьв,,,2
белый,7,jiijv,ӣйв,Переведенный корпус,k'as's'et' sama mooǯes' jiijv puuʒet',1
белый,7,v'iilg,вӣлг,kld_txt_KarNC_deers,puedd paj l'eev v'iilge ja š'iig,1
белый,7,v’iil'l'k,вӣлльк,Переведенный корпус,kues’s’ ɨddev mooǯes' sɒɒn k'aassxa v’iil'l'kes' cɒɒr puuʒeguejm,1
белый,7,v’iil’g’,вӣльг,kld_txt_Genetz1891,avvta vuul’ke(j) v’iil’g’es’ k’eeddke kuajjve(δ),1
белый,7,v’iil’k’,вӣльк,kld_txt_Genetz1891,vaan'cel'(e) v’iil’k’es’ k’eedka kuajjve(δ),1
белый,7,v’iil’l’g’,вӣлльг,Переведенный корпус,kast’umčiket v’iil’l’g’es roovašket mooǯes plaat’jat i jeekna kopčenedem iiǯan škoola enternaahte v’ees’s’lušše,1
белый,7,v’iil’l’k’,вӣлльк,kld_txt_Genetz1891,tal’ v’iil’l’k’es’ k’eeddka,4
белый,7,v’iil’l’k’,вӣлльк,Переведенный корпус,muuɲkaallsa šɒlšuve taate sonn kaal’l’mde n’iijta da čofta n’iijjt l’aajj š’iig ja mooǯe cɒɒge sonn n’iijjta v’iil’l’k’es’ p’eeck štobɨ ejj kelmče,4
белый,7,v’iil’l’k’,вӣлльк,Переведенный корпус,n’iijjt l’aajj tenn vuer caagga muuɲkaallsa laaj̥et’ v’iil’l’k’es’ p’eeck v’iil’l’k’es’ mooǯes’ p’imat’,4
белый,7,v’iil’l’k’,вӣлльк,Переведенный корпус,n’iijjt l’aajj tenn vuer caagga muuɲkaallsa laaj̥et’ v’iil’l’k’es’ p’eeck v’iil’l’k’es’ mooǯes’ p’imat’,4
белый.pred,1,v'iillke,вӣллкэ,,,1
берег,2,rɨnnt,рыннт,Переведенный корпус,eexxt kudda rɨnnte,8
берег,2,rɨnnt,рыннт,Переведенный корпус,tel’e eeltnet nɨm’m’pe red’d’en’ rɨnnte i nuut’ k’eez’et k’iid’eguejm ele že eexxt olme veensen nuur’e vokgoarre nuehta a kut’es’ kut’ kuuxxt oollme kut’ p’iirаs nuut’ čoovvgev,8
берег,2,rɨnnt,рыннт,kld_txt_Kert1961_rybolovstvo_20210223,ja tel' sugg rɨnnte,8
берег,2,rɨnnt,рыннт,kld_txt_Kert1961_rybolovstvo_20210223,kues's' nuuht' puud'e rɨnnte,8
берег,2,rɨnnt,рыннт,Переведенный корпус,s’ines’t’ l’ijjen’ vennas k’aassen’č di l’ijjen’ t’eerpnenč kobba jev kuestče rɨnnte,8
берег,2,rɨnnt,рыннт,Переведенный корпус,tel’ sɨjj puudden’ rɨnnte,8
берег,2,rɨnnt,рыннт,Переведенный корпус,maŋŋa sɨjj n’iijpen’ rɨnnte i s’iireškudden’,8
берег,2,rɨnnt,рыннт,Переведенный корпус,k’iičes’t’ kuuht čud’čuer’v’ vujjev rɨnnte sɨje,8
берег,2,rɨnt,рынт,kld_txt_Kert1961_jeerrkja_oollmej_bajas,kuul’l’j’aav’r’ rɨntes’t’ jiil’l’en’ jeerrkja oollme,1
берег.gen.sg,1,rɨnt,рынт,,,1
береста,3,p'ees's',пēссь,kld_txt_Kert1961_rybolovstvo_20210223,ooʒen' per'a p'ees's'muuret',1
береста,3,p’eez,пēз,kld_txt_Kert1961_rybolovstvo_20210223,maŋŋa p’eezet' poage kɨššken',1
береста,3,p’iiz,пӣз,kld_txt_Kert1961_rybolovstvo_20210223,oakkšen v’eer'r'en' p’iizet' sueges't',1
береста.nom.sg,1,p’ees’s’,пēссь,,,3
беречь,2,pɨn’n’,пыннҍ,Переведенный корпус,kooxxt kuuht paar’n’ pɨn’n’jen’ narodes’,1
беречь,2,voar’r’,воаррь,kld_txt_Kert1961_pro_vorona_tulena_i_dikogo_olena,paar’n’am paar’n’am voar’r’duvve,1
берёза,1,sueg,суэг,,,1
берёза.acc.sg,1,sueg',суэгь,,,1
бить,3,taagg,та̄гк,Переведенный корпус,tel’ sug’g’eš i el’k’en’ s’in’et’ ar’jeguejm taagge(d),1
бить,3,tagg,тагк,Переведенный корпус,kɨdda puuʒe taggev čuer’v’et’,1
бить,3,vesst,вэсст,Переведенный корпус,i k’eelteguejm di pugg vessten’,1
бить_по_воде,1,tuerrp,туэррп,,,2
близкий,2,al’t,альт,kld_txt_Kert1961_pro_vorona_tulena_i_dikogo_olena,al’tla puud’e ujjn kuuht nuer’j al’ka kuedes’t valas k’irsellev ja xur’g’sev,1
близкий,2,eelt,э̄лт,Переведенный корпус,tel’e eeltnet nɨm’m’pe red’d’en’ rɨnnte i nuut’ k’eez’et k’iid’eguejm ele že eexxt olme veensen nuur’e vokgoarre nuehta a kut’es’ kut’ kuuxxt oollme kut’ p’iirаs nuut’ čoovvgev,1
близко,3,al'l't,алльт,kld_txt_Kert1961_rybolovstvo_20210223,kues's' ran'n't puedeškud'e al'l't,1
близко,3,al'l't.,алльт.,kld_txt_Kert1961_nuemmel_piras,a kuhte ak'k' jamma Iiijjen’ aajjk al'l't.,1
близко,3,al’l’t,алльт,kld_txt_Kert1961_jeerrkja_oollmej_bajas,i kues’s’ vɨjjev raj tenn suel a al’l’t soon jev meen,3
близко,3,al’l’t,алльт,Переведенный корпус,vot sɨjj puud’d’en’ al’l’tla,3
близко,3,al’l’t,алльт,Переведенный корпус,puud’d’en’ al’l’tla,3
богатый,2,vaaptek,ва̄птэк,Переведенный корпус,ja cɒɒg'e sama moǯes' vaaptek oasset man'te sos l'iijjen',1
богатый,2,vapteg,ваптэг,Переведенный корпус,sonn nɨdd žal'ej ujjne n'iijjtes' kaallsa n'iijt sajes' vapteg ja cɒɒr al'k ahk'en' što lunten' ižes' pɒɒssvudes',1
бок,2,jeer̥’r̥’t,ēҏҏьт,kld_txt_Kert1961_pro_vorona_tulena_i_dikogo_olena,kued’ muurren’ l’iijen’ jeer̥’r̥’tb’el’l’taaf’t,1
бок,2,vok,вок,Переведенный корпус,tel’e eeltnet nɨm’m’pe red’d’en’ rɨnnte i nuut’ k’eez’et k’iid’eguejm ele že eexxt olme veensen nuur’e vokgoarre nuehta a kut’es’ kut’ kuuxxt oollme kut’ p’iirаs nuut’ čoovvgev,1
бок.gen.sg,1,er’(t),эрь(т),,,1
болезнь,2,keb,кэб,kld_txt_KarNC_wedding_pt2,i vot mɨjj pud’em zamorskoj kupca pugg l’eev kebtuvvma,1
болезнь,2,keebb,кэ̄бп,kld_txt_KarNC_wedding_pt2,a keebbtuv’v’egul”,1
болеть,2,čueʒ,чуэдж,Переведенный корпус,polxet jeb’b’ kaadxellma mɨjen pugg š’iiggten’n’e n’ik’ee čueʒa,1
болеть,2,čuuʒ’,чӯджь,Переведенный корпус,sɨjj jev v’eež daac’em čuuʒ’ev vuejjv luennt,1
больше,2,bol’še,больше,kld_txt_Lehtiranta_3_kɒn’t’_moajnas,egg ujn bol’še muun(e),1
больше,2,больше,больше,kld_GGM_SG_map_202308D,больше emm t’ii(d’) n’imeenn,1
большое.стадо,1,čuudz,чӯдз,,,1
большой,3,šur,шур,kld_txt_Kert1961_byl_o_ljajne,v’ār ki̮pti͔ šur ci̮hci̮m kimn’i͔s’,4
большой,3,šur,шур,kld_txt_Kert1961_byl_o_ljajne,uks ɛ̄л pakɛ pi̮ije šur kɛлd,4
большой,3,šur,шур,kld_txt_Kert1961_byl_o_ljajne,tɛs’t˙ L’ain šur ni̮ipɛn˙ ter̭pe cepɛt˙ čūd˙čur’v’i̮s’,4
большой,3,šur,шур,kld_txt_Kert1961_byl_o_ljajne,vån’ci͔ pud˙i͔ šur jāvr’ лuz kehč:,4
большой,3,šur’,шурь,Переведенный корпус,tav’v’en starjedet vaal’de šur’a abjom čaj,1
большой,3,šuurr,шӯрр,kld_GGM_SG_map_202308D,sonn тоже jɒdd... kɒllk šuurr javvra,11
большой,3,šuurr,шӯрр,kld_GGM_SG_map_202308D,šuurr jaav’v’r’,11
большой,3,šuurr,шӯрр,kld_GGM_SG_map_202308D,šuurr jaav’r’es’,11
большой,3,šuurr,шӯрр,kld_GGM_SG_map_202308D,tam’b’eel’l’ al’l’ak šuurr jaavra,11
большой,3,šuurr,шӯрр,kld_GGM_SG_map_202308D,jev l’eev v(‘)aal jevla šuurr ja(a)v(v)ra v’aal l’ii,11
большой,3,šuurr,шӯрр,Переведенный корпус,ɒd’d’emvuajvas mɨjj l’iijem i l’iijem vel šuurr ur’d’es,11
большой,3,šuurr,шӯрр,kld_txt_Itkonen1931_6_page254,l’ii strašno šuurr,11
большой,3,šuurr,шӯрр,kld_txt_KarNC_deers,mɨjj uže šuurrnem’ šendem’,11
большой,3,šuurr,шӯрр,kld_txt_Kert1961_jeerrkja_oollmej_bajas,i tes’t’ šeende šuurr šeeŋŋ,11
большой,3,šuurr,шӯрр,kld_txt_Kert1961_rybolovstvo_20210223,tes't' voal’l'ten' šuurr cɨhcem k’iim’n’,11
большой,3,šuurr,шӯрр,Переведенный корпус,mudda vuer puud’e muuɲekaallsa ja pɨt’e n’iijjta laaj̥et i šuurr ɨš’s’t’e t’iivvt kɒl’eguejm,11
большой.ATTR,1,šuurr,шӯрр,,,1
большой_палец.NOM.SG,1,p’eel’l’k’,пēлльк,,,1
борода,1,s’aamn’,ся̄мьн,,,1
бояться,5,peel,пэ̄л,Переведенный корпус,a pɨht’e peer̥r̥te jeer’es nɨzan sonn peele uššte vuajj pɒbbxe nɨzan kuu ejj vuaɲč vuajxe rɒdne jeen’ soon n’iijtaja,1
бояться,5,peel’l’,пэ̄лль,kld_txt_Kert1961_jeerrkja_oollmej_bajas,peel’l’ev,1
бояться,5,pel,пэл,kld_txt_Lehtiranta_3_kɒn’t’_moajnas,egg pelče,1
бояться,5,pel̥,пэӆ,Переведенный корпус,čuud’d’čuer’r’v pajnal s’aamn’es’ pel̥t paar’net’ an’ paar’r’ne poaččev,1
бояться,5,pe’l,пэль,kld_txt_Lehtiranta_2_r’iim’ɲ_i_taale_moajnas,eevvtjeer’r’k pe’lte(j),1
бояться.imp.sg,1,peel(,пэ̄л(,,,1
брат,4,v'iil'j,вӣлй,Переведенный корпус,puarrsamuss saarrn v'iil'jas,1
брат,4,vil'j,вылй,Переведенный корпус,vil'jenč,1
брат,4,v’iil’j,вӣлй,kld_txt_KarNC_deers,m’iinen’ v’iil’jangɒn’c’ pɨɲɲen’,2
брат,4,v’iil’j,вӣлй,kld_txt_KarNC_deers,munndet(t) vaanas pɨɲɲe a pɨɲe el’j v’iil’ja,2
брат,4,v’iil’l’,вӣлль,kld_txt_KarNC_deers,nɨm’m’p’ v’iil’l’aj l’aajj sɨmman je’gem’ al’l’k,1
брат.nom.pl,2,vil'j,вылй,kld_txt_Kert1961_nuemmel_piras,kоlm vil'j ujjten’ kolm gårra.,1
брат.nom.pl,2,v’iil’j,вӣлй,Переведенный корпус,sijd’es’ m’iinet pood’d’en pravažat jeen’ až’ i v’iil’j tɒɒvvrež vuep’s’ej i mudda oollme,1
брать,10,vaal't,ва̄льт,kld_txt_Genetz1891,vaal'te ɨšte kɒb(e) raabe(j) kab'b'er' pɨjje(j) kuut' juul'k’es' keske ja raajk pukkej kap’p’r’e,1
брать,10,vaalt,ва̄лт,Переведенный корпус,sonn c’eel̥’l̥’k’ munngul vaalta,5
брать,10,vaalt,ва̄лт,kld_txt_KarNC_wedding,toonn vaaltax iiž’ant m’iiles’t’ al’i k’eenn,5
брать,10,vaalt,ва̄лт,kld_txt_KarNC_wedding,munn gu vaalta iǯan m’iil’l’e,5
брать,10,vaalt,ва̄лт,kld_txt_Kert1961_jeerrkja_oollmej_bajas,kɒmpa luša/lɨšše soon vaaltahč kuujje,5
брать,10,vaalt,ва̄лт,kld_txt_Lehtiranta_3_kɒn’t’_moajnas,poka p’iiŋk egg vaaltče,5
брать,10,vaalе,ва̄л,kld_txt_Lehtiranta_2_r’iim’ɲ_i_taale_moajnas,kas’t ton(n) с’aal̥l̥k kuul’e(j)t vaalеax,1
брать,10,vaal’d,ва̄льд,kld_txt_Lehtiranta_1_r’iim’ɲ_moajnas,taall vaal’de r’iim’ɲ ja kuun’n’d(‘)kuuδ’e,1
брать,10,vaal’l’t,ва̄лльт,kld_txt_KarNC_wedding_pt2,meennev mɒst tel’ jev kug’g’ tam’p’e ɒres’t’ tel’ pued’d’ev vaal’l’te a soonn c’aal̥l̥k:,1
брать,10,valt,валт,kld_txt_Kert1961_nuemmel_piras,k’ee man'tem lɨhkmušše (lɨhk) valtat.,1
брать,10,val’d’,вальд,Переведенный корпус,sonn val’d’e samastr’eles’ pɨje n’ul i tɨvvluve r’eešškled,1
брать,10,voal't,воальт,kld_txt_Genetz1891,voal'te(j) s'irre(δ) paarna(j)n' vuejve(j)t’ rɒdd,6
брать,10,voal't,воальт,kld_txt_Genetz1891,voal'te(j) soane(j)t’ vuulke(j) muure(j)t’ soagge,6
брать,10,voal't,воальт,kld_txt_Genetz1891,sonn ejj alka pag'g'e(δ) voal'te(j) taale k'aassad'd'e muursoane vuella kuaddas’ vaancel’,6
брать,10,voal't,воальт,kld_txt_Genetz1891,taall voal'te laammpas pugg poore(j),6
брать,10,voal't,воальт,kld_txt_Genetz1891,sonn poage voal'te pampel'es voal'te ja vaan'cel'(e) vaarra koze vuejjv kuent,6
брать,10,voal't,воальт,kld_txt_Genetz1891,sonn poage voal'te pampel'es voal'te ja vaan'cel'(e) vaarra koze vuejjv kuent,6
брать,10,voal’t,воальт,kld_txt_Genetz1891,tal taall sonn taal vuejves’t’ kecest voal’te(j) pakke(δ),5
брать,10,voal’t,воальт,kld_txt_Genetz1891,sonn voal’te kuajv,5
брать,10,voal’t,воальт,kld_txt_Kert1961_pro_vorona_tulena_i_dikogo_olena,sonn vuages’t p’iiŋk eel leeg voal’te,5
брать,10,voal’t,воальт,kld_txt_Lehtiranta_2_r’iim’ɲ_i_taale_moajnas,r’iim’m’ɲ voal’tej kuul’(e) s’eejpes vuella,5
брать,10,voal’t,воальт,kld_txt_Lehtiranta_2_r’iim’ɲ_i_taale_moajnas,voal’te s’eejpes pajent,5
брать,10,vɒɒl’d’,воа̄льд,Переведенный корпус,vɨjem puuʒet mɨjj vɒɒl’d’em p’eerg m’il’l’d’e maal’c’et p’imat’ tobɨrket saav’ex’et poolxet’ saallvas koompas t’etradet’ fataparaat ɒɒkše i vɨjjl’em čiirre,1
брать.(n)pst.3sg,1,vaa(l’)l’t’,ва̄(ль)льт,,,2
брать.NPST.3SG,2,vaallt,ва̄ллт,kld_txt_Genetz1891,tedd vaallt k’iiddes’,1
брать.NPST.3SG,2,voal’l’t’,воалльт,kld_txt_Genetz1891,sonn voal’l’t’,1
брать.npst.3sg,1,vaallt,ва̄ллт,,,3
брезент.acc.sg,1,saallvas,са̄ллвас,,,1
брезент.gen.sg,1,saallvas,са̄ллвас,,,1
бригада,1,br’igad,бьригад,,,1
бросать.NPST.SG,1,čac’c’k’,чадцььк,,,1
бросить,2,čac’c’k’,чадцььк,kld_txt_Genetz1891,taaht čac’c’k’e(δ),1
бросить,2,čec’k’,чэцьк,kld_txt_Genetz1891,čec’k’e,3
бросить,2,čec’k’,чэцьк,kld_txt_Genetz1891,nu sonn oaššte čec’k’e,3
бросить,2,čec’k’,чэцьк,kld_txt_Genetz1891,čec’k’e(j),3
бросить.NPST.3SG,1,čac’c’k,чадцььк,,,1
бросить.npst.3sg,1,čacck,чадцк,,,1
бурки,1,buurk,бӯрк,,,1
буря.nom.sg,1,šeeŋŋ,шэ̄ӈӈ,,,3
бухта,2,čuhp,чуххп,Переведенный корпус,eexxt vuerr oollme t'iid'sen' što ruhc puadd kuelnegg čuhpe ja saam’et’ puket’ koan'te,1
бухта,2,и,и,Переведенный корпус,jeem’m’n’e mene rast Kul vuun al'l'm и идтиpst.3sg dem2.acc.sg сторонаILL.sg Кольский бухтаacc.sg? ???ill.sg и остановиться???pst.3sg,1
буёк.acc.sg,1,kul̥p,куӆп,,,1
бы,3,bed,бэд,kld_txt_Lehtiranta_1_r’iim’ɲ_moajnas,bɨdd kuun’n’de(ẟ) jeenna muurre ja p’aasstaγe(j)d bed pooɲ(e)[f],1
бы,3,bi,бы,Переведенный корпус,p’ees’s’ muur raadet mugga štobi soonn ejj vuajče muurrtje l’aahč bi rɒvas ja muulehče jeenne vuek’s’ i ejj sojnehče,1
бы,3,bɨ,бы,kld_txt_Kert1961_jeerrkja_oollmej_bajas,oollme meennen’ tenn n’iijjta aanne štobe sonn lɨgga(h)č nɨd’d’ kooxxt bɨ ruuce jev p’eezče s’iine gɒrre,2
бы,3,bɨ,бы,Переведенный корпус,jeen’n’p’eel’l’ sernna soon ejj šɒbša i paje jur’te kooxxt bɨ vɨjxe n’iijjtp’eel’ per̥tes’ pɒɒge,2
бывает,1,bɨvaet,бываэт,,,5
бывать,1,voarrd,воаррд,,,1
бывать.imp.sg,1,voarred,воаррэд,,,1
бык,1,jeer’k,ēрьк,,,1
бык.gen.sg,1,jeer’g’,ēрьг,,,1
бык.nom.sg,2,jeer’r’k,ēррьк,kld_txt_Lehtiranta_2_r’iim’ɲ_i_taale_moajnas,jeer’r’k suurrken,1
бык.nom.sg,2,j’eer‘g,йэ̄р‘г,Переведенный корпус,saam saarnev što nim’b’ aavgustes puadd kuevs i čɒɒhpes’ j’eer‘g lɒɒgas k’iin’n’t’e,1
быстро,3,vajšeɲɲe,вайшэннэ,kld_txt_Lehtiranta_1_r’iim’ɲ_moajnas,vajšeɲɲe vuejjep kar’r’eẟ,1
быстро,3,vexxteɲɲe,вэххтэннэ,kld_txt_Lehtiranta_1_r’iim’ɲ_moajnas,juelγeɲen d’i(i) juelγeɲen men(n) vexxteɲɲe vu(e)jjbed’d’e kar’r’e(ẟ),1
быстро,3,vɨxxt,выххт,Переведенный корпус,pɨd’d’e sonn n’iijtes’ vaarra ɨšteht’ soon p’eez’ vuella a iiǯ vɨxxta vɨjjel’ mɒɒst štobɨ ejj ujjine n’iijtes’ sɒr’m’,1
быстрый,1,udl,удл,,,3
быть,14,Iiijj,ӣйй,kld_txt_Kert1961_nuemmel_piras,a kuhte ak'k' jamma Iiijjen’ aajjk al'l't.,2
быть,14,Iiijj,ӣйй,kld_txt_Kert1961_nuemmel_piras,a kuhte n’iijtpeles' Iiijjen’ monaška,2
быть,14,l'aa,ля̄,kld_txt_Genetz1891,olmuj c'aal̥l̥ka što m'ii l'aak tonn v’iɨggolmejt egg vuajje mune kab’b’er' t’iivvte(d),2
быть,14,l'aa,ля̄,kld_txt_Genetz1891,no l'aaɲč at't' kul mɨn’n’e t’iiŋ’k’e(j)t’ ejj bɨdd jenamp,2
быть,14,l'iijj,лӣйй,Переведенный корпус,ja cɒɒg'e sama moǯes' vaaptek oasset man'te sos l'iijjen',1
быть,14,le,лэ,kld_txt_KarNC_wedding_pt2,a mɨjjgul zamorskoj kupca lep puedʼdʼep dak toon lehcepgul”,1
быть,14,liij,лӣй,Переведенный корпус,aggas't' liijen’ kuuht vaajjveš al'k',1
быть,14,lʼee,лэ̄,kld_txt_KarNC_wedding_pt2,… mɒššenʼ t’iiŋʼk’eguejm tam’p’e lʼeev pʼeelʼčudʼdʼ kopʼejkedde ili mar̥ʼr̥ʼkʼ.,1
быть,14,l’aa,ля̄,kld_SAM_SG_map_20230815,l’aan’č kualmant sɨjjt,11
быть,14,l’aa,ля̄,kld_SAM_SG_map_20230815,и sonn l’aan’č,11
быть,14,l’aa,ля̄,kld_SAM_SG_map_20230815,vuejjev bɨ... kuuššk l’aan’č,11
быть,14,l’aa,ля̄,Переведенный корпус,saam’ oollme toože c’eel̥’l̥’k’ev vuejjev c’eel̥’l̥’k’e man’te l’aaɲč jeerrk jeggda tunn p’eejv,11
быть,14,l’aa,ля̄,Переведенный корпус,nu vot nap’r’im’eer / vot kooxxt / jesl’e m’eer gor’r’en’ kas’s’ puadd tav(’)v(’)al p’iiŋŋk / pɨjjen’ s’eenkes’ peevl l’ee∅ / to saam’ saarrnev što l’aaɲč tav(’)v(’)al p’iiŋŋg ja ɲues’s’ jeerrk / vuajj pued’d’e c’iigg jeerrk,11
быть,14,l’aa,ля̄,Переведенный корпус,saarrnev što l’aaɲč ɲues’s’ jeerrk / aab’b’r’ jeerrk / abrešuadd,11
быть,14,l’aa,ля̄,Переведенный корпус,suem’p’ k’aaǯ’a kooret naak’ štobe l’aahč štobi vuajehček oojjke k’iid’ i l’aahč š’iiγ’ čuujjke,11
быть,14,l’aa,ля̄,Переведенный корпус,i kues’s’ čuujjklet’ štobi soonn l’aahč soonen’ l’aahč š’iiγ’ čuujjke,11
быть,14,l’aa,ля̄,Переведенный корпус,i kues’s’ čuujjklet’ štobi soonn l’aahč soonen’ l’aahč š’iiγ’ čuujjke,11
быть,14,l’aa,ля̄,Переведенный корпус,p’ees’s’ muur raadet mugga štobi soonn ejj vuajče muurrtje l’aahč bi rɒvas ja muulehče jeenne vuek’s’ i ejj sojnehče,11
быть,14,l’aa,ля̄,Переведенный корпус,tonn l’aax mɨn’n’e čofta m’iil’l’e vɨjd mɨn’n’e kuujje,11
быть,14,l’aahč,ля̄ххч,Переведенный корпус,suem’p’ k’aaǯ’a kooret naak’ štobe l’aahč štobi vuajehček oojjke k’iid’ i l’aahč š’iiγ’ čuujjke,1
быть,14,l’ee,лē,Переведенный корпус,lujaav’r’es’ j’eerg l’eev razni,25
быть,14,l’ee,лē,Переведенный корпус,kɨdda l’eev raznɨ jeerg,25
быть,14,l’ee,лē,Переведенный корпус,p’eejva l’eev što al’mes’ kopč(e)neddev peevl p’eejjv kues’s’ ejj vuaj meenne ab’b’r’ ab’b’r’ ejj vuaj i veeʒ a vuajj prosta meenne i veeʒ,25
быть,14,l’ee,лē,Переведенный корпус,k’ees’s’a tɒɒijv l’eev b’eda žor p’eejv,25
быть,14,l’ee,лē,Переведенный корпус,muddavuer kuu žor p’eejve l’eev ab’r’ meennev i b’eda redka k’ees’s’a muddavuer tol’ka men(a)s veeʒ,25
быть,14,l’ee,лē,Переведенный корпус,muur pugg l’eev tes’t’ mudd saj kaahta veezen’,25
быть,14,l’ee,лē,Переведенный корпус,vaar’ l’ee∅ tuvvnadma taal’l’v n’iijjden’,25
быть,14,l’ee,лē,Переведенный корпус,l’eev nu mugga p’r’im’eetav kojt m’iil’d’es i vuejjev c’eel̥’l̥’k’e,25
быть,14,l’ee,лē,Переведенный корпус,nu vot nap’r’im’eer / vot kooxxt / jesl’e m’eer gor’r’en’ kas’s’ puadd tav(’)v(’)al p’iiŋŋk / pɨjjen’ s’eenkes’ peevl l’ee∅ / to saam’ saarrnev što l’aaɲč tav(’)v(’)al p’iiŋŋg ja ɲues’s’ jeerrk / vuajj pued’d’e c’iigg jeerrk,25
быть,14,l’ee,лē,Переведенный корпус,pɒstxet’ koogg l’eev čuuʒes’ b’eda bɨdd jenna vaan’n’c’e i čuuʒe kooppče eft sajja,25
быть,14,l’ee,лē,Переведенный корпус,mudda loon’n’t eft olme paj kɨr(’)r(’)t(’)ev vued’?e? l’ee∅ vɒɒjvšuvvev,25
быть,14,l’ee,лē,Переведенный корпус,kues’s’ koollas ja saav’ex’ l’eev lɨhkma olma kuu šɒbašt m’aahca soonn čuejjk s’iineguejm b’eda udlen’n’e,25
быть,14,l’ee,лē,Переведенный корпус,čuujgmen’ k’iihčep man’t’e zv’eer l’eev keerrma man’t’esem k’iijje l’eev koonngɒrre l’eev keerrma meenn vuejga,25
быть,14,l’ee,лē,Переведенный корпус,čuujgmen’ k’iihčep man’t’e zv’eer l’eev keerrma man’t’esem k’iijje l’eev koonngɒrre l’eev keerrma meenn vuejga,25
быть,14,l’ee,лē,Переведенный корпус,čuujgmen’ k’iihčep man’t’e zv’eer l’eev keerrma man’t’esem k’iijje l’eev koonngɒrre l’eev keerrma meenn vuejga,25
быть,14,l’ee,лē,Переведенный корпус,k’iičem man’t’e l’eev uʒ’xa muure,25
быть,14,l’ee,лē,kld_txt_KarNC_deers,ad’d’ l’eev s’iinen’ l’eev ad’d’ pugg el’l’a nɨd’d’ kooxxt eevvdel’ l’aajj,25
быть,14,l’ee,лē,kld_txt_KarNC_deers,ad’d’ l’eev s’iinen’ l’eev ad’d’ pugg el’l’a nɨd’d’ kooxxt eevvdel’ l’aajj,25
быть,14,l’ee,лē,kld_txt_KarNC_wedding_pt2,ɒrseg’g’e vɨs’te an’ soonn luej̥j̥k i prɒššed num’b’es’gueim k’eegg soost l’eev,25
быть,14,l’ee,лē,kld_txt_KarNC_wedding_pt2,no ladno mɨjj zamorske kupcagul jɒd’d’ep’ m’iinen’ l’eev pugg l’ekarstva mɨjjgul an’n’t’ep’ tɨjjegul,25
быть,14,l’ee,лē,kld_txt_KarNC_wedding_pt2,čaapex kal’l’m’ no l’eev m’iines’t’ lɨhcep’gul,25
быть,14,l’ee,лē,kld_txt_KarNC_wedding_pt2,i vot mɨjj pud’em zamorskoj kupca pugg l’eev kebtuvvma,25
быть,14,l’ee,лē,kld_txt_KarNC_wedding_pt2,a mezgul l’eev čuen’n’e,25
быть,14,l’ee,лē,kld_txt_KarNC_wedding_pt2,dak must čuun’n’e rueč l’eev”,25
быть,14,l’ee,лē,kld_txt_KarNC_wedding_pt2,a m’iines’(t’)gul l’eev vaal’ rueč,25
быть,14,l’eev,лēв,Переведенный корпус,pɨjet nɨt’t’ štobe sɨjj l’iihčen’ seekksem m’eedas tes’t’ vuajj kues’s’ l’eev seekks m’eedas vuajj čuujjke udlen’n’e a kues’s’ pejjne paahka to rueppt seeks ejj jɒdd valas k’irse,1
быть,14,l’ii,лӣ,Переведенный корпус,pɨjet nɨt’t’ štobe sɨjj l’iihčen’ seekksem m’eedas tes’t’ vuajj kues’s’ l’eev seekks m’eedas vuajj čuujjke udlen’n’e a kues’s’ pejjne paahka to rueppt seeks ejj jɒdd valas k’irse,1
быть,14,l’iij,лӣй,Переведенный корпус,meenn sɒɒnes kuuht jeer’g’ jɒd’exen’ p’eerg ja saav’ex’et koogg l’iijem koorrma saallvas sɨz’z’en’,9
быть,14,l’iij,лӣй,Переведенный корпус,ɒd’d’emvuajvas mɨjj l’iijem i l’iijem vel šuurr ur’d’es,9
быть,14,l’iij,лӣй,Переведенный корпус,ɒd’d’emvuajvas mɨjj l’iijem i l’iijem vel šuurr ur’d’es,9
быть,14,l’iij,лӣй,Переведенный корпус,ja tel’e čuujjglem puudem tenn sajja kas’s’ mɨjj l’iijem kuedda sɒɒn puuʒe ja lɨlmɨ pɒp činnen mɨjje vkuusnɨ p’eerg,9
быть,14,l’iij,лӣй,kld_txt_KarNC_deers,mɒɒhtja l’iijem’ mɒɒhtjem’ jeel’l’ep’,9
быть,14,l’iij,лӣй,kld_txt_Kert1961_nuemmel_piras,a kuht n’iijtpel’ l’iijen’ monaška,9
быть,14,l’iij,лӣй,kld_txt_Kert1961_pro_vorona_tulena_i_dikogo_olena,n’iicckas l’iijen’ tueres’ muurren’,9
быть,14,l’iij,лӣй,kld_txt_Kert1961_pro_vorona_tulena_i_dikogo_olena,kued’ muurren’ l’iijen’ jeer̥’r̥’tb’el’l’taaf’t,9
быть,14,l’iij,лӣй,Переведенный корпус,a vennas s’inen’ l’iijen’ rɨnt kuures’t,9
быть,14,l’iijj,лӣйй,kld_GGM_SG_map_202308D,munn l’iijje,9
быть,14,l’iijj,лӣйй,Переведенный корпус,tenn paxodes m’iineguejm l’iijjen puadda kar’elsk’i parna,9
быть,14,l’iijj,лӣйй,kld_txt_KarNC_deers,tel’ l’iijjen’ iižem’ puud’d’en’ ja jeel’eškuud’d’en’,9
быть,14,l’iijj,лӣйй,kld_txt_KarNC_deers,ad’d’ l’iijjen’ konešno sɒɒmen’ aǯ’san ja d’eed’san,9
быть,14,l’iijj,лӣйй,kld_txt_KarNC_deers,l’iijjen’ kon’ešno maŋŋa,9
быть,14,l’iijj,лӣйй,kld_txt_KarNC_deers,muddmen’ l’iijjen’ maŋŋa kues’s’ pɨɲɲeškuud’d’en’,9
быть,14,l’iijj,лӣйй,kld_txt_KarNC_wedding_pt2,tel’ l’iijjen’ l’iijjen’ puggden’n’eg’g’e en’n’t’en’.”,9
быть,14,l’iijj,лӣйй,kld_txt_KarNC_wedding_pt2,tel’ l’iijjen’ l’iijjen’ puggden’n’eg’g’e en’n’t’en’.”,9
быть,14,l’iijj,лӣйй,kld_txt_Lehtiranta_2_r’iim’ɲ_i_taale_moajnas,kuuht’ kuul’l’k’eer’r’es l’iijjen,9
быть,14,l’ijj,лийй,Переведенный корпус,s’ines’t’ l’ijjen’ vennas k’aassen’č di l’ijjen’ t’eerpnenč kobba jev kuestče rɨnnte,2
быть,14,l’ijj,лийй,Переведенный корпус,s’ines’t’ l’ijjen’ vennas k’aassen’č di l’ijjen’ t’eerpnenč kobba jev kuestče rɨnnte,2
быть.3SG.NPST,1,l’ii,лӣ,,,1
быть.3pl,1,l’eev,лēв,,,1
быть.NPST.3SG,1,l’ii,лӣ,,,5
быть.PST.3SG,1,l’aajj,ля̄йй,,,4
быть.cond.3sg?,1,l'ehč,леххч,,,1
быть.inf,1,bɨtt,бытт,,,1
быть.neg.npst.3sg,1,el’l’a,элля,,,1
быть.neg.pst.3sg,1,al'l'iij,аллӣй,,,1
быть.npst.1sg,2,l'aa,ля̄,Переведенный корпус,munn l'aa čeehp' s'iirre a tonn pl'as’s'je,1
быть.npst.1sg,2,l’a,ля,kld_txt_Kert1961_byl_o_ljajne,sonn li muggɛ man’tɛm’ mu͔nn l’a,2
быть.npst.1sg,2,l’a,ля,kld_txt_Kert1961_byl_o_ljajne,ni̮tše paŋk simnɛn˙ råŋŋk muggɛ šɛ man’tɛm’ mu͔nn l’a,2
быть.npst.3.sg,1,l’ii,лӣ,,,1
быть.npst.3pl,2,l'eev,лēв,kld_txt_KarNC_deers,ad'd' l'eev bazа per̥t,5
быть.npst.3pl,2,l'eev,лēв,kld_txt_KarNC_deers,puedd paj l'eev v'iilge ja š'iig,5
быть.npst.3pl,2,l'eev,лēв,kld_txt_KarNC_deers,s'iinen' gaz'eta paj l'eev gaz'etet' looggev,5
быть.npst.3pl,2,l'eev,лēв,kld_txt_KarNC_deers,v'aal l'eev pat'efon dam'ena l'eev,5
быть.npst.3pl,2,l'eev,лēв,kld_txt_KarNC_deers,v'aal l'eev pat'efon dam'ena l'eev,5
быть.npst.3pl,2,l’eev,лēв,kld_GGM_SG_map_202308D,tam’b’e l’eev,24
быть.npst.3pl,2,l’eev,лēв,kld_GGM_SG_map_202308D,vuel’kes’p’eel’l’(t) sɨjd l’eev,24
быть.npst.3pl,2,l’eev,лēв,kld_GGM_SG_map_202308D,ну и jogg kɒllk i paak’ <нрзб> l’eev,24
быть.npst.3pl,2,l’eev,лēв,kld_GGM_SG_map_202308D,vaar’ l’eev,24
быть.npst.3pl,2,l’eev,лēв,kld_GGM_SG_map_202308D,tam’b’eel’l’ suulle l’eev,24
быть.npst.3pl,2,l’eev,лēв,kld_GGM_SG_map_202308D,per̥t l’eev,24
быть.npst.3pl,2,l’eev,лēв,kld_GGM_SG_map_202308D,koolm sajes’ n’eel’j sajes’ даже vɨd sajes’ per̥t l’eev,24
быть.npst.3pl,2,l’eev,лēв,kld_GGM_SG_map_202308D,suulle l’eev jaav’r’es’e,24
быть.npst.3pl,2,l’eev,лēв,kld_GGM_SG_map_202308D,sɨjd l’eev,24
быть.npst.3pl,2,l’eev,лēв,kld_GGM_SG_map_202308D,vɨd(d) sajes’ sɨj l’eev,24
быть.npst.3pl,2,l’eev,лēв,kld_GGM_SG_map_202308D,činčp’eel’l’t тоже koollm sɨjt l’eev,24
быть.npst.3pl,2,l’eev,лēв,kld_GGM_SG_map_202308D,jev l’eev v(‘)aal jevla šuurr ja(a)v(v)ra v’aal l’ii,24
быть.npst.3pl,2,l’eev,лēв,kld_SAM_SG_map_20230815,l’eev значит sɨjd,24
быть.npst.3pl,2,l’eev,лēв,kld_SAM_SG_map_20230815,tes’t l’eev sɨn... mugga čuekas l’ii,24
быть.npst.3pl,2,l’eev,лēв,kld_SAM_SG_map_20230815,testa l’eev vaar’,24
быть.npst.3pl,2,l’eev,лēв,kld_SAM_SG_map_20230815,sɨjd l’eev vaar’ lus’s’en’,24
быть.npst.3pl,2,l’eev,лēв,kld_SAM_SG_map_20230815,tes’t l’eev v’aal sɨjt činčb’e(e)l’,24
быть.npst.3pl,2,l’eev,лēв,kld_SAM_SG_map_20230815,и vuel’kes’b’e(e)l’ v’aal l’aav... l’eev sɨjd,24
быть.npst.3pl,2,l’eev,лēв,kld_SAM_SG_map_20230815,tes’t l’eev sɨjd,24
быть.npst.3pl,2,l’eev,лēв,kld_SAM_SG_map_20230815,tedd sɨjjt l’ll kas’t l’eev paahk’,24
быть.npst.3pl,2,l’eev,лēв,kld_SAM_SG_map_20230815,и v’aal l’eev koollm sɨjd,24
быть.npst.3pl,2,l’eev,лēв,kld_SAM_SG_map_20230815,pevl l’eev paak’ al’n… lus’s’en’,24
быть.npst.3pl,2,l’eev,лēв,Переведенный корпус,čexxča l’eev čexxč lɒɒhpe kɨdda kɨdd lɒɒhpe k’ees’s’a k’ees’s’ lɒɒhpe,24
быть.npst.3pl,2,l’eev,лēв,kld_txt_Kert1961_pro_vorona_tulena_i_dikogo_olena,kuedes’t l’eev kuuht ufs,24
быть.npst.3sg,8,al’l’ak,алляк,kld_GGM_SG_map_202308D,tam’b’eel’l’ al’l’ak šuurr jaavra,1
быть.npst.3sg,8,l'ii,лӣ,kld_txt_Genetz1891,tal taall l'ii laammpas pormaɲč pugg,5
быть.npst.3sg,8,l'ii,лӣ,kld_txt_Genetz1891,sɨjj al'kes kočsen tonst m’ii l'ii pampel'e(j)t l'eeštaɲč pugg laampse(j)t pore,5
быть.npst.3sg,8,l'ii,лӣ,kld_txt_KarNC_deers,ad'd' l'ii per'e š'iig',5
быть.npst.3sg,8,l'ii,лӣ,kld_txt_KarNC_deers,pastex' vood'd'ede mugga l'ii per'e šiig',5
быть.npst.3sg,8,l'ii,лӣ,kld_txt_Kert1961_rybolovstvo_20210223,nuuht' per'e l'ii v'iillke,5
быть.npst.3sg,8,li,лы,kld_txt_Kert1961_byl_o_ljajne,kas’t˙ li L’ain ja man’tɛm’ sonn li?”,3
быть.npst.3sg,8,li,лы,kld_txt_Kert1961_byl_o_ljajne,sonn li muggɛ man’tɛm’ mu͔nn l’a,3
быть.npst.3sg,8,li,лы,kld_txt_Kert1961_byl_o_ljajne,kuɛd˙ li puk murrta,3
быть.npst.3sg,8,li?”,лы?”,kld_txt_Kert1961_byl_o_ljajne,kas’t˙ li L’ain ja man’tɛm’ sonn li?”,1
быть.npst.3sg,8,l’aajj,ля̄йй,kld_txt_KarNC_deers,nɨm’m’p’ v’iil’l’aj l’aajj sɨmman je’gem’ al’l’k,9
быть.npst.3sg,8,l’aajj,ля̄йй,kld_txt_KarNC_deers,maŋ’ŋ’ per’e l’aajj šiig mɨjje,9
быть.npst.3sg,8,l’aajj,ля̄йй,kld_txt_KarNC_deers,p’ervo l’aajj s’iinen’ puaz,9
быть.npst.3sg,8,l’aajj,ля̄йй,kld_txt_KarNC_deers,aǯ’san l’aajj čuud’(d’) p’eel’l’em’p’ l’aajj,9
быть.npst.3sg,8,l’aajj,ля̄йй,kld_txt_KarNC_deers,aǯ’san l’aajj čuud’(d’) p’eel’l’em’p’ l’aajj,9
быть.npst.3sg,8,l’aajj,ля̄йй,kld_txt_KarNC_deers,a sɨmman d’eed’san l’aajj soost l’aajj čuud’(d’) koollm,9
быть.npst.3sg,8,l’aajj,ля̄йй,kld_txt_KarNC_deers,a sɨmman d’eed’san l’aajj soost l’aajj čuud’(d’) koollm,9
быть.npst.3sg,8,l’aajj,ля̄йй,kld_txt_KarNC_deers,tel’ l’aajj z čuez tel’ l’aajj muddmen’,9
быть.npst.3sg,8,l’aajj,ля̄йй,kld_txt_KarNC_deers,tel’ l’aajj z čuez tel’ l’aajj muddmen’,9
быть.npst.3sg,8,l’ii,лӣ,kld_GGM_SG_map_202308D,tam’b’e l’ii jaav’v’r’,74
быть.npst.3sg,8,l’ii,лӣ,kld_GGM_SG_map_202308D,tam’b’e l’ii uc’c’ jaavra,74
быть.npst.3sg,8,l’ii,лӣ,kld_GGM_SG_map_202308D,sɨjjt l’ii,74
быть.npst.3sg,8,l’ii,лӣ,kld_GGM_SG_map_202308D,ну tel’ l’ii jaav’v’r’,74
быть.npst.3sg,8,l’ii,лӣ,kld_GGM_SG_map_202308D,tam’b’e l’ii,74
быть.npst.3sg,8,l’ii,лӣ,kld_GGM_SG_map_202308D,či... ja... jog lun’n’ l’ii sɨjjt,74
быть.npst.3sg,8,l’ii,лӣ,kld_GGM_SG_map_202308D,tɒge uc’c’ javra lun’n’ l’ii sɨjjt,74
быть.npst.3sg,8,l’ii,лӣ,kld_GGM_SG_map_202308D,jev l’eev v(‘)aal jevla šuurr ja(a)v(v)ra v’aal l’ii,74
быть.npst.3sg,8,l’ii,лӣ,kld_SAM_SG_map_20230815,eexxt sɨjjt l’ii a,74
быть.npst.3sg,8,l’ii,лӣ,kld_SAM_SG_map_20230815,tes’t l’ii,74
быть.npst.3sg,8,l’ii,лӣ,kld_SAM_SG_map_20230815,tes’t v’aal l’ii,74
быть.npst.3sg,8,l’ii,лӣ,kld_SAM_SG_map_20230815,tes’t l’ii тоже,74
быть.npst.3sg,8,l’ii,лӣ,kld_SAM_SG_map_20230815,testa l’ii sɨjjt,74
быть.npst.3sg,8,l’ii,лӣ,kld_SAM_SG_map_20230815,testa l’ii v’aal sɨjjt,74
быть.npst.3sg,8,l’ii,лӣ,kld_SAM_SG_map_20230815,tes’t l’eev sɨn... mugga čuekas l’ii,74
быть.npst.3sg,8,l’ii,лӣ,kld_SAM_SG_map_20230815,и v’aal l’ii sɨjjt eexxt tes’t,74
быть.npst.3sg,8,l’ii,лӣ,kld_SAM_SG_map_20230815,vaar’r’ testa l’ii,74
быть.npst.3sg,8,l’ii,лӣ,kld_SAM_SG_map_20230815,činčb’e(e)l’ l’ii eexxt sɨjjt,74
быть.npst.3sg,8,l’ii,лӣ,kld_SAM_SG_map_20230815,vuel’kes’b’e(e)l’ l’ii num’m’p’ sɨjjt,74
быть.npst.3sg,8,l’ii,лӣ,kld_SAM_SG_map_20230815,kas’t l’ii činčb’e(e)l’ sɨjjt,74
быть.npst.3sg,8,l’ii,лӣ,kld_SAM_SG_map_20230815,eexxt sɨjjt l’ii,74
быть.npst.3sg,8,l’ii,лӣ,kld_SAM_SG_map_20230815,l’ii čuekas,74
быть.npst.3sg,8,l’ii,лӣ,kld_SAM_SG_map_20230815,tam’b’e l’ii vaar’r’,74
быть.npst.3sg,8,l’ii,лӣ,kld_SAM_SG_map_20230815,tes’t l’ii s’iinn čuekas,74
быть.npst.3sg,8,l’ii,лӣ,kld_SAM_SG_map_20230815,jaav’v’r’ l’ii,74
быть.npst.3sg,8,l’ii,лӣ,kld_SAM_SG_map_20230815,jogg l’ii,74
быть.npst.3sg,8,l’ii,лӣ,kld_SAM_SG_map_20230815,eexxt sɨjjt l’ii vaar’es’t,74
быть.npst.3sg,8,l’ii,лӣ,kld_SAM_SG_map_20230815,num’m’p’ sɨjjt l’ii paak’ lus’s’en’,74
быть.npst.3sg,8,l’ii,лӣ,kld_SAM_SG_map_20230815,kualmant sɨjjt l’ii,74
быть.npst.3sg,8,l’ii,лӣ,kld_SAM_SG_map_20230815,sɨjjt kuu l’ii činčb’e(e)l’,74
быть.npst.3sg,8,l’ii,лӣ,kld_SAM_SG_map_20230815,tam’b’e l’ii čuekas,74
быть.npst.3sg,8,l’ii,лӣ,kld_SAM_SG_map_20230815,num’p’ sɨjjta kuu l’ii vaar’es’,74
быть.npst.3sg,8,l’ii,лӣ,kld_SAM_SG_map_20230815,kuu l’ii vaar’es’ činčb’e(e)l’,74
быть.npst.3sg,8,l’ii,лӣ,kld_SAM_SG_map_20230815,tes’t l’ii jogg,74
быть.npst.3sg,8,l’ii,лӣ,kld_SAM_SG_map_20230815,kuu l’ii paak’ lus’s’en’,74
быть.npst.3sg,8,l’ii,лӣ,kld_SAM_SG_map_20230815,gu sɨjjt l’ii vaar’es’,74
быть.npst.3sg,8,l’ii,лӣ,Переведенный корпус,nuuht’ l’ii kug’g’es’ vuud’en m’etrav koollm ɲeel’l’j čuud’e,74
быть.npst.3sg,8,l’ii,лӣ,Переведенный корпус,k’eez’et nuut’ mugga sajen kas’s’* jolla kieb’g’** l’ii nol’ges*** pɒn’n’,74
быть.npst.3sg,8,l’ii,лӣ,Переведенный корпус,kɨdd l’ii b’eda v’essel paal’l’,74
быть.npst.3sg,8,l’ii,лӣ,Переведенный корпус,ab’b’r l’ii gal nuurr abb’r tedd kues’es b’eda čaaʒ’ veeʒ mann kɨdda,74
быть.npst.3sg,8,l’ii,лӣ,Переведенный корпус,čeares tenn veeze kon pɨjet čeexxčа ted veeʒ pukk b’eda l’ii roovas i čaares vesenom taal’l’va mennev paje al’m’ al’m’,74
быть.npst.3sg,8,l’ii,лӣ,Переведенный корпус,taal’l’va / taal’l’va veeʒ l’ii b’eda mooǯe i vaar’es’ l’ii b’eda mooǯe,74
быть.npst.3sg,8,l’ii,лӣ,Переведенный корпус,taal’l’va / taal’l’va veeʒ l’ii b’eda mooǯe i vaar’es’ l’ii b’eda mooǯe,74
быть.npst.3sg,8,l’ii,лӣ,Переведенный корпус,koollset’ lɨgget’ t’een’n’et’ olma raadd kuuss muure mugga muur kas’s’ l’ii vaanas vuek’s’,74
быть.npst.3sg,8,l’ii,лӣ,Переведенный корпус,ɒd’d’em’vuajva tuul’l’ej alavud’d’e l’ii jeena koollm čuud’d’e m’etredde,74
быть.npst.3sg,8,l’ii,лӣ,Переведенный корпус,soonn l’ii algadan jeena tooxnedde m’etredde,74
быть.npst.3sg,8,l’ii,лӣ,Переведенный корпус,čaarre k’iičem man’t’e soonn l’ii,74
быть.npst.3sg,8,l’ii,лӣ,kld_txt_Itkonen1931_6_page254,l’ii strašno šuurr,74
быть.npst.3sg,8,l’ii,лӣ,kld_txt_KarNC_deers,ad’d’ soonn l’ii jaamma,74
быть.npst.3sg,8,l’ii,лӣ,kld_txt_KarNC_deers,jesl’i k’ees’ l’ii lɒg’mat’ l’ibo vɨddem’p’lɒg’g’,74
быть.npst.3sg,8,l’ii,лӣ,kld_txt_KarNC_deers,a čuuʒes’t’ kaažde br’igades’ l’ii rad’iopr’ijomn’ihk’ l’ii s’iirr,74
быть.npst.3sg,8,l’ii,лӣ,kld_txt_KarNC_deers,a čuuʒes’t’ kaažde br’igades’ l’ii rad’iopr’ijomn’ihk’ l’ii s’iirr,74
быть.npst.3sg,8,l’ii,лӣ,kld_txt_KarNC_wedding_pt2,a ničego š’iig l’ii ad’d’ vuaja saarrne,74
быть.npst.3sg,8,l’ii,лӣ,kld_txt_Kert1961_pro_vorona_tulena_i_dikogo_olena,a m’ii l’ii karnses’t porrmuššen kuem čoajva ja jɒrk kɒmme vuajva,74
быть.npst.3sg,8,l’ii,лӣ,kld_txt_Kert1961_pro_vorona_tulena_i_dikogo_olena,čin puk mi l’ii per’a,74
быть.npst.3sg,8,l’ii,лӣ,kld_txt_Kert1961_pro_vorona_tulena_i_dikogo_olena,kallsеnč l’ii puadda,74
быть.npst.3sg,8,l’ii,лӣ,kld_txt_Kert1961_pro_vorona_tulena_i_dikogo_olena,ja tuul’j l’ii končma,74
быть.npst.3sg,8,l’ii,лӣ,kld_txt_Kert1961_pro_vorona_tulena_i_dikogo_olena,čofta l’ii eellm olma/oollma leegg loosse,74
быть.npst.3sg,8,l’ii,лӣ,kld_txt_Kert1961_pro_vorona_tulena_i_dikogo_olena,čofta l’ii eellm oollme leeg loosse ap’p’s’e,74
быть.npst.3sg,8,l’ii,лӣ,kld_txt_Kert1961_pro_vorona_tulena_i_dikogo_olena,čofta l’ii eellm oollme leeg loosse ap’p’s’e,74
быть.npst.3sg,8,l’ii,лӣ,kld_txt_Kert1961_rybolovstvo_20210223,š’iig l’ii al’e ejj paar̥r̥k,74
быть.npst.3sg,8,l’ii,лӣ,kld_txt_Lehtiranta_1_r’iim’ɲ_moajnas,r’iimmɲ saarrn čte saap’p[d]’l’iŋ’geɲǯ l’ii ɲues’s’,74
быть.npst.3sg,8,l’ii,лӣ,kld_txt_Lehtiranta_1_r’iim’ɲ_moajnas,vuer’r’veɲǯ l’ii ɲues’s’,74
быть.npst.3sg,8,l’ii,лӣ,kld_txt_Lehtiranta_1_r’iim’ɲ_moajnas,r’iimmɲ saarrn čte ɲuem’m’l(‘)eɲǯ l’ii ɲues’s’,74
быть.npst.3sg,8,l’ii,лӣ,kld_txt_Lehtiranta_1_r’iim’ɲ_moajnas,muurest l’ii mooǯ’ǯ’es’ lɒn(‘)deɲǯ,74
быть.npst.3sg,8,l’ii,лӣ,kld_txt_Lehtiranta_1_r’iim’ɲ_moajnas,man’de l’ii mooǯ’ǯ’es’ lɒn(‘)den’ǯ kɨr’r’js’aal(‘)geɲǯ,74
быть.npst.3sg,8,l’ii,лӣ,kld_txt_Lehtiranta_1_r’iim’ɲ_moajnas,k’ee l’ii kɨr’j(e)xeɲǯ s’eel’g,74
быть.npst.3sg,8,l’ii,лӣ,kld_txt_Lehtiranta_1_r’iim’ɲ_moajnas,r’iimmɲ saarrn čte jeenna l’ii tuujje tuun s’eel’g kɨr’j(e)xe(ẟ),74
быть.npst.3sg,8,l’ii,лӣ,kld_txt_Lehtiranta_1_r’iim’ɲ_moajnas,ad’d’ l’ii voalmaš,74
быть.npst.3sg,8,l’ii,лӣ,kld_txt_Lehtiranta_1_r’iim’ɲ_moajnas,čte šiig l’ii,74
быть.npst.3sg,8,l’ii,лӣ,kld_txt_Lehtiranta_2_r’iim’ɲ_i_taale_moajnas,r’iim’m’ɲ l’ii keerrkteɲǯ,74
быть.npst.3sg,8,l’ii,лӣ,kld_txt_Lehtiranta_2_r’iim’ɲ_i_taale_moajnas,ten(n) kuejjke l’ii taalest ja k’eet’kest ja ɲuem’m’lest vuen’ex s’eejjp čte s’eejp kuedd(e)jen jaavvra,74
быть.npst.3sg,8,l’ii,лӣ,kld_txt_Lehtiranta_3_kɒn’t’_moajnas,telagast l’ii jeennsant ɲiɲɲč i num’m’p,74
быть.npst.3sg,8,l’ii,лӣ,Переведенный корпус,k’iih’čev sɨjj jennege l’ii olmn’ed’d’e tam’p’e,74
быть.npst.3sg,8,l’ijj,лийй,Переведенный корпус,paar’r’n’ kiičes’t’ kas’t’ l’ijj nɨm’m’p’ paar’r’n’,1
быть.npst.3sg,8,l’ll,ллль,kld_SAM_SG_map_20230815,tedd sɨjjt l’ll kas’t l’eev paahk’,1
быть.pst.3pl,1,l’aajj,ля̄йй,,,1
быть.pst.3sg,7,al’l’k,алльк,kld_txt_Kert1961_byl_o_ljajne,xt al’l’k l’ai,1
быть.pst.3sg,7,l'aajj,ля̄йй,Переведенный корпус,sonn al'l'iij mooǯe l'aajj keesse iiǯ l’aajj vaajvaš,2
быть.pst.3sg,7,l'aajj,ля̄йй,Переведенный корпус,kas't' luuhp’el' l'aajj koanta sonn meenne sajja čuur'v'et' n'al'mes' ompan vuuv’s'e,2
быть.pst.3sg,7,l'ajj,ляйй,Переведенный корпус,puarrsamuss al'l'k’ l'ajj čeehp' s’iirre garmon'an’,2
быть.pst.3sg,7,l'ajj,ляйй,Переведенный корпус,nuurrmuss l'ajj čeehp' pl'ass'je,2
быть.pst.3sg,7,l’aaj,ля̄й,kld_txt_Lehtiranta_3_kɒn’t’_moajnas,aag’est l’aaj kɒn’n’t kaallsen,1
быть.pst.3sg,7,l’aajj,ля̄йй,kld_SAM_SG_map_20230815,ну tes’t l’aajj,28
быть.pst.3sg,7,l’aajj,ля̄йй,kld_SAM_SG_map_20230815,tes’ta l’aajj jaav’v’r’,28
быть.pst.3sg,7,l’aajj,ля̄йй,kld_SAM_SG_map_20230815,tes’ta тоже l’aajj jaav’v’r’,28
быть.pst.3sg,7,l’aajj,ля̄йй,kld_SAM_SG_map_20230815,нет tedd l’aajj jogg,28
быть.pst.3sg,7,l’aajj,ля̄йй,Переведенный корпус,vɨjem mɨjj rast laan’d’ lɒɒn’d’e m’iil’l’d’e čuujav’r’ čel’čedvɒɒr’e a al’m’es l’aajj b’eda mooǯes vɒɒvkez,28
быть.pst.3sg,7,l’aajj,ля̄йй,Переведенный корпус,l’aajj b’eda v’ees’s’el’ i š’iig vɨjem,28
быть.pst.3sg,7,l’aajj,ля̄йй,Переведенный корпус,vued’d’e l’aajj b’eda š’iig,28
быть.pst.3sg,7,l’aajj,ля̄йй,Переведенный корпус,jornev veeʒe k’iištet l’aajj čuujjge k’eeresen ur’d’es saav’ex’et n’ik’ee ejj murda,28
быть.pst.3sg,7,l’aajj,ля̄йй,Переведенный корпус,i tenn v’eečres kuu l’aajj kug’g’ meene m’iine b’eda mooǯten’n’e,28
быть.pst.3sg,7,l’aajj,ля̄йй,kld_txt_KarNC_deers,koollmlɒg’g’e ɨg’g’e l’aajj,28
быть.pst.3sg,7,l’aajj,ля̄йй,kld_txt_KarNC_deers,jur’jev l’aajj mɨkkla Uvvan al’l’k’,28
быть.pst.3sg,7,l’aajj,ля̄йй,kld_txt_KarNC_deers,soost l’aajj kon’ešna puaz jeena,28
быть.pst.3sg,7,l’aajj,ля̄йй,kld_txt_KarNC_deers,soost l’aajj čuud’(d’) vɨdd l’iim’p’e kud’d’ nɨd’d’,28
быть.pst.3sg,7,l’aajj,ля̄йй,kld_txt_KarNC_deers,l’aajj čuez soost soonn? kon’ešna maŋŋa ejj šeenntma,28
быть.pst.3sg,7,l’aajj,ля̄йй,kld_txt_KarNC_deers,ad’d’ l’eev s’iinen’ l’eev ad’d’ pugg el’l’a nɨd’d’ kooxxt eevvdel’ l’aajj,28
быть.pst.3sg,7,l’aajj,ля̄йй,kld_txt_Kert1961_jeerrkja_oollmej_bajas,tam’p’e l’aajj eexxt t’iid’d’ej n’iijjt,28
быть.pst.3sg,7,l’aajj,ля̄йй,kld_txt_Kert1961_jeerrkja_oollmej_bajas,a tedd n’iijjt l’aajj puer’es’,28
быть.pst.3sg,7,l’aajj,ля̄йй,kld_txt_Kert1961_jeerrkja_oollmej_bajas,ruuhce l’aajj n’eel’l’jlɒg’g’ oollme,28
быть.pst.3sg,7,l’aajj,ля̄йй,Переведенный корпус,sonn al'l'iij mooǯe l'aajj keesse iiǯ l’aajj vaajvaš,28
быть.pst.3sg,7,l’aajj,ля̄йй,kld_txt_Kert1961_pro_vorona_tulena_i_dikogo_olena,iiǯ’ l’aajj kɒn’n’t’ i paz’eht kɒn’t’ tuul’jes’,28
быть.pst.3sg,7,l’aajj,ля̄йй,Переведенный корпус,a l’aajj n’iijta v’aal uc’c’ i ejj šɨl̥kxa n’imeenn lɨhke,28
быть.pst.3sg,7,l’aajj,ля̄йй,Переведенный корпус,no n’iijtaja bɨdde l’aajj jeena sonn l’aajj v’aal uc’c’ bɨdde l’aajj soon m’iil’l’te ujjne,28
быть.pst.3sg,7,l’aajj,ля̄йй,Переведенный корпус,no n’iijtaja bɨdde l’aajj jeena sonn l’aajj v’aal uc’c’ bɨdde l’aajj soon m’iil’l’te ujjne,28
быть.pst.3sg,7,l’aajj,ля̄йй,Переведенный корпус,no n’iijtaja bɨdde l’aajj jeena sonn l’aajj v’aal uc’c’ bɨdde l’aajj soon m’iil’l’te ujjne,28
быть.pst.3sg,7,l’aajj,ля̄йй,Переведенный корпус,tenn nɨznes’ l’aajj iiǯes’ n’iijta,28
быть.pst.3sg,7,l’aajj,ля̄йй,Переведенный корпус,eex’x’t’eš’ raj vɨje mooǯes’ paar’r’n’ tedd l’aajj cɒɒr al’l’k’,28
быть.pst.3sg,7,l’aajj,ля̄йй,Переведенный корпус,n’iijjt l’aajj tenn vuer caagga muuɲkaallsa laaj̥et’ v’iil’l’k’es’ p’eeck v’iil’l’k’es’ mooǯes’ p’imat’,28
быть.pst.3sg,7,l’aajj,ля̄йй,Переведенный корпус,l’aajj arrem p’eejjv’,28
быть.pst.3sg,7,l’ai,ляи,kld_txt_Kert1961_byl_o_ljajne,l’ai sām’ oлmɛ,2
быть.pst.3sg,7,l’ai,ляи,kld_txt_Kert1961_byl_o_ljajne,oлmɛdḓɛ l’ai n’el’jлåg’g̭’ v’er’tɛ,2
быть.pst.3sg,7,l’ajj,ляйй,kld_txt_Kert1961_pro_vorona_tulena_i_dikogo_olena,kaahtenč l’ajj tuul’jeguejm,1
быть.pst.cng,1,l’iin’č,лӣнҍч,,,1
быть.ptcp3,1,linč,лынч,,,1
быть_готовым,3,k'iirrkn,кӣрркн,kld_txt_Kert1961_rybolovstvo_20210223,štop luštɨj povve k'iirrknahč pɨjje kul̥p,1
быть_готовым,3,k’iirk,кӣрк,Переведенный корпус,pɨɨjet v’aret kɨp’ta v’arr v’arr k’iirken pooret,1
быть_готовым,3,k’iirrkn,кӣрркн,kld_txt_Genetz1891,k’iirrknen’,1
быть_ловким.npst.cng,1,lɒɒčk,лоа̄цк,,,1
в,1,v,в,,,1
в.основном,1,vesenom,вэсэном,,,1
в.основном?,1,vesenom,вэсэном,,,1
в.стороне,1,gor’r’en,горрен,,,1
в_одиночку,1,ooxxte,о̄ххтэ,,,1
в_старину,1,jeerka,ēрка,,,1
в_стороне,1,gor’r’en’,горренҍ,,,1
в_сторону,3,gorra,горра,kld_txt_Genetz1891,tat’t’e v'aala vul'ke t’iiŋ’k’e gorra saaml'anč ɒrr t’iiŋ’ke(j)t’ vuerrt,1
в_сторону,3,gɒrra,гоарра,Переведенный корпус,ejj pued vaje muuɲkaallsa lɒɒj̥eguejm il’i cɒɒr al'l'k soon gɒrra,1
в_сторону,3,gɒrre,гоаррэ,kld_SAM_SG_map_20230815,jav’r gɒrre,5
в_сторону,3,gɒrre,гоаррэ,Переведенный корпус,vɨjjl’em mɨjj jeek’na sijd’es čaar paaj̥k’ gɒrre ɒd’d’emvuajvaeel,5
в_сторону,3,gɒrre,гоаррэ,kld_txt_Kert1961_jeerrkja_oollmej_bajas,oollme meennen’ tenn n’iijjta aanne štobe sonn lɨgga(h)č nɨd’d’ kooxxt bɨ ruuce jev p’eezče s’iine gɒrre,5
в_сторону,3,gɒrre,гоаррэ,kld_txt_Kert1961_pro_vorona_tulena_i_dikogo_olena,sɨjj karrev p’alpnev moast jeen’es’ gɒrre,5
в_сторону,3,gɒrre,гоаррэ,Переведенный корпус,a kaal’l’es’ n’iijjt cele p’eejve m’iil’l’te lɨke sonn i č’aaz’ gɒrre vɒrrad sonn i p’eerk kɨppt i laammpset’ por̥tad i muur’et’ kuennt d’i šeel’d’et’ pass,5
важенка.nom.pl,1,aalt,а̄лт,,,1
валяться,1,val’d’,вальд,,,1
варить,4,ki̮pt,кыпт,kld_txt_Kert1961_byl_o_ljajne,v’ār ki̮pti͔ šur ci̮hci̮m kimn’i͔s’,3
варить,4,ki̮pt,кыпт,kld_txt_Kert1961_byl_o_ljajne,kuɛs’s’ v’arrɛn˙ ki̮pti͔ pɛr’mi̮s’ jaлovɛ,3
варить,4,ki̮pt,кыпт,kld_txt_Kert1961_byl_o_ljajne,ki̮pti͔ v’ār pi̮je porrɛ,3
варить,4,kɨpt,кыпт,Переведенный корпус,kuul’e kromje tavo što kɨptet suenneel paš’tet tagnazɨvamɨ tuaarax el’e pɒɒštkul’l’,2
варить,4,kɨpt,кыпт,kld_txt_Kert1961_pro_vorona_tulena_i_dikogo_olena,paaštguud’e ja kɨptguud’e vuenč,2
варить,4,kɨp’t,кыпьт,Переведенный корпус,toolgɒr’r’en’ kɨp’ten man’n’ o šal’d,1
варить,4,kɨp’t’,кыпьт,Переведенный корпус,kɨp’t’em uttet kɨp’t’em utt tuul’xem čaaj poorem ja jorem vued’d’e,3
варить,4,kɨp’t’,кыпьт,Переведенный корпус,kɨp’t’em uttet kɨp’t’em utt tuul’xem čaaj poorem ja jorem vued’d’e,3
варить,4,kɨp’t’,кыпьт,Переведенный корпус,aavdem čaajet p’eerget kɨp’t’em pɒɒštem vueɲč,3
варить.NPST.3SG,1,kɨppt,кыппт,,,1
варить.npst.3sg,1,kɨppt,кыппт,,,1
вариться,1,kɨp’t,кыпьт,,,1
вверх,2,pajas,пайас,kld_GGM_SG_map_202308D,jaav’r’es’ jɒdd jogg pajas,3
вверх,2,pajas,пайас,kld_SAM_SG_map_20230815,jog m’iil’l’te bɨdd pajas peejjne,3
вверх,2,pajas,пайас,kld_SAM_SG_map_20230815,pajas peejjnax,3
вверх,2,ǯ',джь,Переведенный корпус,paar’r’n’ v’i ǯ'el’ pajas,1
вдаль,1,tavas,тавас,,,2
вежа,4,kuadd,куадт,kld_txt_Genetz1891,olmeɲč tatte moaze vaancel kuaddas’,13
вежа,4,kuadd,куадт,kld_txt_Genetz1891,mene(j) kuaddas’,13
вежа,4,kuadd,куадт,kld_txt_Genetz1891,sonn ejj alka pag'g'e(δ) voal'te(j) taale k'aassad'd'e muursoane vuella kuaddas’ vaancel’,13
вежа,4,kuadd,куадт,kld_txt_Genetz1891,puude(j) kuaddas’ olmeɲč luušte taal laammpas puvvra,13
вежа,4,kuadd,куадт,kld_txt_Genetz1891,voan’n’c’el’ kuaddas’,13
вежа,4,kuadd,куадт,kld_txt_Genetz1891,meene(j) kuaddas’,13
вежа,4,kuadd,куадт,kld_txt_Genetz1891,meene kuaddas’,13
вежа,4,kuadd,куадт,kld_txt_Genetz1891,meennen’ kuadda,13
вежа,4,kuadd,куадт,kld_txt_Itkonen1931_6_page254,sɨjj luemmen’ tonn kuadda,13
вежа,4,kuadd,куадт,Переведенный корпус,muur’r’t’e ɲurkem tuurket' ja š’iid’d’e lɒjt kuadda,13
вежа,4,kuadd,куадт,Переведенный корпус,ad'd' munn kɒmla lɒjta kuadda kaaht’e uks,13
вежа,4,kuadd,куадт,kld_txt_Kert1961_pro_vorona_tulena_i_dikogo_olena,kaallsenč suaŋe kuadda,13
вежа,4,kuadd,куадт,kld_txt_Kert1961_pro_vorona_tulena_i_dikogo_olena,ja vɨjjl’en’ až’es’ kuadda,13
вежа,4,kuadḓ,куадт,kld_txt_Kert1961_byl_o_ljajne,ahkes’ kuddi̮i kuadḓa jel’l’e,1
вежа,4,kued,куэд,kld_txt_Kert1961_pro_vorona_tulena_i_dikogo_olena,al’tla puud’e ujjn kuuht nuer’j al’ka kuedes’t valas k’irsellev ja xur’g’sev,2
вежа,4,kued,куэд,kld_txt_Kert1961_pro_vorona_tulena_i_dikogo_olena,kuedes’t l’eev kuuht ufs,2
вежа,4,kued’,куэдҍ,kld_txt_Itkonen1931_6_page254,koavvn’en’ kued’e vaar’es’t’,6
вежа,4,kued’,куэдҍ,kld_txt_Itkonen1931_6_page254,el’l’ij n’im’ii kued’es’t’,6
вежа,4,kued’,куэдҍ,kld_txt_Itkonen1931_6_page254,kued’e sɨz suuŋŋen’,6
вежа,4,kued’,куэдҍ,kld_txt_Itkonen1931_6_page254,vɨge kaallas kued’e gur’r’e,6
вежа,4,kued’,куэдҍ,kld_txt_Itkonen1931_6_page254,aakeɲč toommpen kued’es’t’ kɨkka,6
вежа,4,kued’,куэдҍ,Переведенный корпус,ejj eesstma sonn xar’a vuel’l’k’te kued’es’ vel’l’ej son’n’e vuessta aahk’ ja el’g’e šume kaallses’ eel,6
вежа.GEN.SG,2,kued,куэд,kld_txt_Kert1961_pro_vorona_tulena_i_dikogo_olena,kued al’n’ kuuxxt kaar’nes’ al’ka kiersellev ja luuvvtjev,1
вежа.GEN.SG,2,kued’(e),куэдҍ(э),kld_txt_Genetz1891,meene(j) kued’(e) guurres’,1
вежа.acc.sg,3,kued,куэд,kld_txt_Kert1961_pro_vorona_tulena_i_dikogo_olena,voanc’e voanc’e ujneškuud’e kued,2
вежа.acc.sg,3,kued,куэд,kld_txt_Kert1961_pro_vorona_tulena_i_dikogo_olena,koab kuedes’ kɨške,2
вежа.acc.sg,3,kued',куэдҍ,Переведенный корпус,ad'd' lɨhk’e mɨn'n'e odd kued' ja kaaht’e,2
вежа.acc.sg,3,kued',куэдҍ,Переведенный корпус,lɨhkeškud'd'en' kued' kaaxxc olmedde,2
вежа.acc.sg,3,kuɛd˙,куд˙,kld_txt_Kert1961_byl_o_ljajne,rūc uitɛn˙ akes’ ja mur’r’tɛn˙ kuɛd˙,1
вежа.gen.sg,4,kued,куэд,kld_txt_Kert1961_pro_vorona_tulena_i_dikogo_olena,a pɒššemb’elt kued kerrnev kuuht kɒn’t’ parna,1
вежа.gen.sg,4,kued’,куэдҍ,kld_txt_Kert1961_pro_vorona_tulena_i_dikogo_olena,siirrev poššemb’el’t kued’,4
вежа.gen.sg,4,kued’,куэдҍ,kld_txt_Kert1961_pro_vorona_tulena_i_dikogo_olena,ujnsen aajjes’ pueddem karsen kued’ luz ja xoŋkerguud’d’en’,4
вежа.gen.sg,4,kued’,куэдҍ,kld_txt_Kert1961_pro_vorona_tulena_i_dikogo_olena,ja kɒdes’t poššemb’alla kued’,4
вежа.gen.sg,4,kued’,куэдҍ,kld_txt_Kert1961_pro_vorona_tulena_i_dikogo_olena,kued’ muurren’ l’iijen’ jeer̥’r̥’tb’el’l’taaf’t,4
вежа.gen.sg,4,kued’(,куэдҍ(,kld_txt_Lehtiranta_3_kɒn’t’_moajnas,jeel’ pɨj(e) paarnaj kooɲɲčtuul’j vuus’s’temp’aalla kued’(e),4
вежа.gen.sg,4,kued’(,куэдҍ(,kld_txt_Lehtiranta_3_kɒn’t’_moajnas,pɨjax vuus’s’temp’aalla kued’(e),4
вежа.gen.sg,4,kued’(,куэдҍ(,kld_txt_Lehtiranta_3_kɒn’t’_moajnas,aak’k’ pɨje(j) vuus’s’temp’aalla kued’(e) kooɲɲčtuul’j,4
вежа.gen.sg,4,kued’(,куэдҍ(,kld_txt_Lehtiranta_3_kɒn’t’_moajnas,puud’e(j) m’iidmeɲčp’aalla kued’(e),4
вежа.gen.sg,4,kuɛd˙,куд˙,kld_txt_Kert1961_byl_o_ljajne,puki̮t kån’tɛ kuɛd˙ si̮z’n’,2
вежа.gen.sg,4,kuɛd˙,куд˙,kld_txt_Kert1961_byl_o_ljajne,mudḓa saijes’t лi̮kkɛ pi̮rr kuɛd˙ krepas’t˙ murɛn˙,2
вежа.nom.sg,1,kuɛd˙,куд˙,,,1
везде,2,vez’da,вэзьдя,kld_txt_Kert1961_byl_o_ljajne,jāvr’ tuggɛn˙ vez’da pul’l’ɐv tōл,1
везде,2,vežda,вэжда,Переведенный корпус,kɨdda lavleškued’d’ev vežda cizga,1
велеть,3,pak,пак,kld_txt_Kert1961_byl_o_ljajne,uks ɛ̄л pakɛ pi̮ije šur kɛлd,1
велеть,3,pāk,пак,kld_txt_Kert1961_byl_o_ljajne,pirras pākɛ uītɛ oлkɛs ja påčkɛ,1
велеть,3,pɒɒk,поа̄к,Переведенный корпус,i nɨd’d’ sɨjj jiil’l’en’ jeen’n’b’eel’l’ n’iijten’es’ eft vued’d’en’ ja poorren’ ja ɒrren’ paje k’iide rɨs's't'e ja pɒɒknedden’,1
веревка,1,nuur’,нӯрь,,,1
вернуться,1,moac’,моаць,,,1
вернуться.npst.cng,1,moac’,моаць,,,1
верх,5,al’,аль,Переведенный корпус,keskes’t’ koollset’ kuud’et’ mugga al’a saja a vuul’em’b’eel’l’ lɨgget raajk,1
верх,5,paj,пай,kld_txt_Lehtiranta_2_r’iim’ɲ_i_taale_moajnas,voal’te s’eejpes pajent,2
верх,5,paj,пай,Переведенный корпус,čuud’d’čuer’r’v pajnal s’aamn’es’ pel̥t paar’net’ an’ paar’r’ne poaččev,2
верх,5,pajj,пайй,kld_txt_Itkonen1931_6_page254,pajjel,2
верх,5,pajj,пайй,kld_txt_KarNC_deers,maŋŋa m’iines’t’ puaz peejjneškuud’e pajjas šenteškuud’e laššneškuud’e,2
верх,5,peejj,пэ̄йй,kld_SAM_SG_map_20230815,jog m’iil’l’te bɨdd pajas peejjne,3
верх,5,peejj,пэ̄йй,kld_SAM_SG_map_20230815,pajas peejjnax,3
верх,5,peejj,пэ̄йй,kld_txt_KarNC_deers,maŋŋa m’iines’t’ puaz peejjneškuud’e pajjas šenteškuud’e laššneškuud’e,3
верх,5,pejj,пэйй,Переведенный корпус,pɨjet nɨt’t’ štobe sɨjj l’iihčen’ seekksem m’eedas tes’t’ vuajj kues’s’ l’eev seekks m’eedas vuajj čuujjke udlen’n’e a kues’s’ pejjne paahka to rueppt seeks ejj jɒdd valas k’irse,1
верх.спины,1,oar̥’r̥’t’,оаҏҏьт,,,1
верёвка,1,nuur',нӯрь,,,1
верёвка.gen.sg,1,nuur',нӯрь,,,1
верёвка.nom,1,nuur'r',нӯррь,,,1
весел:ая,1,v’essel,вессэл,,,1
весело,1,v'es'l,весьл,,,1
весло,1,ar’j,арй,,,1
весна,1,kɨdd,кыдт,,,11
весна.acc.sg,1,kɨd,кыд,,,1
весна.nom.sg,1,kɨdd,кыдт,,,2
вести,2,vɨgg,выгк,kld_txt_KarNC_wedding_pt2,tel’ vɨggev aǯages,1
вести,2,vɨg’g’,выгкь,kld_txt_KarNC_wedding,vɨg’g’en žen’ex’ žen’ex’ pɨht’en’ n’iijjta,3
вести,2,vɨg’g’,выгкь,kld_txt_KarNC_wedding_pt2,vɨg’g’en’.,3
вести,2,vɨg’g’,выгкь,kld_txt_KarNC_wedding_pt2,v’aal tez v’aal vɨg’g’en’,3
весть.acc.sg,2,soag,соаг,kld_txt_Kert1961_pro_vorona_tulena_i_dikogo_olena,tedd sɨjj jannas soag an’n’tev,1
весть.acc.sg,2,sɒg,соаг,Переведенный корпус,bedd narod’d’e sɒg lɨhke,1
весь,3,pugg,пугк,Переведенный корпус,čaar pugg pakrɨvaetsa čaar pukk tuvvnadd čexxčа veezen,28
весь,3,pugg,пугк,Переведенный корпус,muur pugg l’eev tes’t’ mudd saj kaahta veezen’,28
весь,3,pugg,пугк,Переведенный корпус,pugg s’iijneš,28
весь,3,pugg,пугк,Переведенный корпус,puuʒet pugg kornem ja ɨldem tool ja al’g’em aavvde čaaj činne p’eerg,28
весь,3,pugg,пугк,Переведенный корпус,pugg maal’c’eguejm eel vel kolek’eegg cɒɒg’g’en saav’ex’et doobrat ja vuud’d’en b’eda š’iiggten’n’e,28
весь,3,pugg,пугк,Переведенный корпус,k’iičem pugg čaarre,28
весь,3,pugg,пугк,Переведенный корпус,tes’t’ ufšten geagraafe munn rɒst mɒɒj(n)se parnat pugg čaar bajas kooxxt ad’d’ izmen’iilsa čaarr tejja ɨg’e kooxxt jeel’ešued’d’eš per’a i tag daale,28
весь,3,pugg,пугк,Переведенный корпус,polxet jeb’b’ kaadxellma mɨjen pugg š’iiggten’n’e n’ik’ee čueʒa,28
весь,3,pugg,пугк,Переведенный корпус,puuʒet pugg š’iiggten’n’e kɒɒrem sɒɒnet,28
весь,3,pugg,пугк,Переведенный корпус,m’iinet pugg š’iiggten’n’e vstr’eetelen,28
весь,3,pugg,пугк,Переведенный корпус,parna pugg ujjden peer̥’r̥’t’e tuvvnedden mudda ɒɒsseguejm,28
весь,3,pugg,пугк,Переведенный корпус,mɨjj pugg mɒɒjn’s’em go mɨjj vɒddem,28
весь,3,pugg,пугк,kld_txt_Genetz1891,čaaʒ'jeelle kab'b'er' sɨz l'iiške(j) t'iiŋ’ke(j)t kab'b'er' sɨzn raajjk pugg koollken' kobba,28
весь,3,pugg,пугк,kld_txt_Genetz1891,taall voal'te laammpas pugg poore(j),28
весь,3,pugg,пугк,kld_txt_Genetz1891,tal taall l'ii laammpas pormaɲč pugg,28
весь,3,pugg,пугк,kld_txt_Genetz1891,sɨjj al'kes kočsen tonst m’ii l'ii pampel'e(j)t l'eeštaɲč pugg laampse(j)t pore,28
весь,3,pugg,пугк,kld_txt_Genetz1891,no pugg,28
весь,3,pugg,пугк,kld_txt_KarNC_deers,ad’d’ jeel’l’ep’ pugg kolxozen’,28
весь,3,pugg,пугк,kld_txt_KarNC_deers,ad’d’ l’eev s’iinen’ l’eev ad’d’ pugg el’l’a nɨd’d’ kooxxt eevvdel’ l’aajj,28
весь,3,pugg,пугк,kld_txt_KarNC_wedding_pt2,no ladno mɨjj zamorske kupcagul jɒd’d’ep’ m’iinen’ l’eev pugg l’ekarstva mɨjjgul an’n’t’ep’ tɨjjegul,28
весь,3,pugg,пугк,kld_txt_KarNC_wedding_pt2,tel’ l’iijjen’ l’iijjen’ puggden’n’eg’g’e en’n’t’en’.”,28
весь,3,pugg,пугк,kld_txt_Kert1961_jeerrkja_oollmej_bajas,kues’s’ meene koollm p’eejv i šeeŋŋ vɒɒze i pugg oollme ujnsen’ što kaasska jaav’r ɒrr k’eed’k suel,28
весь,3,pugg,пугк,kld_txt_Kert1961_jeerrkja_oollmej_bajas,ja mɒɒjnas pugg,28
весь,3,pugg,пугк,Переведенный корпус,a narot pugg vuessta,28
весь,3,pugg,пугк,Переведенный корпус,tel’ i v’iž’e narot pugg vuessta,28
весь,3,pugg,пугк,Переведенный корпус,i k’eelteguejm di pugg vessten’,28
весь,3,pugg,пугк,Переведенный корпус,c’eel̥’l̥’k’ev kooht sɨjj pugg pud’d’en’ al’i jev pugg puad’d’enǯ,28
весь,3,pugg,пугк,Переведенный корпус,c’eel̥’l̥’k’ev kooht sɨjj pugg pud’d’en’ al’i jev pugg puad’d’enǯ,28
весь,3,puk,пук,kld_txt_Kert1961_byl_o_ljajne,puki̮t kån’tɛ kuɛd˙ si̮z’n’,4
весь,3,puk,пук,kld_txt_Kert1961_byl_o_ljajne,kuɛd˙ li puk murrta,4
весь,3,puk,пук,Переведенный корпус,eexxt vuerr oollme t'iid'sen' što ruhc puadd kuelnegg čuhpe ja saam’et’ puket’ koan'te,4
весь,3,puk,пук,kld_txt_Kert1961_rybolovstvo_20210223,ja maŋŋa tenn puk tuullt'ehten',4
весь,3,pukk,пукк,Переведенный корпус,čaar pugg pakrɨvaetsa čaar pukk tuvvnadd čexxčа veezen,1
весь.ACC.PL,1,pug,пуг,,,1
весь.NOM.PL,1,pugg,пугк,,,1
весь.NOM.SG,1,pugg,пугк,,,1
весь.acc.sg,2,pugg,пугк,kld_txt_Lehtiranta_1_r’iim’ɲ_moajnas,taall pugg lɨgge i saarrn,1
весь.acc.sg,2,puk,пук,kld_txt_Kert1961_pro_vorona_tulena_i_dikogo_olena,čin puk mi l’ii per’a,1
весь.pl,1,pugg,пугк,,,1
весёлый,1,v’ees’s’l,вēссьл,,,1
весёлый.pred,1,v’ees’s’el’,вēссель,,,2
ветвь,1,saar’k’,са̄рьк,,,1
ветер.acc.sg,1,p’iiŋk,пӣӈк,,,1
ветер.gen.sg,1,p’iiŋk,пӣӈк,,,1
ветер.nom.sg,2,p’iiŋŋg,пӣӈӈг,Переведенный корпус,nu vot nap’r’im’eer / vot kooxxt / jesl’e m’eer gor’r’en’ kas’s’ puadd tav(’)v(’)al p’iiŋŋk / pɨjjen’ s’eenkes’ peevl l’ee∅ / to saam’ saarrnev što l’aaɲč tav(’)v(’)al p’iiŋŋg ja ɲues’s’ jeerrk / vuajj pued’d’e c’iigg jeerrk,1
ветер.nom.sg,2,p’iiŋŋk,пӣӈӈк,Переведенный корпус,nu vot nap’r’im’eer / vot kooxxt / jesl’e m’eer gor’r’en’ kas’s’ puadd tav(’)v(’)al p’iiŋŋk / pɨjjen’ s’eenkes’ peevl l’ee∅ / to saam’ saarrnev što l’aaɲč tav(’)v(’)al p’iiŋŋg ja ɲues’s’ jeerrk / vuajj pued’d’e c’iigg jeerrk,1
ветка,1,tuurk,тӯрк,,,1
вечер,1,v’eečr,вēчр,,,1
вечером,2,jeekna,ēкна,Переведенный корпус,kast’umčiket v’iil’l’g’es roovašket mooǯes plaat’jat i jeekna kopčenedem iiǯan škoola enternaahte v’ees’s’lušše,1
вечером,2,jeek’na,ēкьня,Переведенный корпус,vɨjjl’em mɨjj jeek’na sijd’es čaar paaj̥k’ gɒrre ɒd’d’emvuajvaeel,2
вечером,2,jeek’na,ēкьня,Переведенный корпус,vɨjjl’em mɨjj jeek’na,2
вешать,2,kooz’,ко̄зь,Переведенный корпус,maŋŋades kues’s’ nuuht’eš k’iirxnet’ pued’et’ nuut’ kooz’et olk eel,1
вешать,2,kɒʒ,коадж,kld_txt_Kert1961_rybolovstvo_20210223,nuut' kɒʒen' oolke eel,1
вещь???,1,v’eež,вēж,,,1
взглянуть,1,vɨl’š,выльш,,,1
взять,10,vaal’l’t,ва̄лльт,kld_SAM_SG_map_20230815,vaal’l’te ja ujjte,2
взять,10,vaal’l’t,ва̄лльт,Переведенный корпус,jur’te kaal’l’es’ vaal’l’te nɨzan kuu šendahč go rɒdne jeen’n’ n’iijtaja a vɨjte muddanaalla,2
взять,10,val’d’,вальд,kld_txt_Itkonen1931_6_page254,val’d’e kaallsa paar’n’en’es’,1
взять,10,val’l’t,валльт,kld_txt_Kert1961_byl_o_ljajne,čūd˙cuer’r’v’ ɛлtɛn˙ val’l’tɛ kahcad,1
взять,10,voal'l't,воалльт,kld_txt_Kert1961_rybolovstvo_20210223,sɨjj kubet' pooves't' voal'l'ten',2
взять,10,voal'l't,воалльт,kld_txt_Kert1961_rybolovstvo_20210223,sɨjj voal'l'ten' taahkta oakkše nɨjp skoba ja v'eer̥cet',2
взять,10,voal’l't,воалльт,kld_txt_Kert1961_rybolovstvo_20210223,tes't' voal’l'ten' šuurr cɨhcem k’iim’n’,1
взять,10,voal’l’t’,воалльт,kld_txt_Itkonen1931_6_page254,voal’l’t’en’ čoajjd’en,2
взять,10,voal’l’t’,воалльт,kld_txt_Itkonen1931_6_page254,voal’l’t’en’ ja koavvn’en’ s’iin’et’ kaallas paar’n’en’es’,2
взять,10,voal’t,воальт,kld_txt_Lehtiranta_2_r’iim’ɲ_i_taale_moajnas,kaal’l’es’ voal’te(j) r’iim’ɲ,2
взять,10,voal’t,воальт,kld_txt_Lehtiranta_2_r’iim’ɲ_i_taale_moajnas,a r’iim’m’ɲ voal’te(j) kuul’e(j)t,2
взять,10,vål’ti͔,влььти,kld_txt_Kert1961_byl_o_ljajne,sonn vål’ti͔ ɛl’ki͔ sinɛt˙ kusxɛ,1
взять,10,vɒl’t,воальт,kld_txt_Kert1961_pro_vorona_tulena_i_dikogo_olena,vɒl’te kaallsas’t puarsamuss n’iijd,3
взять,10,vɒl’t,воальт,kld_txt_Kert1961_pro_vorona_tulena_i_dikogo_olena,vɒl’te keessktamuss n’iijd kuujje,3
взять,10,vɒl’t,воальт,kld_txt_Kert1961_pro_vorona_tulena_i_dikogo_olena,vɒl’te nuurmuss n’iijd,3
взять,10,vɒɒl’t,воа̄льт,Переведенный корпус,kaal’l’es jur’te jur’te paš’š’e nɒɒj̥j̥tlede vɒɒl’te v’iir’es’ nɨzan,1
видеть,6,k’iihč,кӣххч,kld_txt_Kert1961_rybolovstvo_20210223,kues's' k’iihčev što vuajj nuut' pɨjje,2
видеть,6,k’iihč,кӣххч,kld_txt_Kert1961_rybolovstvo_20210223,k’iihčev,2
видеть,6,uin,уын,kld_txt_Kert1961_byl_o_ljajne,jebb̭e linč uinma L’ain dak tɛl’ sonn i li”,1
видеть,6,ujjin,уййын,Переведенный корпус,pɨd’d’e sonn n’iijtes’ vaarra ɨšteht’ soon p’eez’ vuella a iiǯ vɨxxta vɨjjel’ mɒɒst štobɨ ejj ujjine n’iijtes’ sɒr’m’,1
видеть,6,ujjn,уййн,kld_txt_Lehtiranta_1_r’iim’ɲ_moajnas,čalmeɲen d’ii čalmeɲen kuk’k’ena ujjnbed’d’e,3
видеть,6,ujjn,уййн,Переведенный корпус,no n’iijtaja bɨdde l’aajj jeena sonn l’aajj v’aal uc’c’ bɨdde l’aajj soon m’iil’l’te ujjne,3
видеть,6,ujjn,уййн,Переведенный корпус,sonn nɨdd žal'ej ujjne n'iijjtes' kaallsa n'iijt sajes' vapteg ja cɒɒr al'k ahk'en' što lunten' ižes' pɒɒssvudes',3
видеть,6,ujjn’,уййнҍ,Переведенный корпус,tam’p’e ujjn’eš,1
видеть,6,ujn,уйн,kld_txt_Kert1961_jeerrkja_oollmej_bajas,ujnbedde jebbe meennɲe,11
видеть,6,ujn,уйн,kld_txt_Kert1961_jeerrkja_oollmej_bajas,kues’s’ meene koollm p’eejv i šeeŋŋ vɒɒze i pugg oollme ujnsen’ što kaasska jaav’r ɒrr k’eed’k suel,11
видеть,6,ujn,уйн,Переведенный корпус,kaallas ɒrrev kultlev ujnev per'e jeenne c’iig puud’e,11
видеть,6,ujn,уйн,Переведенный корпус,kaallas ujnev čeed c’iig i kultlev kooxxt sonn luvtaj ja saarrn nɨd’d’ ruahč[15] jes’k’e jeem’m’n’e kɨr’r’t’,11
видеть,6,ujn,уйн,Переведенный корпус,kaallas ujnev čeed c’iig jood’e jeem’m’n’e,11
видеть,6,ujn,уйн,kld_txt_Kert1961_pro_vorona_tulena_i_dikogo_olena,voanc’e voanc’e ujneškuud’e kued,11
видеть,6,ujn,уйн,kld_txt_Kert1961_pro_vorona_tulena_i_dikogo_olena,ujnsen aajjes’ pueddem karsen kued’ luz ja xoŋkerguud’d’en’,11
видеть,6,ujn,уйн,kld_txt_Lehtiranta_3_kɒn’t’_moajnas,ujnčex,11
видеть,6,ujn,уйн,Переведенный корпус,sonn ujnes’ n’iijt,11
видеть,6,ujn,уйн,Переведенный корпус,cɒɒr al’l’k’ sraaze kooxxt ujnes’ n’iijt šɒbšuve son’n’e i c’iil̥’k’e n’iijjta,11
видеть,6,ujn,уйн,Переведенный корпус,a sɒɒne al'n ujnes' ižes' kallma n'iijt,11
видеть.npst.3sg,1,ujjn,уййн,,,2
видеть.npst.cng,2,ujn,уйн,kld_txt_KarNC_wedding_pt2,mɨjj jeb’b’ vuej jeb’b’ ujn ɲ’iimeenn ɲuuxxčem’ ejj lɒɒčk saarrne,4
видеть.npst.cng,2,ujn,уйн,kld_txt_KarNC_wedding_pt2,c’aal̥l̥k: mustgul čal’m’ jev ujn t’iinet’ emm vuej vɨgge,4
видеть.npst.cng,2,ujn,уйн,kld_txt_Kert1961_jeerrkja_oollmej_bajas,jebb ujn ɲimeenn,4
видеть.npst.cng,2,ujn,уйн,kld_txt_Lehtiranta_3_kɒn’t’_moajnas,egg ujn bol’še muun(e),4
видеть.npst.cng,2,ujn”,уйн”,kld_txt_KarNC_wedding_pt2,čalʼmʼgul jev ujn”,1
виднеться,4,kuesst,куэсст,kld_txt_Kert1961_jeerrkja_oollmej_bajas,i tedd šeeŋŋ jod’e koollm p’eejv nɨd’d’ što ejj kuessteɲč ɲim’ii,1
виднеться,4,kuest,куэст,Переведенный корпус,jil’l’en’ sɨjj paak’ tug’g’en’ ejj kuestče nɨm’p’ p’eel’l’,2
виднеться,4,kuest,куэст,Переведенный корпус,s’ines’t’ l’ijjen’ vennas k’aassen’č di l’ijjen’ t’eerpnenč kobba jev kuestče rɨnnte,2
виднеться,4,kuus’s’t’,кӯссьт,Переведенный корпус,kuus’s’t’en al’m’es taas’t’,1
виднеться,4,ɨd’d’,ыдтҍ,kld_txt_Genetz1891,tal’ ɨd’d’en’ t’eeɲ’k k’eedka vuul’l’n,1
виднеться.npst.3sg,1,kues’s’t’,куэссьт,,,2
виднеться.npst.cng,1,kuus’t’,кӯсьт,,,1
вилка(.acc.sg),1,vilka,вылка,,,1
вино.ACC.SG,1,vɨn’n’,выннҍ,,,1
вино.acc.sg,1,vɨn,вын,,,2
вкусный,1,vkuusnɨ,вкӯсны,,,1
влететь,1,revv,рэвв,,,1
вниз,1,valas,валас,,,4
внутри,3,si̮z’n’,сызьн,kld_txt_Kert1961_byl_o_ljajne,puki̮t kån’tɛ kuɛd˙ si̮z’n’,2
внутри,3,si̮z’n’,сызьн,kld_txt_Kert1961_byl_o_ljajne,odzkud˙d˙i͔n˙ kånnta rucɛ si̮z’n’,2
внутри,3,sɨz,сыз,kld_txt_Genetz1891,čaaʒ'jeelle kab'b'er' sɨz l'iiške(j) t'iiŋ’ke(j)t kab'b'er' sɨzn raajjk pugg koollken' kobba,1
внутри,3,sɨz'n’.,сызьн.,kld_txt_Kert1961_nuemmel_piras,juge vɨn surmguades't’ pore p’eerk kuemmer' sɨz'n’.,1
внутрь,2,sɨz,сыз,kld_txt_Genetz1891,čaaʒ'jeelle kab'b'er' sɨz l'iiške(j) t'iiŋ’ke(j)t kab'b'er' sɨzn raajjk pugg koollken' kobba,5
внутрь,2,sɨz,сыз,kld_txt_Genetz1891,čaaʒ'jelle puude(j) t’iiŋ’ke(j)t i pɨt’e saaml’eɲče kab’b’er' sɨz lɨške(j) kab’b’er' lak’ šante,5
внутрь,2,sɨz,сыз,kld_txt_Itkonen1931_6_page254,kued’e sɨz suuŋŋen’,5
внутрь,2,sɨz,сыз,kld_txt_Itkonen1931_6_page254,i v’eer̥c sɨz coag’e,5
внутрь,2,sɨz,сыз,kld_txt_Kert1961_rybolovstvo_20210223,maŋŋa taaz sɨz k’iissen' nuut',5
внутрь,2,sɨz’z’,сыззь,Переведенный корпус,meenn sɒɒnes kuuht jeer’g’ jɒd’exen’ p’eerg ja saav’ex’et koogg l’iijem koorrma saallvas sɨz’z’en’,1
во.время,1,bale,балэ,,,1
вода,1,čadc,чадц,,,1
вода.GEN.SG,1,č’aaz’,чя̄зь,,,1
вода.acc.sg,1,čaaz',ча̄зь,,,1
вода.nom.sg,3,čaaʒ',ча̄джь,kld_txt_Genetz1891,sonn paarna mene(j) jaavvra jordan jus't'e kukxel'l'e čaaʒ'jelle,4
вода.nom.sg,3,čaaʒ',ча̄джь,kld_txt_Genetz1891,čaaʒ'jel'l'e puud'e(j) man'(e) kukxelk mune,4
вода.nom.sg,3,čaaʒ',ча̄джь,kld_txt_Genetz1891,čaaʒ'jeelle kab'b'er' sɨz l'iiške(j) t'iiŋ’ke(j)t kab'b'er' sɨzn raajjk pugg koollken' kobba,4
вода.nom.sg,3,čaaʒ',ча̄джь,kld_txt_Genetz1891,čaaʒ'jelle puude(j) t’iiŋ’ke(j)t i pɨt’e saaml’eɲče kab’b’er' sɨz lɨške(j) kab’b’er' lak’ šante,4
вода.nom.sg,3,čaaʒ’,ча̄джь,Переведенный корпус,mugga čaaʒ’ veeʒ vɨrant,3
вода.nom.sg,3,čaaʒ’,ча̄джь,Переведенный корпус,ab’b’r l’ii gal nuurr abb’r tedd kues’es b’eda čaaʒ’ veeʒ mann kɨdda,3
вода.nom.sg,3,čaaʒ’,ча̄джь,kld_txt_Genetz1891,nu tal'e čaaʒ’jel'l'e puud'e saaml’eɲče c'aal̥l̥ka,3
вода.nom.sg,3,čaz',чазь,kld_txt_Genetz1891,čaz'jelle moaze jaavvra čoaŋe,1
водить,3,vodḓ,водт,kld_txt_Kert1961_byl_o_ljajne,l’k̭i͔ jena i̮ije mil’tɛ vodḓɛtɛ,1
водить,3,vood'd',во̄дтҍ,kld_txt_KarNC_deers,pastex' vood'd'ede mugga l'ii per'e šiig',1
водить,3,voodd,во̄дт,kld_txt_KarNC_deers,puudzet’ paj jeb’b’ pɨɲɲma paj svol’no jiil’em čeexxča kooppčev vooddeddev,4
водить,3,voodd,во̄дт,kld_txt_KarNC_deers,soonn vuul’k’e čuuʒje soonn čeed čuuʒes’t’ j’iil’e vooddede,4
водить,3,voodd,во̄дт,kld_txt_KarNC_deers,nu kues's' pastex' vooddeddev vooddeddev,4
водить,3,voodd,во̄дт,kld_txt_KarNC_deers,nu kues's' pastex' vooddeddev vooddeddev,4
водка,1,ven’n’,вэннҍ,,,1
водка.ACC.SG,1,vɨn’e,выне,,,1
возможно,1,vaje,вайэ,,,1
война,1,vojnas't',войнасьт,,,1
войти,1,suuŋŋ,сӯӈӈ,,,1
вокруг,2,pi̮rr,пырр,kld_txt_Kert1961_byl_o_ljajne,mudḓa saijes’t лi̮kkɛ pi̮rr kuɛd˙ krepas’t˙ murɛn˙,1
вокруг,2,pɨrr,пырр,kld_SAM_SG_map_20230815,veennsen’ vuajj meenne suull… pɨrr suull,7
вокруг,2,pɨrr,пырр,Переведенный корпус,jel’l’eš eev’dla koavas keskes puell tooll a pɨrr ad’d’em v’ell as’te a pɨrr aaret es’tmen,7
вокруг,2,pɨrr,пырр,Переведенный корпус,jel’l’eš eev’dla koavas keskes puell tooll a pɨrr ad’d’em v’ell as’te a pɨrr aaret es’tmen,7
вокруг,2,pɨrr,пырр,kld_txt_KarNC_wedding_pt2,ja tel’ pɨrr van’cl’ev,7
вокруг,2,pɨrr,пырр,kld_txt_KarNC_wedding_pt2,pɨrr tuel’ van’c’ev kolm vuerr,7
вокруг,2,pɨrr,пырр,kld_txt_Lehtiranta_1_r’iim’ɲ_moajnas,pɨrr pɨrr muure,7
вокруг,2,pɨrr,пырр,kld_txt_Lehtiranta_1_r’iim’ɲ_moajnas,pɨrr pɨrr muure,7
вольно,1,svol’no,свольнё,,,1
вон,1,t’eelle,тēллэ,,,1
воробей,1,cɨzg,цызг,,,1
воробей.nom.pl,1,cizga,цызга,,,2
ворон,2,kaar’ns,ка̄рнҍҍс,kld_txt_Kert1961_pro_vorona_tulena_i_dikogo_olena,exxt kaar’nse,1
ворон,2,karns,карнс,kld_txt_Kert1961_pro_vorona_tulena_i_dikogo_olena,a m’ii l’ii karnses’t porrmuššen kuem čoajva ja jɒrk kɒmme vuajva,2
ворон,2,karns,карнс,kld_txt_Kert1961_pro_vorona_tulena_i_dikogo_olena,nuer’j poorrem luus kus’k’ ja jug’g’enalšem kuul’ raašk no per’a meenn karnses’t,2
ворон.GEN.SG,1,kaar’nes’,ка̄рьнесь,,,1
ворон.NOM.SG,1,kaar’nes’,ка̄рьнесь,,,1
ворох?,1,gar',гарь,,,1
восемь,1,kaaxxc,ка̄ххц,,,1
вот,17,dɛl’i,дҍли,kld_txt_Kert1961_byl_o_ljajne,tɛin˙ dɛl’i portuvven˙,1
вот,17,taal’(e),та̄ль(э),kld_txt_Genetz1891,taal’(e) olmeɲč ɒrr,1
вот,17,taal’e,та̄ле,kld_txt_Itkonen1931_6_page254,kullaj taal’e,1
вот,17,tal,тал,kld_txt_Genetz1891,tal taall sonn taal vuejves’t’ kecest voal’te(j) pakke(δ),2
вот,17,tal,тал,kld_txt_Genetz1891,tal taall l'ii laammpas pormaɲč pugg,2
вот,17,tal'e,тале,kld_txt_Genetz1891,nu tal'e čaaʒ’jel'l'e puud'e saaml’eɲče c'aal̥l̥ka,1
вот,17,tala,тала,kld_txt_KarNC_deers,m’iin ruup’p’s’es’ čuma ɒɒlkxuv’v’en’ tala kolxozes’t’,8
вот,17,tala,тала,kld_txt_KarNC_wedding_pt2,nu at’t’ munn tala kooz,8
вот,17,tala,тала,kld_txt_KarNC_wedding_pt2,tala vuuz’x’en’,8
вот,17,tala,тала,kld_txt_KarNC_wedding_pt2,talagul l’ii toon kɒɒbsess,8
вот,17,tala,тала,kld_txt_Kert1961_pro_vorona_tulena_i_dikogo_olena,paar’n’am paar’n’am tala tɨje n’innč,8
вот,17,tala,тала,kld_txt_Kert1961_pro_vorona_tulena_i_dikogo_olena,tala tɨje num’m’p’,8
вот,17,tala,тала,Переведенный корпус,tala kull k’eel’aaɲč puadd,8
вот,17,tala,тала,Переведенный корпус,tala ɒɒšštede ɨd'd'en sɒɒn,8
вот,17,tal’,таль,kld_txt_Genetz1891,tal’ v’iil’l’k’es’ k’eeddka,4
вот,17,tal’,таль,kld_txt_Genetz1891,tal’ ɨd’d’en’ t’eeɲ’k k’eedka vuul’l’n,4
вот,17,tal’,таль,kld_txt_Genetz1891,tal’ pɨhten’ kolmas ruuv’t kuajv saaml’eɲče,4
вот,17,tal’,таль,kld_txt_Genetz1891,tal’ uš l’ii aajjas’ jaall,4
вот,17,tal’e,тале,kld_txt_Genetz1891,tal’e čooggčaan p’eel’l’k’ ɲeel’l’jlɒg’g’ pudde,1
вот,17,tel',тэль,kld_txt_Kert1961_rybolovstvo_20210223,tel' kuuht оollmе vuul'l'ken' par̥ket' soagge,1
вот,17,tela,тэла,kld_txt_Lehtiranta_3_kɒn’t’_moajnas,telagast l’ii jeennsant ɲiɲɲč i num’m’p,1
вот,17,tell,тэлл,Переведенный корпус,p’eervi veeze pɨjj sun’n’t’ad tell pɨjj tell avda pɨjj i tɒɒjv maŋŋa pɨjj ja’vr i joge lɒɒnd аl’gev milgnes kal’l’me,2
вот,17,tell,тэлл,Переведенный корпус,p’eervi veeze pɨjj sun’n’t’ad tell pɨjj tell avda pɨjj i tɒɒjv maŋŋa pɨjj ja’vr i joge lɒɒnd аl’gev milgnes kal’l’me,2
вот,17,telʼ,тэл,kld_txt_KarNC_wedding_pt2,ja telʼ čaapex kal’l’m’.,5
вот,17,telʼ,тэл,kld_txt_KarNC_wedding_pt2,ja telʼgesden’n’egʼe čilʼmetʼ vɒsʼsʼenʼ ja telʼ jodʼdʼedde evtes’ pɨtʼtʼe sʼeessa.,5
вот,17,telʼ,тэл,kld_txt_KarNC_wedding_pt2,ja telʼgesden’n’egʼe čilʼmetʼ vɒsʼsʼenʼ ja telʼ jodʼdʼedde evtes’ pɨtʼtʼe sʼeessa.,5
вот,17,telʼ,тэл,kld_txt_KarNC_wedding_pt2,telʼ en’nʼt’enʼ sonʼnʼe cʼeer̥’k’ vɒɒllenʼ jugge.,5
вот,17,telʼ,тэл,kld_txt_KarNC_wedding_pt2,telʼ vɒsʼsʼenʼ nɨšše tinʼkʼeguejm.,5
вот,17,tel’,тэль,kld_GGM_SG_map_202308D,ну tel’ l’ii jaav’v’r’,48
вот,17,tel’,тэль,kld_SAM_SG_map_20230815,sadamadda činčb’e(e)l’ta tel’ jɒdax čuekas m’iil’l’te,48
вот,17,tel’,тэль,kld_SAM_SG_map_20230815,i tel’ puadax sɨjd luz,48
вот,17,tel’,тэль,Переведенный корпус,tel’ k’aaǯa a kut’as’ kes’s’ luuštal nuut’ tavas,48
вот,17,tel’,тэль,Переведенный корпус,tel’ nuut’ k’eezet,48
вот,17,tel’,тэль,kld_txt_Genetz1891,oxo tel’ jesk mune m’iil’l’te l’ii,48
вот,17,tel’,тэль,kld_txt_KarNC_deers,sɨjj jiil’l’en’ puuʒet’ pɨɲɲen’ i tel’ meenn k’eez’ kɨd kuun’t’x’ev i čeexxča kooppčev,48
вот,17,tel’,тэль,kld_txt_KarNC_deers,tel’ l’iijjen’ iižem’ puud’d’en’ ja jeel’eškuud’d’en’,48
вот,17,tel’,тэль,kld_txt_KarNC_deers,ja tel’ el’g’em’ pɨɲɲe iiž’a saam’,48
вот,17,tel’,тэль,kld_txt_KarNC_deers,tel’ l’aajj z čuez tel’ l’aajj muddmen’,48
вот,17,tel’,тэль,kld_txt_KarNC_deers,tel’ l’aajj z čuez tel’ l’aajj muddmen’,48
вот,17,tel’,тэль,kld_txt_KarNC_deers,kues’s’ kolxoz šeende tel’ eel’l’k’en’,48
вот,17,tel’,тэль,kld_txt_KarNC_wedding,tel’ značit согласились značit svad’ba bɨdd s’iirre,48
вот,17,tel’,тэль,kld_txt_KarNC_wedding,tel’ puud’d’en ɒšte ja meenn menennemdenneg’e,48
вот,17,tel’,тэль,kld_txt_KarNC_wedding_pt2,ja tel’ ɨšštev jugge juggev tel’ mɒst vuul’l’k’ev,48
вот,17,tel’,тэль,kld_txt_KarNC_wedding_pt2,ja tel’ ɨšštev jugge juggev tel’ mɒst vuul’l’k’ev,48
вот,17,tel’,тэль,kld_txt_KarNC_wedding_pt2,meennev mɒst tel’ jev kug’g’ tam’p’e ɒres’t’ tel’ pued’d’ev vaal’l’te a soonn c’aal̥l̥k:,48
вот,17,tel’,тэль,kld_txt_KarNC_wedding_pt2,meennev mɒst tel’ jev kug’g’ tam’p’e ɒres’t’ tel’ pued’d’ev vaal’l’te a soonn c’aal̥l̥k:,48
вот,17,tel’,тэль,kld_txt_KarNC_wedding_pt2,luuj̥kast ja tel’ pued’d’e,48
вот,17,tel’,тэль,kld_txt_KarNC_wedding_pt2,tel’ ɒšte luuj̥j̥kmušš meene,48
вот,17,tel’,тэль,kld_txt_KarNC_wedding_pt2,tel’ puud’d’en’ soonnden’n’eg’e žen’ex’gɒn’c’ puud’d’en,48
вот,17,tel’,тэль,kld_txt_KarNC_wedding_pt2,tel’ koorren’ rɨb’b’ex’ son’n’e,48
вот,17,tel’,тэль,kld_txt_KarNC_wedding_pt2,tel’ čel’m’et’,48
вот,17,tel’,тэль,kld_txt_KarNC_wedding_pt2,sɨjj vɒsʼsʼenʼ tejn ja tel’ evtes’ joddehtenʼ,48
вот,17,tel’,тэль,kld_txt_KarNC_wedding_pt2,tel’ l’iijjen’ l’iijjen’ puggden’n’eg’g’e en’n’t’en’.”,48
вот,17,tel’,тэль,kld_txt_KarNC_wedding_pt2,tel’ maŋŋa tes’t’ mejt?,48
вот,17,tel’,тэль,kld_txt_KarNC_wedding_pt2,tel’ kooz,48
вот,17,tel’,тэль,kld_txt_KarNC_wedding_pt2,tel’ vul’g’e janna,48
вот,17,tel’,тэль,kld_txt_KarNC_wedding_pt2,tel’ vul’k’en’ jannas’,48
вот,17,tel’,тэль,kld_txt_KarNC_wedding_pt2,tel’ son’n’e sarfan tuer’v en’n’ten’,48
вот,17,tel’,тэль,kld_txt_KarNC_wedding_pt2,soonn tel’ sprovdede,48
вот,17,tel’,тэль,kld_txt_KarNC_wedding_pt2,tel’ vɨggev aǯages,48
вот,17,tel’,тэль,kld_txt_KarNC_wedding_pt2,tel’ lɨhcen’den’n’eges,48
вот,17,tel’,тэль,kld_txt_KarNC_wedding_pt2,tel’ kooz,48
вот,17,tel’,тэль,kld_txt_KarNC_wedding_pt2,ja tel’ men,48
вот,17,tel’,тэль,kld_txt_KarNC_wedding_pt2,ja tel’ pɨrr van’cl’ev,48
вот,17,tel’,тэль,kld_txt_KarNC_wedding_pt2,tel’ ɨšštev vɨn’n’ juggueddev,48
вот,17,tel’,тэль,kld_txt_KarNC_wedding_pt2,tel’ juggev juggev,48
вот,17,tel’,тэль,kld_txt_KarNC_wedding_pt2,tel’ žen’ix’ mɒst ujted peer̥’r̥’te,48
вот,17,tel’,тэль,kld_txt_KarNC_wedding_pt2,i tel’ pugg l’ii,48
вот,17,tel’,тэль,kld_txt_Kert1961_pro_vorona_tulena_i_dikogo_olena,tel’ koollm n’ijd pugg vɨjjten’ kuujje,48
вот,17,tel’,тэль,kld_txt_Kert1961_pro_vorona_tulena_i_dikogo_olena,tel’ kaallsenč jiil’e,48
вот,17,tel’,тэль,kld_txt_Kert1961_pro_vorona_tulena_i_dikogo_olena,tel’ moast puud’e,48
вот,17,tel’,тэль,Переведенный корпус,tel’ sɨjj puudden’ rɨnnte,48
вот,17,tel’,тэль,Переведенный корпус,tel’ čuud’d’čuer’r’v jore luuv’t al’n er’(t) sajje,48
вот,17,tel’,тэль,Переведенный корпус,tel’ i v’iž’e narot pugg vuessta,48
вот,17,tel’,тэль,Переведенный корпус,tel’ sug’g’eš i el’k’en’ s’in’et’ ar’jeguejm taagge(d),48
вот,17,tel’,тэль,Переведенный корпус,tel’ paj saam’,48
вот,17,tel’(?),тэль(?),Переведенный корпус,tel’(?) olmanč puadd son’n’e vuessta vaan’n’c,1
вот,17,tel’e,тэле,Переведенный корпус,tel’e eeltnet nɨm’m’pe red’d’en’ rɨnnte i nuut’ k’eez’et k’iid’eguejm ele že eexxt olme veensen nuur’e vokgoarre nuehta a kut’es’ kut’ kuuxxt oollme kut’ p’iirаs nuut’ čoovvgev,2
вот,17,tel’e,тэле,Переведенный корпус,ja tel’e čuujjglem puudem tenn sajja kas’s’ mɨjj l’iijem kuedda sɒɒn puuʒe ja lɨlmɨ pɒp činnen mɨjje vkuusnɨ p’eerg,2
вот,17,tɛl’,тҍл,kld_txt_Kert1961_byl_o_ljajne,tɛl’ tabɛt˙ ruhcлa jul’kɛn˙ ja c’aḽḽk:,2
вот,17,tɛl’,тҍл,kld_txt_Kert1961_byl_o_ljajne,jebb̭e linč uinma L’ain dak tɛl’ sonn i li”,2
вот,17,vot,вот,Переведенный корпус,nu vot nap’r’im’eer / vot kooxxt / jesl’e m’eer gor’r’en’ kas’s’ puadd tav(’)v(’)al p’iiŋŋk / pɨjjen’ s’eenkes’ peevl l’ee∅ / to saam’ saarrnev što l’aaɲč tav(’)v(’)al p’iiŋŋg ja ɲues’s’ jeerrk / vuajj pued’d’e c’iigg jeerrk,8
вот,17,vot,вот,Переведенный корпус,nu vot nap’r’im’eer / vot kooxxt / jesl’e m’eer gor’r’en’ kas’s’ puadd tav(’)v(’)al p’iiŋŋk / pɨjjen’ s’eenkes’ peevl l’ee∅ / to saam’ saarrnev što l’aaɲč tav(’)v(’)al p’iiŋŋg ja ɲues’s’ jeerrk / vuajj pued’d’e c’iigg jeerrk,8
вот,17,vot,вот,kld_txt_KarNC_deers,rɨbkop’p’e en’d’e paj vot,8
вот,17,vot,вот,kld_txt_KarNC_wedding_pt2,i vot mɨjj pud’em zamorskoj kupca pugg l’eev kebtuvvma,8
вот,17,vot,вот,kld_txt_KarNC_wedding_pt2,vot mugga sajja pud’em,8
вот,17,vot,вот,Переведенный корпус,vot munn t’iinet' spas’s’je vojnas't' rucet' vɨg'g'e paak' tuug’g’en',8
вот,17,vot,вот,Переведенный корпус,nu vot i vuul’l’k’en’,8
вот,17,vot,вот,Переведенный корпус,vot sɨjj puud’d’en’ al’l’tla,8
вот?,1,tel’e,тэле,,,1
воткнуться,1,pes’t,пэсьт,,,1
вперемешку,1,s’agлɛssɛ,сягсс,,,1
вперёд,1,evdas,эвдас,,,4
враг,2,ruc,руц,Переведенный корпус,vot munn t’iinet' spas’s’je vojnas't' rucet' vɨg'g'e paak' tuug’g’en',1
враг,2,ruhc,руххц,kld_txt_Kert1961_byl_o_ljajne,ex’x’tɛš́ pud˙d˙i͔n˙ jennɛ ruhce,1
враг.NOM.SG,1,ruhc,руххц,,,1
враг.nom.pl,2,ruc,руц,kld_txt_Kert1961_byl_o_ljajne,tɛi bale ruc jennɛ såmi͔t˙ kontl’i͔n˙,1
враг.nom.pl,2,rūc,руц,kld_txt_Kert1961_byl_o_ljajne,l’kɛn˙ porrɛ rūc,1
время,2,aajjk,а̄ййк,kld_txt_Kert1961_nuemmel_piras,a kuhte ak'k' jamma Iiijjen’ aajjk al'l't.,1
время,2,vr'em'a,вьремя,Переведенный корпус,a aka tenn vr'em'a vuerred,1
время.acc.sg,1,vr'em'a,вьремя,,,1
время.gen.sg,1,paal’,па̄ль,,,2
все,2,pugg,пугк,Переведенный корпус,jav’r’ i vuaja pugg kal’l’mev,2
все,2,pugg,пугк,Переведенный корпус,rɒdne n’iijtes’ meenn ejj lɨk soon paje pueraht a n’iijjtb’eel’l’ xošš i pugg per̥t m’iil’l’te lɨke jeen’n’b’eel’l’ soonen’ paje ɒr̥r̥tedd ja cele p’iijve m’iil’l’te ševraht,2
все,2,pukk,пукк,Переведенный корпус,čeares tenn veeze kon pɨjet čeexxčа ted veeʒ pukk b’eda l’ii roovas i čaares vesenom taal’l’va mennev paje al’m’ al’m’,1
все_же,1,paš’š’e,пашше,,,1
всегда,2,paj,пай,kld_txt_KarNC_deers,sɨjj jiil’l’en’ j’iil’l’en nɨd’d’ paj j’iil’l’en’,13
всегда,2,paj,пай,kld_txt_KarNC_deers,puudzet’ paj jeb’b’ pɨɲɲma paj svol’no jiil’em čeexxča kooppčev vooddeddev,13
всегда,2,paj,пай,kld_txt_KarNC_deers,puudzet’ paj jeb’b’ pɨɲɲma paj svol’no jiil’em čeexxča kooppčev vooddeddev,13
всегда,2,paj,пай,kld_txt_KarNC_deers,no m’iines’t’ puaz paj nɨt’t’e jiil’e no m’iinen’ puaz paj vuameškuud’e,13
всегда,2,paj,пай,kld_txt_KarNC_deers,no m’iines’t’ puaz paj nɨt’t’e jiil’e no m’iinen’ puaz paj vuameškuud’e,13
всегда,2,paj,пай,kld_txt_KarNC_deers,jev allka pɨɲɲe ja nɨd’d’ paj jiil’l’eš kolxoz rajja,13
всегда,2,paj,пай,kld_txt_KarNC_deers,rɨbkop’p’e en’d’e paj vot,13
всегда,2,paj,пай,kld_txt_KarNC_deers,a sɨjj paj eftes’t’ jiil’l’en’,13
всегда,2,paj,пай,kld_txt_KarNC_deers,každe ɨg’g’e paj effte kooppčen’ puuʒet’,13
всегда,2,paj,пай,kld_txt_KarNC_deers,puedd paj l'eev v'iilge ja š'iig,13
всегда,2,paj,пай,kld_txt_KarNC_deers,s'iinen' gaz'eta paj l'eev gaz'etet' looggev,13
всегда,2,paj,пай,kld_txt_KarNC_deers,vr'em'aden'n'e vɨggev pajše v'es'lamuše l'ehč,13
всегда,2,paj,пай,kld_txt_Lehtiranta_3_kɒn’t’_moajnas,kɒn’n’t paj čuskent,13
всегда,2,paje,пайэ,Переведенный корпус,rɒdne n’iijtes’ meenn ejj lɨk soon paje pueraht a n’iijjtb’eel’l’ xošš i pugg per̥t m’iil’l’te lɨke jeen’n’b’eel’l’ soonen’ paje ɒr̥r̥tedd ja cele p’iijve m’iil’l’te ševraht,4
всегда,2,paje,пайэ,Переведенный корпус,rɒdne n’iijtes’ meenn ejj lɨk soon paje pueraht a n’iijjtb’eel’l’ xošš i pugg per̥t m’iil’l’te lɨke jeen’n’b’eel’l’ soonen’ paje ɒr̥r̥tedd ja cele p’iijve m’iil’l’te ševraht,4
всегда,2,paje,пайэ,Переведенный корпус,i nɨd’d’ sɨjj jiil’l’en’ jeen’n’b’eel’l’ n’iijten’es’ eft vued’d’en’ ja poorren’ ja ɒrren’ paje k’iide rɨs's't'e ja pɒɒknedden’,4
всегда,2,paje,пайэ,Переведенный корпус,jeen’n’p’eel’l’ sernna soon ejj šɒbša i paje jur’te kooxxt bɨ vɨjxe n’iijjtp’eel’ per̥tes’ pɒɒge,4
всегда?,1,paj,пай,,,1
всего,1,vs’evo,вьсево,,,1
вскочить,1,vel’l’,вэлль,,,2
встать,1,kɒʒj,коаджй,,,1
встать.pst.3sg,1,kɒссej,коаэй,,,1
встретить,1,vstr’eete,встҍҍрēтэ,,,1
встречный,2,vuesst,вуэсст,kld_txt_Kert1961_pro_vorona_tulena_i_dikogo_olena,luvvtjev paj jeem’m’n’e vuessta vuegg,1
встречный,2,vuus’s’tem,вӯссьтем,kld_txt_Lehtiranta_3_kɒn’t’_moajnas,jeel’ pɨj(e) paarnaj kooɲɲčtuul’j vuus’s’temp’aalla kued’(e),3
встречный,2,vuus’s’tem,вӯссьтем,kld_txt_Lehtiranta_3_kɒn’t’_moajnas,pɨjax vuus’s’temp’aalla kued’(e),3
встречный,2,vuus’s’tem,вӯссьтем,kld_txt_Lehtiranta_3_kɒn’t’_moajnas,aak’k’ pɨje(j) vuus’s’temp’aalla kued’(e) kooɲɲčtuul’j,3
всё,3,paj,пай,kld_txt_Kert1961_pro_vorona_tulena_i_dikogo_olena,luvvtjev paj jeem’m’n’e vuessta vuegg,1
всё,3,pajše,пайшэ,kld_txt_KarNC_deers,pajše pail’e kolxozes’ pail’e vaanas,1
всё,3,pugg,пугк,kld_txt_KarNC_wedding_pt2,i tel’ pugg l’ii,3
всё,3,pugg,пугк,kld_txt_Kert1961_nuemmel_piras,nɨt't’ jen'xem p’iiras pugg påddede gå’ n'uemmel' p’iiras.,3
всё,3,pugg,пугк,kld_txt_Kert1961_pro_vorona_tulena_i_dikogo_olena,tel’ koollm n’ijd pugg vɨjjten’ kuujje,3
всё.ACC.SG,1,pug,пуг,,,1
всё.acc,1,pugg,пугк,,,1
всё_равно,2,s'erna,серна,kld_txt_KarNC_deers,jeel'l'ev s'erna gu sɨjdes' nɨzan jeel'l'ev,1
всё_равно,2,sernna,сэрнна,Переведенный корпус,jeen’n’p’eel’l’ sernna soon ejj šɒbša i paje jur’te kooxxt bɨ vɨjxe n’iijjtp’eel’ per̥tes’ pɒɒge,1
второй,10,nim’b,нымьб,Переведенный корпус,čeexxč saam oollme saarnev puadd nim’b čislas’ aavgustes kues’s’ p’eervi vuer oolme ujnas al’m’es tas’t’,1
второй,10,nim’b’,нымьб,Переведенный корпус,saam saarnev što nim’b’ aavgustes puadd kuevs i čɒɒhpes’ j’eer‘g lɒɒgas k’iin’n’t’e,1
второй,10,num’m’p,нуммьп,kld_txt_Itkonen1931_6_page254,num’m’p cuer̥’r̥’t’ c’eel̥’k’e što vɨgga bɨdd moast,3
второй,10,num’m’p,нуммьп,kld_txt_Lehtiranta_3_kɒn’t’_moajnas,telagast l’ii jeennsant ɲiɲɲč i num’m’p,3
второй,10,num’m’p,нуммьп,kld_txt_Lehtiranta_3_kɒn’t’_moajnas,ibe num’m’p,3
второй,10,num’m’p’,нуммьп,kld_SAM_SG_map_20230815,vuel’kes’b’e(e)l’ l’ii num’m’p’ sɨjjt,2
второй,10,num’m’p’,нуммьп,kld_txt_Kert1961_pro_vorona_tulena_i_dikogo_olena,tala tɨje num’m’p’,2
второй,10,nɨm'm'p',ныммьп,kld_txt_Kert1961_rybolovstvo_20210223,ja allk luuš'š'te nɨm'm'p' p'eel' nuut',1
второй,10,nɨmmp,ныммп,kld_txt_Kert1961_pro_vorona_tulena_i_dikogo_olena,exxte maann kualmant ɨg’g’ nɨmmpa nɨm’m’p’ ɨg’g’,1
второй,10,nɨm’m’p,ныммьп,Переведенный корпус,eexxt sugg a nɨm’m’p lueššt nuut’,2
второй,10,nɨm’m’p,ныммьп,kld_txt_Kert1961_pro_vorona_tulena_i_dikogo_olena,tes’t kalsenč vuud’e nɨm’m’p ɨj ja kualmant p’eejv’ vaan’n’cel’ nuurmuss n’iijjtas kuessa,2
второй,10,nɨm’m’p’,ныммьп,kld_txt_KarNC_deers,nɨm’m’p’ v’iil’l’aj l’aajj sɨmman je’gem’ al’l’k,7
второй,10,nɨm’m’p’,ныммьп,kld_txt_Kert1961_pro_vorona_tulena_i_dikogo_olena,nɨm’m’p’ nuar’r’ja,7
второй,10,nɨm’m’p’,ныммьп,kld_txt_Kert1961_pro_vorona_tulena_i_dikogo_olena,exxte maann kualmant ɨg’g’ nɨmmpa nɨm’m’p’ ɨg’g’,7
второй,10,nɨm’m’p’,ныммьп,kld_txt_Kert1961_pro_vorona_tulena_i_dikogo_olena,eft ufs m’iil’l’te voarrat kɒn’n’t’ nɨm’m’p’ n’iijjt,7
второй,10,nɨm’m’p’,ныммьп,Переведенный корпус,maŋŋa nɨm’m’p’ paar’r’n’ koavnšuve,7
второй,10,nɨm’m’p’,ныммьп,Переведенный корпус,paar’r’n’ kiičes’t’ kas’t’ l’ijj nɨm’m’p’ paar’r’n’,7
второй,10,nɨm’m’p’,ныммьп,Переведенный корпус,nɨm’m’p’ p’eegač jul’k jev kun’t,7
второй,10,nɨm’p,нымьп,Переведенный корпус,paar’r’n’ ap’et samastr’eles’ pejjel’ n’ul i nɨm’p r’eškel’,1
второй,10,nɨm’p’,нымьп,Переведенный корпус,jil’l’en’ sɨjj paak’ tug’g’en’ ejj kuestče nɨm’p’ p’eel’l’,2
второй,10,nɨm’p’,нымьп,Переведенный корпус,a nɨm’p’ puadd i vuejj i šurnant paar’n’ eel štɒ munn puada toon konta men guejka most tovruž kon’tex,2
второй.obl,1,num’p’,нумьп,,,3
втророй,1,num’m’p’,нуммьп,,,1
входить,1,suaŋ,суаӈ,,,1
вцепиться.npst.3sg,1,ɲaaʒʒ,на̄дждж,,,1
вчера,1,jeggda,егкда,,,1
вы,3,tɨj,тый,kld_txt_Kert1961_pro_vorona_tulena_i_dikogo_olena,paar’n’am paar’n’am tala tɨje n’innč,2
вы,3,tɨj,тый,kld_txt_Kert1961_pro_vorona_tulena_i_dikogo_olena,tala tɨje num’m’p’,2
вы,3,tɨjj,тыйй,kld_SAM_SG_map_20230815,tɨjje bɨdd meenne kualmant sɨjjta,1
вы,3,t’in,тин,kld_txt_Kert1961_pro_vorona_tulena_i_dikogo_olena,tam’p’e eellm olmenč t’inet’ šɨll,1
вывернутый,1,jɒrk,йɒрк,,,1
выйти,3,l’iixxt,лӣххт,kld_txt_Genetz1891,l’iixxten’ olkes,1
выйти,3,vɨjjt,выййт,kld_txt_Kert1961_jeerrkja_oollmej_bajas,a ruuc uže vɨjjten’ jaavvra,2
выйти,3,vɨjjt,выййт,kld_txt_Kert1961_pro_vorona_tulena_i_dikogo_olena,tel’ koollm n’ijd pugg vɨjjten’ kuujje,2
выйти,3,vɨjt,выйт,kld_txt_Kert1961_jeerrkja_oollmej_bajas,n’iijjt vɨjte olkes i saarrn,2
выйти,3,vɨjt,выйт,Переведенный корпус,jur’te kaal’l’es’ vaal’l’te nɨzan kuu šendahč go rɒdne jeen’n’ n’iijtaja a vɨjte muddanaalla,2
выйти.imp.sg,1,vɨjd,выйд,,,1
вылезать?,1,n’iijp,нӣйп,,,1
вылечить,1,lɨhc,лыххц,,,1
вылить,2,l'iišk,лӣшк,kld_txt_Genetz1891,čaaʒ'jeelle kab'b'er' sɨz l'iiške(j) t'iiŋ’ke(j)t kab'b'er' sɨzn raajjk pugg koollken' kobba,1
вылить,2,lɨšk,лышк,kld_txt_Genetz1891,čaaʒ'jelle puude(j) t’iiŋ’ke(j)t i pɨt’e saaml’eɲče kab’b’er' sɨz lɨške(j) kab’b’er' lak’ šante,1
выскочить,2,veel’l’,вэ̄лль,kld_txt_Kert1961_pro_vorona_tulena_i_dikogo_olena,aahk’ veel’l’ej olkes’ paarrnes’ m’iil’l’te,1
выскочить,2,vel’l’j,вэллй,Переведенный корпус,tegg jev k’iršen’č vel’l’jen’ i rostak tvoju,1
выскочить.PST.3SG,1,vel’l’ej,вэллей,,,1
высокий,3,al,ал,Переведенный корпус,soonn l’ii algadan jeena tooxnedde m’etredde,1
высокий,3,ala,ала,Переведенный корпус,ɒd’d’em’vuajva tuul’l’ej alavud’d’e l’ii jeena koollm čuud’d’e m’etredde,1
высокий,3,eell,э̄лл,kld_txt_Kert1961_pro_vorona_tulena_i_dikogo_olena,kas’t k’eed’d’k’ eellan,1
выходить,1,l’iift,лӣфт,,,1
вязать,1,kɒd,коад,,,1
газета,1,gaz'et,газет,,,1
газета.acc.sg,1,gaz'eta,газета,,,1
газета.nom.pl,1,gaz'eta,газета,,,1
гармонь,1,garmon',гармонҍ,,,1
где,7,kas't',касьт,Переведенный корпус,kas't' luuhp’el' l'aajj koanta sonn meenne sajja čuur'v'et' n'al'mes' ompan vuuv’s'e,1
где,7,kas’s’,кассь,Переведенный корпус,nu sp’erva luuš’t’et saajmet čuallma el’e že ɲɒɒrges tavas kas’s’ kuul’l’ dolžan meenne paal’ bajas paal’ bajas,3
где,7,kas’s’,кассь,Переведенный корпус,koollset’ lɨgget’ t’een’n’et’ olma raadd kuuss muure mugga muur kas’s’ l’ii vaanas vuek’s’,3
где,7,kas’s’,кассь,Переведенный корпус,ja tel’e čuujjglem puudem tenn sajja kas’s’ mɨjj l’iijem kuedda sɒɒn puuʒe ja lɨlmɨ pɒp činnen mɨjje vkuusnɨ p’eerg,3
где,7,kas’s’*,кассь*,Переведенный корпус,k’eez’et nuut’ mugga sajen kas’s’* jolla kieb’g’** l’ii nol’ges*** pɒn’n’,1
где,7,kas’t,касьт,kld_GGM_SG_map_202308D,а kas’t voarrde munn emm t’iid’,6
где,7,kas’t,касьт,kld_SAM_SG_map_20230815,kas’t l’ii činčb’e(e)l’ sɨjjt,6
где,7,kas’t,касьт,kld_SAM_SG_map_20230815,tedd sɨjjt l’ll kas’t l’eev paahk’,6
где,7,kas’t,касьт,kld_txt_Kert1961_pro_vorona_tulena_i_dikogo_olena,kas’t k’eed’d’k’ eellan,6
где,7,kas’t,касьт,kld_txt_Lehtiranta_2_r’iim’ɲ_i_taale_moajnas,kas’t ton(n) с’aal̥l̥k kuul’e(j)t vaalеax,6
где,7,kas’t,касьт,kld_txt_Lehtiranta_3_kɒn’t’_moajnas,kas’t i koon m’iissteg tuug’g’en’ eellmoollme paar’r’n tuun(en) šɨll,6
где,7,kas’t˙,касьт˙,kld_txt_Kert1961_byl_o_ljajne,kas’t˙ li L’ain ja man’tɛm’ sonn li?”,2
где,7,kas’t˙,касьт˙,kld_txt_Kert1961_byl_o_ljajne,i kas’t˙ rucɛt˙ kåvvn,2
где,7,kas’t’,касьт,Переведенный корпус,paar’r’n’ kiičes’t’ kas’t’ l’ijj nɨm’m’p’ paar’r’n’,1
где,7,kos’te,косьте,kld_txt_Genetz1891,kos’te voardek?,1
география,1,geagraafe,гэагра̄фэ,,,1
глаз,7,čel’m’,цэльм,kld_txt_KarNC_wedding_pt2,tel’ čel’m’et’,1
глаз,7,čalm,чалм,kld_txt_Lehtiranta_1_r’iim’ɲ_moajnas,čalmeɲen d’ii čalmeɲen kuk’k’ena ujjnbed’d’e,2
глаз,7,čalm,чалм,kld_txt_Lehtiranta_1_r’iim’ɲ_moajnas,čalmeɲen d’ii čalmeɲen kuk’k’ena ujjnbed’d’e,2
глаз,7,čal’m,чальм,kld_txt_KarNC_wedding_pt2,nɨšše čal’mxa,1
глаз,7,čal’m’,чальм,kld_txt_Genetz1891,čal’m’es’t’ kaadd,1
глаз,7,čilʼm,чылм,kld_txt_KarNC_wedding_pt2,ja telʼgesden’n’egʼe čilʼmetʼ vɒsʼsʼenʼ ja telʼ jodʼdʼedde evtes’ pɨtʼtʼe sʼeessa.,1
глаз,7,čilʼmʼ,чылм,kld_txt_KarNC_wedding_pt2,da munn čilʼmʼenʼ lɨccagul toost.”,1
глаз,7,čil’m,чыльм,kld_txt_KarNC_wedding_pt2,nɨšše čil’meguejm ja čontken’ muhctad,3
глаз,7,čil’m,чыльм,kld_txt_KarNC_wedding_pt2,čil’met’ vɒɒzet,3
глаз,7,čil’m,чыльм,kld_txt_KarNC_wedding_pt2,vɒɒzen’ čil’met’ ja vɨn’e jugge ja,3
глаз.PL.NOM,1,čal’m,чальм,,,1
глаз.nom.pl,2,čal’m’,цальм,kld_txt_KarNC_wedding_pt2,c’aal̥l̥k: mustgul čal’m’ jev ujn t’iinet’ emm vuej vɨgge,1
глаз.nom.pl,2,čalʼmʼ,чалм,kld_txt_KarNC_wedding_pt2,čalʼmʼgul jev ujn”,1
глотать,1,n’iil,нӣл,,,1
глядеть.NPST.3SG,1,k’aahč,кя̄ххч,,,1
гнездо.nom.sg,1,p’ees’s’,пēссь,,,2
гнуться,1,soj,сой,,,1
гнуться.npst.3sg,1,sojj,сойй,,,1
гоахти,1,kued’,куэдҍ,,,1
говорить,3,saarn,са̄рн,Переведенный корпус,čeexxč saam oollme saarnev puadd nim’b čislas’ aavgustes kues’s’ p’eervi vuer oolme ujnas al’m’es tas’t’,3
говорить,3,saarn,са̄рн,Переведенный корпус,saam saarnev što nim’b’ aavgustes puadd kuevs i čɒɒhpes’ j’eer‘g lɒɒgas k’iin’n’t’e,3
говорить,3,saarn,са̄рн,Переведенный корпус,meenn saarnax,3
говорить,3,saarrn,са̄ррн,Переведенный корпус,nu vot nap’r’im’eer / vot kooxxt / jesl’e m’eer gor’r’en’ kas’s’ puadd tav(’)v(’)al p’iiŋŋk / pɨjjen’ s’eenkes’ peevl l’ee∅ / to saam’ saarrnev što l’aaɲč tav(’)v(’)al p’iiŋŋg ja ɲues’s’ jeerrk / vuajj pued’d’e c’iigg jeerrk,9
говорить,3,saarrn,са̄ррн,Переведенный корпус,puer’es oollme saarrnev što vuus’ ɲues’s’ jeer’r’k’e siin’et’ čofta muehc,9
говорить,3,saarrn,са̄ррн,Переведенный корпус,saarrnev što l’aaɲč ɲues’s’ jeerrk / aab’b’r’ jeerrk / abrešuadd,9
говорить,3,saarrn,са̄ррн,kld_txt_KarNC_wedding_pt2,mɨjj jeb’b’ vuej jeb’b’ ujn ɲ’iimeenn ɲuuxxčem’ ejj lɒɒčk saarrne,9
говорить,3,saarrn,са̄ррн,kld_txt_KarNC_wedding_pt2,a ničego š’iig l’ii ad’d’ vuaja saarrne,9
говорить,3,saarrn,са̄ррн,kld_txt_KarNC_wedding_pt2,sʼiisʼsʼ cʼaal̥l̥k “munn emm vuej saarrne”.,9
говорить,3,saarrn,са̄ррн,kld_txt_Kert1961_jeerrkja_oollmej_bajas,oollme eel’l’ken’ saarrne parnaguejm štobe kɒmpaɲe paar’r’n soon al’n nɒɒj̥j̥tlede(h)č,9
говорить,3,saarrn,са̄ррн,kld_txt_Kert1961_jeerrkja_oollmej_bajas,oollme saarrnev,9
говорить,3,saarrn,са̄ррн,kld_txt_Lehtiranta_2_r’iim’ɲ_i_taale_moajnas,taall k’eet’t’k i ɲuem’m’el saarrnev,9
говорить,3,sarn,сарн,Переведенный корпус,sarneškud'e Mar’r'j Uvvan n’iijjt kaallseguejm c'aal̥l̥k kooz čuur'v’et' pɨjje tenn sajja koappče čuer'v' gar',1
говорить.imp.pl,1,saarn,са̄рн,,,1
говорить.nps.3sg,1,c’aḽḽk:,цяллк:,,,1
говорить.npst.3sg,5,c'aal̥l̥k,ця̄ӆӆк,Переведенный корпус,sarneškud'e Mar’r'j Uvvan n’iijjt kaallseguejm c'aal̥l̥k kooz čuur'v’et' pɨjje tenn sajja koappče čuer'v' gar',1
говорить.npst.3sg,5,c’aal̥l̥k,ця̄ӆӆк,kld_txt_Lehtiranta_2_r’iim’ɲ_i_taale_moajnas,mɨn’n’e c’aal̥l̥k pɒbbeht kuul’l’,3
говорить.npst.3sg,5,c’aal̥l̥k,ця̄ӆӆк,kld_txt_Lehtiranta_2_r’iim’ɲ_i_taale_moajnas,tanna c’aal̥l̥k pɒbbaht kuul’l’,3
говорить.npst.3sg,5,c’aal̥l̥k,ця̄ӆӆк,Переведенный корпус,eexxt paar’r’n c’aal̥l̥k munn vuelka tol’ke mon’n’e tovruš bɨdd,3
говорить.npst.3sg,5,c’eel̥’l̥’k’,цēӆӆьк,Переведенный корпус,sonn c’eel̥’l̥’k’ joaddslagul meer’r’e,2
говорить.npst.3sg,5,c’eel̥’l̥’k’,цēӆӆьк,Переведенный корпус,sonn c’eel̥’l̥’k’ munngul vaalta,2
говорить.npst.3sg,5,saarrn,са̄ррн,Переведенный корпус,puarrsamuss saarrn v'iil'jas,38
говорить.npst.3sg,5,saarrn,са̄ррн,kld_txt_Kert1961_jeerrkja_oollmej_bajas,a tedd n’iijjt saarrn,38
говорить.npst.3sg,5,saarrn,са̄ррн,kld_txt_Kert1961_jeerrkja_oollmej_bajas,n’iijjt vɨjte olkes i saarrn,38
говорить.npst.3sg,5,saarrn,са̄ррн,Переведенный корпус,oollme toahten’ pugg poaččke a Mar'r’j Uvvan n’iijjt saarrn,38
говорить.npst.3sg,5,saarrn,са̄ррн,Переведенный корпус,kaallas ujnev čeed c’iig i kultlev kooxxt sonn luvtaj ja saarrn nɨd’d’ ruahč[15] jes’k’e jeem’m’n’e kɨr’r’t’,38
говорить.npst.3sg,5,saarrn,са̄ррн,kld_txt_Lehtiranta_1_r’iim’ɲ_moajnas,r’iimmɲ saarrn toalle,38
говорить.npst.3sg,5,saarrn,са̄ррн,kld_txt_Lehtiranta_1_r’iim’ɲ_moajnas,r’iimmɲ saarrn čte jeel’ poor(e)[b] muun(e),38
говорить.npst.3sg,5,saarrn,са̄ррн,kld_txt_Lehtiranta_1_r’iim’ɲ_moajnas,taall kuun’d(’)e kuun’d(’)e saarrn,38
говорить.npst.3sg,5,saarrn,са̄ррн,kld_txt_Lehtiranta_1_r’iim’ɲ_moajnas,r’iimmɲ saarrn čte saap’p[d]’l’iŋ’geɲǯ l’ii ɲues’s’,38
говорить.npst.3sg,5,saarrn,са̄ррн,kld_txt_Lehtiranta_1_r’iim’ɲ_moajnas,voan’ʒe voan’ʒe saarrn,38
говорить.npst.3sg,5,saarrn,са̄ррн,kld_txt_Lehtiranta_1_r’iim’ɲ_moajnas,r’iimmɲ saarrn,38
говорить.npst.3sg,5,saarrn,са̄ррн,kld_txt_Lehtiranta_1_r’iim’ɲ_moajnas,kuun’d(‘)e kuun’d(‘)e saarrn,38
говорить.npst.3sg,5,saarrn,са̄ррн,kld_txt_Lehtiranta_1_r’iim’ɲ_moajnas,r’iimmɲ saarrn čte ɲuem’m’l(‘)eɲǯ l’ii ɲues’s’,38
говорить.npst.3sg,5,saarrn,са̄ррн,kld_txt_Lehtiranta_1_r’iim’ɲ_moajnas,kuun’d(‘)e kuun’d(‘)e saarrn,38
говорить.npst.3sg,5,saarrn,са̄ррн,kld_txt_Lehtiranta_1_r’iim’ɲ_moajnas,r’iimmɲ saarrn čte kuun’d(‘)(e) kuun’d(‘)(e) v’aalen sada,38
говорить.npst.3sg,5,saarrn,са̄ррн,kld_txt_Lehtiranta_1_r’iim’ɲ_moajnas,taall kuun’d(‘)e kuun’d(‘)e saarrn,38
говорить.npst.3sg,5,saarrn,са̄ррн,kld_txt_Lehtiranta_1_r’iim’ɲ_moajnas,r’iimmɲ saarrn,38
говорить.npst.3sg,5,saarrn,са̄ррн,kld_txt_Lehtiranta_1_r’iim’ɲ_moajnas,r’iimmɲ saarrn čte mun(n) kɨr’j(e)xem,38
говорить.npst.3sg,5,saarrn,са̄ррн,kld_txt_Lehtiranta_1_r’iim’ɲ_moajnas,taall saarrn,38
говорить.npst.3sg,5,saarrn,са̄ррн,kld_txt_Lehtiranta_1_r’iim’ɲ_moajnas,r’iimmɲ saarrn čte jeenna l’ii tuujje tuun s’eel’g kɨr’j(e)xe(ẟ),38
говорить.npst.3sg,5,saarrn,са̄ррн,kld_txt_Lehtiranta_1_r’iim’ɲ_moajnas,taall saarrn čte mun(n) (j)iiǯ’ǯ’ pugg lɨggam,38
говорить.npst.3sg,5,saarrn,са̄ррн,kld_txt_Lehtiranta_1_r’iim’ɲ_moajnas,r’iimmɲ saarrn,38
говорить.npst.3sg,5,saarrn,са̄ррн,kld_txt_Lehtiranta_1_r’iim’ɲ_moajnas,r’iimmɲ saarrn,38
говорить.npst.3sg,5,saarrn,са̄ррн,kld_txt_Lehtiranta_1_r’iim’ɲ_moajnas,taall pugg lɨgge i saarrn,38
говорить.npst.3sg,5,saarrn,са̄ррн,kld_txt_Lehtiranta_1_r’iim’ɲ_moajnas,r’iimmɲ saarrn,38
говорить.npst.3sg,5,saarrn,са̄ррн,kld_txt_Lehtiranta_1_r’iim’ɲ_moajnas,r’iimmɲ por’de eele muure(j)d i saarrn,38
говорить.npst.3sg,5,saarrn,са̄ррн,kld_txt_Lehtiranta_1_r’iim’ɲ_moajnas,taall lɨggest i saarrn,38
говорить.npst.3sg,5,saarrn,са̄ррн,kld_txt_Lehtiranta_1_r’iim’ɲ_moajnas,r’iimmɲ saarrn,38
говорить.npst.3sg,5,saarrn,са̄ррн,kld_txt_Lehtiranta_1_r’iim’ɲ_moajnas,r’iimmɲ puelle(h)t koattkse(j)d ja saarrn,38
говорить.npst.3sg,5,saarrn,са̄ррн,kld_txt_Lehtiranta_1_r’iim’ɲ_moajnas,toolest s’eel’l’g puul’l’eškuud’e ja saarrn,38
говорить.npst.3sg,5,saarrn,са̄ррн,kld_txt_Lehtiranta_1_r’iim’ɲ_moajnas,r’iimmɲ saarrn,38
говорить.npst.3sg,5,saarrn,са̄ррн,kld_txt_Lehtiranta_1_r’iim’ɲ_moajnas,r’iimmɲ vuul’ge vaarra karrel ja saarrn,38
говорить.npst.3sg,5,saarrn,са̄ррн,kld_txt_Lehtiranta_1_r’iim’ɲ_moajnas,s’eejjb i saarrn,38
говорить.npst.3sg,5,saarrn,са̄ррн,kld_txt_Lehtiranta_2_r’iim’ɲ_i_taale_moajnas,taall saarrn,38
говорить.npst.3sg,5,saarrn,са̄ррн,kld_txt_Lehtiranta_2_r’iim’ɲ_i_taale_moajnas,r’iim’m’ɲ saarrn,38
говорить.npst.3sg,5,saarrn,са̄ррн,kld_txt_Lehtiranta_3_kɒn’t’_moajnas,i saarrn aakkas,38
говорить.npst.3sg,5,saarrn,са̄ррн,Переведенный корпус,sonn kɨppt udd di saarrn,38
говорить.npst.3sg,5,saarrn,са̄ррн,Переведенный корпус,i saarrn,38
говорить.npst.3sg,5,с’aal̥l̥k,а̄ӆӆк,kld_txt_Lehtiranta_2_r’iim’ɲ_i_taale_moajnas,kas’t ton(n) с’aal̥l̥k kuul’e(j)t vaalеax,5
говорить.npst.3sg,5,с’aal̥l̥k,а̄ӆӆк,kld_txt_Lehtiranta_2_r’iim’ɲ_i_taale_moajnas,r’iim’m’ɲ с’aal̥l̥k,5
говорить.npst.3sg,5,с’aal̥l̥k,а̄ӆӆк,kld_txt_Lehtiranta_2_r’iim’ɲ_i_taale_moajnas,с’aal̥l̥k,5
говорить.npst.3sg,5,с’aal̥l̥k,а̄ӆӆк,kld_txt_Lehtiranta_2_r’iim’ɲ_i_taale_moajnas,r’iim’m’ɲ с’aal̥l̥k,5
говорить.npst.3sg,5,с’aal̥l̥k,а̄ӆӆк,kld_txt_Lehtiranta_2_r’iim’ɲ_i_taale_moajnas,no vɨl’l’kep с’aal̥l̥k,5
год,4,eeg’,э̄гь,Переведенный корпус,i nɨd’d’ pradalžaetsa kaaždɨ eeg’en’ raaznɨ p’iirras raaznɨ sajen šel’l’ev kuul’e,1
год,4,eg,эг,Переведенный корпус,vеeze mudda ege pɨjj udlenne mudda ege milgnes,2
год,4,eg,эг,Переведенный корпус,vеeze mudda ege pɨjj udlenne mudda ege milgnes,2
год,4,ɨg’,ыгь,Переведенный корпус,kuddlɒg’g’ kualmante ɨg’es’ janvari maanas’ munn učenekam’i avcand klaases’ vɨjjl’em čiirre puuʒeguejm,2
год,4,ɨg’,ыгь,Переведенный корпус,tes’t’ ufšten geagraafe munn rɒst mɒɒj(n)se parnat pugg čaar bajas kooxxt ad’d’ izmen’iilsa čaarr tejja ɨg’e kooxxt jeel’ešued’d’eš per’a i tag daale,2
год,4,ɨg’g’,ыгкь,kld_txt_KarNC_deers,koollmlɒg’g’e ɨg’g’e l’aajj,3
год,4,ɨg’g’,ыгкь,kld_txt_KarNC_deers,každe ɨg’g’e paj effte kooppčen’ puuʒet’,3
год,4,ɨg’g’,ыгкь,kld_txt_KarNC_deers,maŋŋades’t’ daže kolxoz kues’s’ kolxos’s’e ɨštem jeenne ɨg’g’e meene,3
год.nom.sg,1,ɨg’g’,ыгкь,,,2
годовалый.телёнок,2,luuhpl’,лӯххпььл,Переведенный корпус,juug’g’e čer'krɨgge luuhpl’es't’ čuur'v’et' ja pɨht’e mɨn’n’e,1
годовалый.телёнок,2,luuhp’el',лӯххьпель,Переведенный корпус,kas't' luuhp’el' l'aajj koanta sonn meenne sajja čuur'v'et' n'al'mes' ompan vuuv’s'e,1
годовалый.телёнок.acc.sg,2,luuhp’el',лӯххьпель,Переведенный корпус,čuudzes't’ pɨht’e sɨnnem sevs luuhp’el',1
годовалый.телёнок.acc.sg,2,luuhp’el’,лӯххьпель,Переведенный корпус,maŋa talas't’ pal'l' luuhp’el’,1
голенище,1,čir'r',чыррь,,,1
голень,1,ɲiic'c'ks,нӣдцкььс,,,1
голень.nom.pl,1,n’iicckas,нӣдцкас,,,1
голова,2,vuajv,вуайв,kld_txt_Kert1961_pro_vorona_tulena_i_dikogo_olena,a m’ii l’ii karnses’t porrmuššen kuem čoajva ja jɒrk kɒmme vuajva,1
голова,2,vuejv,вуэйв,kld_txt_Genetz1891,voal'te(j) s'irre(δ) paarna(j)n' vuejve(j)t’ rɒdd,2
голова,2,vuejv,вуэйв,kld_txt_Genetz1891,tal taall sonn taal vuejves’t’ kecest voal’te(j) pakke(δ),2
голова.nom.sg,1,vuejjv,вуэййв,,,2
голос.ACC.SG,1,jiin,ӣн,,,1
голос.NOM.SG,1,iinn,ӣнн,,,1
горa.gen.sg,1,paak',па̄кь,,,1
гора,2,paahk,па̄ххк,Переведенный корпус,pɨjet nɨt’t’ štobe sɨjj l’iihčen’ seekksem m’eedas tes’t’ vuajj kues’s’ l’eev seekks m’eedas vuajj čuujjke udlen’n’e a kues’s’ pejjne paahka to rueppt seeks ejj jɒdd valas k’irse,1
гора,2,paak’,па̄кь,kld_GGM_SG_map_202308D,tɒge paak’e eel,3
гора,2,paak’,па̄кь,kld_GGM_SG_map_202308D,tola kɒllk jogg paak’et’,3
гора,2,paak’,па̄кь,kld_SAM_SG_map_20230815,paak’et’ koahten’ pevl,3
гора.gen,1,paak’,па̄кь,,,1
гора.gen.sg,1,paak’,па̄кь,,,3
гора.nom.pl,1,paak’,па̄кь,,,1
гора.nom.sg,1,paahk’,па̄ххьк,,,1
гореть,3,pul’l’,пулль,kld_txt_Kert1961_byl_o_ljajne,jāvr’ tuggɛn˙ vez’da pul’l’ɐv tōл,1
гореть,3,pul’l’ɐv,пулльв,kld_txt_Kert1961_byl_o_ljajne,i sama jenmus tōл pul’l’ɐv suллɛs’,1
гореть,3,puul’l’,пӯлль,kld_txt_Lehtiranta_1_r’iim’ɲ_moajnas,toolest s’eel’l’g puul’l’eškuud’e ja saarrn,2
гореть,3,puul’l’,пӯлль,Переведенный корпус,sonn viireš’t’ udd puul’l’ej vilka oojk’e n’aallma i tejn roahpad,2
гореть.npst.3sg,1,puell,пуэлл,,,1
гореть.pst.3sg,1,puell,пуэлл,,,1
горло,2,čontk,чонтк,kld_txt_KarNC_wedding_pt2,nɨšše čil’meguejm ja čontken’ muhctad,1
горло,2,čoonnt,чо̄ннт,kld_txt_KarNC_wedding_pt2,avvta tezges nɨšʼšʼe vɒɒllenʼ čoonnte lɨhcenʼ,1
город,1,lаnn,лнн,,,2
горсть.gen.sg,1,kuemmer',куэммэрь,,,1
гость,2,kuess,куэсс,kld_txt_Kert1961_pro_vorona_tulena_i_dikogo_olena,ja vel’k’e puarsamus n’iijda kuessa,4
гость,2,kuess,куэсс,kld_txt_Kert1961_pro_vorona_tulena_i_dikogo_olena,tes’t kalsenč vuud’e nɨm’m’p ɨj ja kualmant p’eejv’ vaan’n’cel’ nuurmuss n’iijjtas kuessa,4
гость,2,kuess,куэсс,kld_txt_Lehtiranta_2_r’iim’ɲ_i_taale_moajnas,puud’d’en sun’n’e ɲuem’m’el i taall i k’eet’t’k kuessa i k’eeǯ’ǯ’ev,4
гость,2,kuess,куэсс,Переведенный корпус,n’iijjta paar’r’n’ ponrav’dede i cɒɒr al’l’k’ i kaallsa n’iijjt nɒɒj̥j̥tledden’ i jeel’ešuud’d’en’ š’iiggten’n’e i tenna rajja jeellev i m’iinet’ kuessa kɒhčev,4
гость,2,kus’s’,куссь,kld_txt_Kert1961_pro_vorona_tulena_i_dikogo_olena,n’iijjt činguud’e kus’s’v’aar,1
государство,1,gosudarstv,государств,,,1
готовить,2,čin,чын,kld_txt_Kert1961_pro_vorona_tulena_i_dikogo_olena,n’iijjt činguud’e kus’s’v’aar,1
готовить,2,činn,чынн,Переведенный корпус,puuʒet pugg kornem ja ɨldem tool ja al’g’em aavvde čaaj činne p’eerg,3
готовить,2,činn,чынн,Переведенный корпус,čɒɒgem saav’ex’et koollm oollme kuuddjen činne p’eerg vel,3
готовить,2,činn,чынн,Переведенный корпус,ja tel’e čuujjglem puudem tenn sajja kas’s’ mɨjj l’iijem kuedda sɒɒn puuʒe ja lɨlmɨ pɒp činnen mɨjje vkuusnɨ p’eerg,3
готовый,1,voalmaš,воалмаш,,,1
грабить,1,gråbb,грбп,,,1
грести,2,sugg,сугк,Переведенный корпус,tel’l’ nuut’ pɨjet veennse i suggev kuel’l’e šɨl’l’e mudda sajja,2
грести,2,sugg,сугк,kld_txt_Kert1961_rybolovstvo_20210223,tes't bɨdd sugge m'aalka,2
грести,2,sug’g’,сугкь,Переведенный корпус,tel’ sug’g’eš i el’k’en’ s’in’et’ ar’jeguejm taagge(d),1
грести.npst.3sg,1,sugg,сугк,,,2
греть,2,aavd,а̄вд,Переведенный корпус,aavdem čaajet p’eerget kɨp’t’em pɒɒštem vueɲč,1
греть,2,aavvd,а̄ввд,Переведенный корпус,puuʒet pugg kornem ja ɨldem tool ja al’g’em aavvde čaaj činne p’eerg,1
грудь,1,rannt,раннт,,,1
грудь.acc.sg,1,ɲiɲč,нынч,,,1
грудь.nom.sg,2,n’innč,ниннч,kld_txt_Kert1961_pro_vorona_tulena_i_dikogo_olena,paar’n’am paar’n’am tala tɨje n’innč,1
грудь.nom.sg,2,ɲiɲɲč,ныннч,kld_txt_Lehtiranta_3_kɒn’t’_moajnas,telagast l’ii jeennsant ɲiɲɲč i num’m’p,2
грудь.nom.sg,2,ɲiɲɲč,ныннч,kld_txt_Lehtiranta_3_kɒn’t’_moajnas,ibe mɨn’n’e tuun ɲiɲɲč,2
грудь_зв,1,m’iilk,мӣлк,,,1
густой.лес?.?,1,lɒɒnd,лоа̄нд,,,1
гусь,2,čuen’n’,чуэннҍ,kld_txt_KarNC_wedding_pt2,a mezgul l’eev čuen’n’e,1
гусь,2,čuun’n’,чӯннҍ,kld_txt_KarNC_wedding_pt2,dak must čuun’n’e rueč l’eev”,1
гусь.nom.sg,1,čueɲɲ,чуэнн,,,2
гэлл?,1,gell,гэлл,,,2
д_олень,2,kɒn’n’t’,коаннҍт,kld_txt_Kert1961_pro_vorona_tulena_i_dikogo_olena,kualmant kɒn’n’t’a,1
д_олень,2,kɒn’tk,коантҍҍк,kld_txt_Kert1961_pro_vorona_tulena_i_dikogo_olena,n’iijjt š’iid’e aǯas’ kɒn’tket,1
д_олень.NOM.SG,1,kɒn’n’t’,коаннҍт,,,1
д_олень.acc.sg,1,kɒn’t’,коанҍт,,,1
д_олень.gen.sg,1,kɒn’t’,коанҍт,,,3
д_олень.nom.sg,1,kɒn’n’t’,коаннҍт,,,8
да,6,da,да,kld_txt_KarNC_wedding_pt2,da munn čilʼmʼenʼ lɨccagul toost.”,3
да,6,da,да,kld_txt_KarNC_wedding_pt2,da jeb’b’e tabxet,3
да,6,da,да,Переведенный корпус,muuɲkaallsa šɒlšuve taate sonn kaal’l’mde n’iijta da čofta n’iijjt l’aajj š’iig ja mooǯe cɒɒge sonn n’iijjta v’iil’l’k’es’ p’eeck štobɨ ejj kelmče,3
да,6,di,ды,Переведенный корпус,roddjes vensedes’ venset’ čadca di sulden’,3
да,6,di,ды,Переведенный корпус,i k’eelteguejm di pugg vessten’,3
да,6,di,ды,Переведенный корпус,sonn kɨppt udd di saarrn,3
да,6,dii,дӣ,Переведенный корпус,paar’r’n pɨje samastr’eles’ sonne rannta dii luušte,1
да,6,d’i(i),ди(и),kld_txt_Lehtiranta_1_r’iim’ɲ_moajnas,juelγeɲen d’i(i) juelγeɲen men(n) vexxteɲɲe vu(e)jjbed’d’e kar’r’e(ẟ),1
да,6,d’ii,дӣ,kld_txt_Lehtiranta_1_r’iim’ɲ_moajnas,čalmeɲen d’ii čalmeɲen kuk’k’ena ujjnbed’d’e,4
да,6,d’ii,дӣ,kld_txt_Lehtiranta_1_r’iim’ɲ_moajnas,p’aal’l’jeɲen d’ii p’aal’l’jeɲen kuk’k’en kullbed’d’e,4
да,6,d’ii,дӣ,kld_txt_Lehtiranta_1_r’iim’ɲ_moajnas,s’eejjbeɲam d’ii s’eejjbeɲam koox’x’t tun(n) vuelgax,4
да,6,d’ii,дӣ,Переведенный корпус,s’iireškudden’ d’ii vuajjl’eht’en’,4
да,6,nɨt't’,ныттҍ,kld_txt_Kert1961_nuemmel_piras,nɨt't’ jen'xem p’iiras pugg påddede gå’ n'uemmel' p’iiras.,1
давно,2,jeerrk,ēррк,kld_txt_Kert1961_jeerrkja_oollmej_bajas,kuul’l’j’aav’r’ rɨntes’t’ jiil’l’en’ jeerrkja oollme,1
давно,2,jeerrka,ēррка,kld_txt_Lehtiranta_2_r’iim’ɲ_i_taale_moajnas,jeerrka kaal’l’es vuje(j)[a] kuul’l’k’eer’r’sen,1
даже,2,daže,дажэ,kld_txt_KarNC_deers,maŋŋades’t’ daže kolxoz kues’s’ kolxos’s’e ɨštem jeenne ɨg’g’e meene,1
даже,2,даже,даже,kld_GGM_SG_map_202308D,koolm sajes’ n’eel’j sajes’ даже vɨd sajes’ per̥t l’eev,1
дак,1,dak,дак,,,1
далее,1,daale,да̄лэ,,,1
далекий,1,tummpl,туммпл,,,1
далеко,1,kuk’k’en,куккен,,,4
далеко.adv,1,tav’v’en,таввен,,,2
даль,1,tummpl',туммпььл,,,1
дальше,1,evtes’,эвтэсь,,,2
дать,9,ad’d’,адтҍ,Переведенный корпус,kolxos ad’d’e mɨjjen’,1
дать,9,ant,ант,kld_txt_Genetz1891,tax anta(m) t'iiŋ’k’e(j)t’,1
дать,9,an’n’t,аннҍт,kld_txt_Kert1961_pro_vorona_tulena_i_dikogo_olena,tedd sɨjj jannas soag an’n’tev,1
дать,9,an’n’t’,аннҍт,kld_txt_KarNC_wedding_pt2,no ladno mɨjj zamorske kupcagul jɒd’d’ep’ m’iinen’ l’eev pugg l’ekarstva mɨjjgul an’n’t’ep’ tɨjjegul,1
дать,9,eennt,э̄ннт,kld_txt_Kert1961_rybolovstvo_20210223,ja eennten' son'n'e jaam’m’de,1
дать,9,en’d’,энҍд,kld_txt_KarNC_deers,kolxoz pel’e ja en’d’e gosudarstve kon’ešno,2
дать,9,en’d’,энҍд,kld_txt_KarNC_deers,rɨbkop’p’e en’d’e paj vot,2
дать,9,en’nʼt’,эннҍт,kld_txt_KarNC_wedding_pt2,telʼ en’nʼt’enʼ sonʼnʼe cʼeer̥’k’ vɒɒllenʼ jugge.,1
дать,9,en’n’t,эннҍт,kld_txt_KarNC_wedding_pt2,en’n’ten’ tam’p’e son’n’e tiiŋ’ket’,3
дать,9,en’n’t,эннҍт,kld_txt_KarNC_wedding_pt2,tel’ son’n’e sarfan tuer’v en’n’ten’,3
дать,9,en’n’t,эннҍт,kld_txt_KarNC_wedding_pt2,tiiŋ’ket’ en’n’ten’,3
дать,9,en’n’t’,эннҍт,kld_txt_KarNC_wedding_pt2,tel’ l’iijjen’ l’iijjen’ puggden’n’eg’g’e en’n’t’en’.”,1
два,8,kueht’,куэххьт,Переведенный корпус,jeen’en’es’ kueht’as’ sɨjj ejj eft vuer vɨggen’ kaal’l’es’ n’iijt keeɲɲle rajja,1
два,8,kuext,куэхт,kld_txt_Kert1961_byl_o_ljajne,l’k’i͔n˙ kuextas jel’l’e,1
два,8,kuht,куххт,kld_txt_Kert1961_nuemmel_piras,a kuhte ak'k' jamma Iiijjen’ aajjk al'l't.,2
два,8,kuht,куххт,kld_txt_Kert1961_nuemmel_piras,a kuht n’iijtpel’ l’iijen’ monaška,2
два,8,kut’,кутҍ,Переведенный корпус,tel’ k’aaǯa a kut’as’ kes’s’ luuštal nuut’ tavas,3
два,8,kut’,кутҍ,Переведенный корпус,tel’e eeltnet nɨm’m’pe red’d’en’ rɨnnte i nuut’ k’eez’et k’iid’eguejm ele že eexxt olme veensen nuur’e vokgoarre nuehta a kut’es’ kut’ kuuxxt oollme kut’ p’iirаs nuut’ čoovvgev,3
два,8,kut’,кутҍ,Переведенный корпус,ɨštem sɒɒneel kut’i kolma oollme,3
два,8,kuuht,кӯххт,Переведенный корпус,tenn rɒjj mɨjj sɒɒgem sɒɒnet zapraavat kuuht xaar’an’,10
два,8,kuuht,кӯххт,Переведенный корпус,meenn sɒɒnes kuuht jeer’g’ jɒd’exen’ p’eerg ja saav’ex’et koogg l’iijem koorrma saallvas sɨz’z’en’,10
два,8,kuuht,кӯххт,Переведенный корпус,aggas't' liijen’ kuuht vaajjveš al'k',10
два,8,kuuht,кӯххт,kld_txt_Kert1961_jeerrkja_oollmej_bajas,sonn šɒbešt kuuht parna,10
два,8,kuuht,кӯххт,kld_txt_Kert1961_pro_vorona_tulena_i_dikogo_olena,al’tla puud’e ujjn kuuht nuer’j al’ka kuedes’t valas k’irsellev ja xur’g’sev,10
два,8,kuuht,кӯххт,kld_txt_Kert1961_pro_vorona_tulena_i_dikogo_olena,a pɒššemb’elt kued kerrnev kuuht kɒn’t’ parna,10
два,8,kuuht,кӯххт,kld_txt_Kert1961_pro_vorona_tulena_i_dikogo_olena,kuedes’t l’eev kuuht ufs,10
два,8,kuuht,кӯххт,kld_txt_Kert1961_rybolovstvo_20210223,tel' kuuht оollmе vuul'l'ken' par̥ket' soagge,10
два,8,kuuht,кӯххт,Переведенный корпус,kooxxt kuuht paar’n’ pɨn’n’jen’ narodes’,10
два,8,kuuht,кӯххт,Переведенный корпус,k’iičes’t’ kuuht čud’čuer’v’ vujjev rɨnnte sɨje,10
два,8,kuuht',кӯххьт,Переведенный корпус,Oalkembel't uks tueg jeg'g'e šuurr keelten’ ja karvul'l'e mune kuuht'e kaalse koolmet' sutket',1
два,8,kuut’,кӯтҍ,kld_txt_Genetz1891,ruuv’t kuajv kuut’as kuun’n’ten’,1
два,8,kuuxxt,кӯххт,Переведенный корпус,tel’e eeltnet nɨm’m’pe red’d’en’ rɨnnte i nuut’ k’eez’et k’iid’eguejm ele že eexxt olme veensen nuur’e vokgoarre nuehta a kut’es’ kut’ kuuxxt oollme kut’ p’iirаs nuut’ čoovvgev,2
два,8,kuuxxt,кӯххт,kld_txt_Kert1961_pro_vorona_tulena_i_dikogo_olena,kued al’n’ kuuxxt kaar’nes’ al’ka kiersellev ja luuvvtjev,2
два.gen.sg,1,kuut',кӯтҍ,,,1
два.nom,1,kuuht’,кӯххьт,,,1
дверь.acc.sg,1,uks,укс,,,3
дверь.gen.sg,2,ufs,уфс,kld_txt_Kert1961_pro_vorona_tulena_i_dikogo_olena,kuedes’t l’eev kuuht ufs,2
дверь.gen.sg,2,ufs,уфс,kld_txt_Kert1961_pro_vorona_tulena_i_dikogo_olena,eft ufs m’iil’l’te voarrat kɒn’n’t’ nɨm’m’p’ n’iijjt,2
дверь.gen.sg,2,uks,укс,kld_txt_KarNC_wedding_pt2,a uks al’n tam’p’e ɒret s’iinet’ jev luušt ceel̥l̥kev:,1
дверь.nom.sg,1,ukks,уккс,,,2
двигать,1,lɨgg,лыгк,,,1
двигаться,5,jod’,йёдҍ,kld_txt_Kert1961_jeerrkja_oollmej_bajas,i tedd šeeŋŋ jod’e koollm p’eejv nɨd’d’ što ejj kuessteɲč ɲim’ii,1
двигаться,5,jɒd,йɒд,kld_SAM_SG_map_20230815,jɒdax jɒdax,7
двигаться,5,jɒd,йɒд,kld_SAM_SG_map_20230815,jɒdax jɒdax,7
двигаться,5,jɒd,йɒд,kld_SAM_SG_map_20230815,sadamadda činčb’e(e)l’ta tel’ jɒdax čuekas m’iil’l’te,7
двигаться,5,jɒd,йɒд,kld_SAM_SG_map_20230815,jog m’iil’l’te ja jɒdjax,7
двигаться,5,jɒd,йɒд,kld_SAM_SG_map_20230815,jaav’r’es’ jes’ jɒdjax sɨjjta,7
двигаться,5,jɒd,йɒд,kld_SAM_SG_map_20230815,jɒdax jɒdax,7
двигаться,5,jɒd,йɒд,kld_SAM_SG_map_20230815,jɒdax jɒdax,7
двигаться,5,jɒdd,йɒдт,kld_SAM_SG_map_20230815,если jɒddjax čincb’e(e)l’,3
двигаться,5,jɒdd,йɒдт,kld_SAM_SG_map_20230815,vanc jɒddaj,3
двигаться,5,jɒdd,йɒдт,kld_SAM_SG_map_20230815,vans jɒddaj jog m’iil’l’te javvra,3
двигаться,5,jɒd’d’,йɒдтҍ,kld_SAM_SG_map_20230815,valas bɨdd jɒd’d’e,2
двигаться,5,jɒd’d’,йɒдтҍ,kld_SAM_SG_map_20230815,i v’aal jɒd’d’e,2
двигаться,5,lɨgg,лыгк,kld_txt_Genetz1891,k’eedka lɨggxellškuadd,5
двигаться,5,lɨgg,лыгк,kld_txt_Lehtiranta_1_r’iim’ɲ_moajnas,lɨggsas’t lɨggand ejj,5
двигаться,5,lɨgg,лыгк,kld_txt_Lehtiranta_1_r’iim’ɲ_moajnas,lɨggsas’t lɨggand ejj,5
двигаться,5,lɨgg,лыгк,kld_txt_Lehtiranta_1_r’iim’ɲ_moajnas,taall lɨggest i saarrn,5
двигаться,5,lɨgg,лыгк,kld_txt_Lehtiranta_1_r’iim’ɲ_moajnas,čte emm vuejt lɨggse(ẟ),5
двигаться.npst.3sg,1,jɒdd,йɒдт,,,1
девочка,1,n’iijd,нӣйд,,,1
девушка,3,n’iijjd,нӣййд,Переведенный корпус,vaar’ l’ee∅ tuvvnadma taal’l’v n’iijjden’,1
девушка,3,n’iijjt,нӣййт,kld_txt_KarNC_wedding,vɨg’g’en žen’ex’ žen’ex’ pɨht’en’ n’iijjta,6
девушка,3,n’iijjt,нӣййт,kld_txt_Kert1961_jeerrkja_oollmej_bajas,oollme meennen’ tenn n’iijjta aanne štobe sonn lɨgga(h)č nɨd’d’ kooxxt bɨ ruuce jev p’eezče s’iine gɒrre,6
девушка,3,n’iijjt,нӣййт,Переведенный корпус,k’iil’te n’iijjt Mar'r'j’ Uvvan n’iijjt jiil'l'e uc'c' sɨjtes't' ooxxte,6
девушка,3,n’iijjt,нӣййт,Переведенный корпус,mudda vuer puud’e muuɲekaallsa ja pɨt’e n’iijjta laaj̥et i šuurr ɨš’s’t’e t’iivvt kɒl’eguejm,6
девушка,3,n’iijjt,нӣййт,Переведенный корпус,cɒɒr al’l’k’ sraaze kooxxt ujnes’ n’iijt šɒbšuve son’n’e i c’iil̥’k’e n’iijjta,6
девушка,3,n’iijjt,нӣййт,Переведенный корпус,n’iijjta paar’r’n’ ponrav’dede i cɒɒr al’l’k’ i kaallsa n’iijjt nɒɒj̥j̥tledden’ i jeel’ešuud’d’en’ š’iiggten’n’e i tenna rajja jeellev i m’iinet’ kuessa kɒhčev,6
девушка,3,n’iijt,нӣйт,kld_txt_KarNC_wedding,k’eeǯen’ n’iijtes’t’ ja žen’x’es’t’,12
девушка,3,n’iijt,нӣйт,Переведенный корпус,n’iijta bajas i muuɲ bajas,12
девушка,3,n’iijt,нӣйт,Переведенный корпус,j’iil’e eexxt kaal’l’es’ n’iijtenes’,12
девушка,3,n’iijt,нӣйт,Переведенный корпус,jeen’n’ n’iijtes’ el’l’ej,12
девушка,3,n’iijt,нӣйт,Переведенный корпус,a l’aajj n’iijta v’aal uc’c’ i ejj šɨl̥kxa n’imeenn lɨhke,12
девушка,3,n’iijt,нӣйт,Переведенный корпус,kaal’l’es’ šɒɒleš n’iijtes’ što sonn šaannt jeenxem,12
девушка,3,n’iijt,нӣйт,Переведенный корпус,a pɨht’e peer̥r̥te jeer’es nɨzan sonn peele uššte vuajj pɒbbxe nɨzan kuu ejj vuaɲč vuajxe rɒdne jeen’ soon n’iijtaja,12
девушка,3,n’iijt,нӣйт,Переведенный корпус,no n’iijtaja bɨdde l’aajj jeena sonn l’aajj v’aal uc’c’ bɨdde l’aajj soon m’iil’l’te ujjne,12
девушка,3,n’iijt,нӣйт,Переведенный корпус,tenn nɨznes’ l’aajj iiǯes’ n’iijta,12
девушка,3,n’iijt,нӣйт,Переведенный корпус,jur’te kaal’l’es’ vaal’l’te nɨzan kuu šendahč go rɒdne jeen’n’ n’iijtaja a vɨjte muddanaalla,12
девушка,3,n’iijt,нӣйт,Переведенный корпус,tedd l’aajj muuɲkaallsa muuɲkaallsa t’iirvxede n’iijten’ sonn vuessta,12
девушка,3,n’iijt,нӣйт,Переведенный корпус,k’aas’s’et’ sama mooǯes’ ja š’iig puuʒet’ ja vɨge mun n’iijta vaarra ja kuud’e tenn še sajja kooz kuud’d’ex’ iižant n’iijt,12
девушка.acc.sg,1,n’iijt,нӣйт,,,3
девушка.nom.sg,1,n’iijjt,нӣййт,,,8
девять,1,avc,авц,,,1
дед,2,aajj,а̄йй,kld_txt_Genetz1891,aajjas’ jaala ooʒ,3
дед,2,aajj,а̄йй,kld_txt_Kert1961_pro_vorona_tulena_i_dikogo_olena,ujnsen aajjes’ pueddem karsen kued’ luz ja xoŋkerguud’d’en’,3
дед,2,aajj,а̄йй,kld_txt_Kert1961_pro_vorona_tulena_i_dikogo_olena,xoŋker xoŋker aajja puadd,3
дед,2,ajj,айй,kld_txt_Kert1961_pro_vorona_tulena_i_dikogo_olena,kroŋk kroŋk kroŋk ajja puadd,4
дед,2,ajj,айй,kld_txt_Kert1961_pro_vorona_tulena_i_dikogo_olena,kroŋk kroŋk kroŋk ajja puadd,4
дед,2,ajj,айй,kld_txt_Kert1961_pro_vorona_tulena_i_dikogo_olena,kroŋk kroŋk kroŋk ajja puadd,4
дед,2,ajj,айй,kld_txt_Kert1961_pro_vorona_tulena_i_dikogo_olena,hur’gg hur’gg hur’gg ajja puadd hur’gg hur’gg hur’gg ajja puadd,4
дед.NOM.SG,1,aajj,а̄йй,,,1
действительно,4,oašte,оаштэ,kld_txt_Genetz1891,no sonn oašte paal̥’l̥’k’tuvv,1
действительно,4,oaššte,оашштэ,kld_txt_Genetz1891,nu sonn oaššte čec’k’e,1
действительно,4,ɒšte,оаштэ,kld_txt_KarNC_wedding,tel’ puud’d’en ɒšte ja meenn menennemdenneg’e,2
действительно,4,ɒšte,оаштэ,kld_txt_KarNC_wedding_pt2,tel’ ɒšte luuj̥j̥kmušš meene,2
действительно,4,ɒɒšštede,оа̄шштэдэ,Переведенный корпус,tala ɒɒšštede ɨd'd'en sɒɒn,1
декабрь,1,dekaаbr,дэкабр,,,1
делать,7,lɨgg,лыгк,Переведенный корпус,koollset’ lɨgget’ t’een’n’et’ olma raadd kuuss muure mugga muur kas’s’ l’ii vaanas vuek’s’,13
делать,7,lɨgg,лыгк,Переведенный корпус,lɨgget’ koollset ood’a ja kuk’a m’etrav t’een’n’et’ n’eel’l’j vɨdd,13
делать,7,lɨgg,лыгк,Переведенный корпус,keskes’t’ koollset’ kuud’et’ mugga al’a saja a vuul’em’b’eel’l’ lɨgget raajk,13
делать,7,lɨgg,лыгк,Переведенный корпус,p’e’r’enoskat’ lɨgget nɒɒk’en’,13
делать,7,lɨgg,лыгк,Переведенный корпус,suum’p’et’ lɨgget t’een’n’et’ k’eev’l’ k’eev’l’ lɨgget kuuss vuek’s’es’t’,13
делать,7,lɨgg,лыгк,Переведенный корпус,suum’p’et’ lɨgget t’een’n’et’ k’eev’l’ k’eev’l’ lɨgget kuuss vuek’s’es’t’,13
делать,7,lɨgg,лыгк,Переведенный корпус,suem’p’ vuulet’ lɨgget’ mooǯta,13
делать,7,lɨgg,лыгк,Переведенный корпус,k’eev’l’ lɨgget nɨt’t’ štobe soonn čoxta veeʒe ejj vuajče,13
делать,7,lɨgg,лыгк,kld_txt_Kert1961_jeerrkja_oollmej_bajas,oollme meennen’ tenn n’iijjta aanne štobe sonn lɨgga(h)č nɨd’d’ kooxxt bɨ ruuce jev p’eezče s’iine gɒrre,13
делать,7,lɨgg,лыгк,kld_txt_Kert1961_jeerrkja_oollmej_bajas,jesl’e kɒmpaɲe paar’r’n vaallt mun kuujje tanna munn lɨgga nɨd’d’ što ruuc m’iinet’ jev kɒn’t,13
делать,7,lɨgg,лыгк,kld_txt_Lehtiranta_1_r’iim’ɲ_moajnas,taall saarrn čte mun(n) (j)iiǯ’ǯ’ pugg lɨggam,13
делать,7,lɨgg,лыгк,kld_txt_Lehtiranta_1_r’iim’ɲ_moajnas,taall pugg lɨgge i saarrn,13
делать,7,lɨgg,лыгк,Переведенный корпус,kaallsa nɨd'd' i lɨgge,13
делать,7,lɨhk,лыххк,Переведенный корпус,a mudda a lɨhkev kuk’a el’e an’exa k’iihčev kooxxt iiž’es’ rooŋ’ŋ’k’ i meenn kugga bɨdd,6
делать,7,lɨhk,лыххк,Переведенный корпус,k’eev’l’ vuejet lɨhke i p’ees’s’ muures’t’,6
делать,7,lɨhk,лыххк,Переведенный корпус,kues’s’ koollas ja saav’ex’ l’eev lɨhkma olma kuu šɒbašt m’aahca soonn čuejjk s’iineguejm b’eda udlen’n’e,6
делать,7,lɨhk,лыххк,kld_txt_Kert1961_pro_vorona_tulena_i_dikogo_olena,ukks m’iilkes’t lɨhkenč,6
делать,7,lɨhk,лыххк,Переведенный корпус,a l’aajj n’iijta v’aal uc’c’ i ejj šɨl̥kxa n’imeenn lɨhke,6
делать,7,lɨhk,лыххк,Переведенный корпус,bedd narod’d’e sɒg lɨhke,6
делать,7,lɨhke,лыххкэ,Переведенный корпус,lɨhkeškud'd'en' kued' kaaxxc olmedde,1
делать,7,lɨhk’,лыххьк,Переведенный корпус,ad'd' lɨhk’e mɨn'n'e odd kued' ja kaaht’e,1
делать,7,lɨk,лык,Переведенный корпус,rɒdne n’iijtes’ meenn ejj lɨk soon paje pueraht a n’iijjtb’eel’l’ xošš i pugg per̥t m’iil’l’te lɨke jeen’n’b’eel’l’ soonen’ paje ɒr̥r̥tedd ja cele p’iijve m’iil’l’te ševraht,2
делать,7,lɨk,лык,Переведенный корпус,meenn lɨkax,2
делать,7,lɨk’k’,лыккь,kld_txt_Lehtiranta_2_r’iim’ɲ_i_taale_moajnas,lɨk’k’en koal’l’te(j)t,1
делать,7,лi̮kk,ыкк,kld_txt_Kert1961_byl_o_ljajne,mudḓa saijes’t лi̮kkɛ pi̮rr kuɛd˙ krepas’t˙ murɛn˙,1
делать.NPST.CNG,1,lɨk,лык,,,1
делать.npst.3sg,1,lɨhk,лыххк,,,1
делить,1,juugg,ю̄гк,,,1
день,3,p’eejjv,пēййв,Переведенный корпус,al’l’m’ bɨvaet n’eeskol’ka p’eejjve,1
день,3,p’eejv,пēйв,Переведенный корпус,p’eejva l’eev što al’mes’ kopč(e)neddev peevl p’eejjv kues’s’ ejj vuaj meenne ab’b’r’ ab’b’r’ ejj vuaj i veeʒ a vuajj prosta meenne i veeʒ,2
день,3,p’eejv,пēйв,Переведенный корпус,muddavuer kuu žor p’eejve l’eev ab’r’ meennev i b’eda redka k’ees’s’a muddavuer tol’ka men(a)s veeʒ,2
день,3,p’iijv,пӣйв,Переведенный корпус,rɒdne n’iijtes’ meenn ejj lɨk soon paje pueraht a n’iijjtb’eel’l’ xošš i pugg per̥t m’iil’l’te lɨke jeen’n’b’eel’l’ soonen’ paje ɒr̥r̥tedd ja cele p’iijve m’iil’l’te ševraht,1
день.GEN.SG,1,p’eejve,пēйвэ,,,1
день.acc.sg,1,p’eejv,пēйв,,,1
день.dat.sg,1,p’eejjv,пēййв,,,1
день.gen.sg,3,p’eejv,пēйв,kld_txt_Kert1961_jeerrkja_oollmej_bajas,kues’s’ meene koollm p’eejv i šeeŋŋ vɒɒze i pugg oollme ujnsen’ što kaasska jaav’r ɒrr k’eed’k suel,1
день.gen.sg,3,p’eejv',пēйвь,kld_txt_Kert1961_nuemmel_piras,kal'l'es' jall pere n'uezel't pejjel' p’eejv' ja pejjel’ p’eejv' š’iigten’n’e.,2
день.gen.sg,3,p’eejv',пēйвь,kld_txt_Kert1961_nuemmel_piras,kal'l'es' jall pere n'uezel't pejjel' p’eejv' ja pejjel’ p’eejv' š’iigten’n’e.,2
день.gen.sg,3,p’eejv’,пēйвь,kld_txt_Kert1961_pro_vorona_tulena_i_dikogo_olena,tes’t kalsenč vuud’e nɨm’m’p ɨj ja kualmant p’eejv’ vaan’n’cel’ nuurmuss n’iijjtas kuessa,1
день.gen?.sg,1,p’eejv,пēйв,,,1
день.nom.pl,2,p’eejjv,пēййв,Переведенный корпус,p’eejva l’eev što al’mes’ kopč(e)neddev peevl p’eejjv kues’s’ ejj vuaj meenne ab’b’r’ ab’b’r’ ejj vuaj i veeʒ a vuajj prosta meenne i veeʒ,1
день.nom.pl,2,p’eejv,пēйв,Переведенный корпус,k’ees’s’a tɒɒijv l’eev b’eda žor p’eejv,1
день.nom.sg,1,p’eejjv’,пēййвь,,,1
деньги,9,t'iiŋ’k,тӣӈьк,kld_txt_Genetz1891,čaaʒ'jeelle kab'b'er' sɨz l'iiške(j) t'iiŋ’ke(j)t kab'b'er' sɨzn raajjk pugg koollken' kobba,1
деньги,9,t'iiŋ’k',тӣӈьк,kld_txt_Genetz1891,saaml'a c'aal̥l̥ka pɨhtek t'iiŋ’k'i(j)t',1
деньги,9,t'iiŋ’k’,тӣӈьк,kld_txt_Genetz1891,tax anta(m) t'iiŋ’k’e(j)t’,1
деньги,9,tiiŋ’k,тӣӈьк,kld_txt_KarNC_wedding_pt2,en’n’ten’ tam’p’e son’n’e tiiŋ’ket’,2
деньги,9,tiiŋ’k,тӣӈьк,kld_txt_KarNC_wedding_pt2,tiiŋ’ket’ en’n’ten’,2
деньги,9,tinʼkʼ,тынк,kld_txt_KarNC_wedding_pt2,telʼ vɒsʼsʼenʼ nɨšše tinʼkʼeguejm.,1
деньги,9,t’iin'k,тӣнҍк,Переведенный корпус,vuul'kep lаnnа t’iin'ket’ soagne,1
деньги,9,t’iiŋʼk’,тӣӈьк,kld_txt_KarNC_wedding_pt2,… mɒššenʼ t’iiŋʼk’eguejm tam’p’e lʼeev pʼeelʼčudʼdʼ kopʼejkedde ili mar̥ʼr̥ʼkʼ.,1
деньги,9,t’iiŋ’k,тӣӈьк,kld_txt_Genetz1891,tat’t’e v'aala vul'ke t’iiŋ’k’e gorra saaml'anč ɒrr t’iiŋ’ke(j)t’ vuerrt,2
деньги,9,t’iiŋ’k,тӣӈьк,kld_txt_Genetz1891,čaaʒ'jelle puude(j) t’iiŋ’ke(j)t i pɨt’e saaml’eɲče kab’b’er' sɨz lɨške(j) kab’b’er' lak’ šante,2
деньги,9,t’iiŋ’k’,тӣӈьк,kld_txt_Genetz1891,t’iiŋ’k’e(j)t’ pɨdd(a),4
деньги,9,t’iiŋ’k’,тӣӈьк,kld_txt_Genetz1891,tat’t’e v'aala vul'ke t’iiŋ’k’e gorra saaml'anč ɒrr t’iiŋ’ke(j)t’ vuerrt,4
деньги,9,t’iiŋ’k’,тӣӈьк,kld_txt_Genetz1891,no l'aaɲč at't' kul mɨn’n’e t’iiŋ’k’e(j)t’ ejj bɨdd jenamp,4
деньги,9,t’iiŋ’k’,тӣӈьк,kld_txt_Genetz1891,dɨ soage t’iiŋ’k’et’,4
деньги.NOM.PL,1,t’eeɲ’k,тēнҍк,,,1
деньги.nom.pl,1,t’eeŋ'k,тēӈьк,,,1
дерево,5,mur,мур,kld_txt_Kert1961_byl_o_ljajne,mudḓa saijes’t лi̮kkɛ pi̮rr kuɛd˙ krepas’t˙ murɛn˙,1
дерево,5,muur,мӯр,Переведенный корпус,koollset’ lɨgget’ t’een’n’et’ olma raadd kuuss muure mugga muur kas’s’ l’ii vaanas vuek’s’,13
дерево,5,muur,мӯр,Переведенный корпус,k’eev’l’ vuejet lɨhke i p’ees’s’ muures’t’,13
дерево,5,muur,мӯр,Переведенный корпус,k’iičem man’t’e l’eev uʒ’xa muure,13
дерево,5,muur,мӯр,Переведенный корпус,no p’ervɨ vs’evo p’ees’s’ muure p’ees’s’ muure tag b’eda uʒ’xa,13
дерево,5,muur,мӯр,Переведенный корпус,no p’ervɨ vs’evo p’ees’s’ muure p’ees’s’ muure tag b’eda uʒ’xa,13
дерево,5,muur,мӯр,kld_txt_Genetz1891,voal'te(j) soane(j)t’ vuulke(j) muure(j)t’ soagge,13
дерево,5,muur,мӯр,kld_txt_Genetz1891,sonn ejj alka pag'g'e(δ) voal'te(j) taale k'aassad'd'e muursoane vuella kuaddas’ vaancel’,13
дерево,5,muur,мӯр,kld_txt_Genetz1891,taall muursoane(j)t’ i k’aass,13
дерево,5,muur,мӯр,kld_txt_Kert1961_rybolovstvo_20210223,tanna eexxt olme tuerrpem muuren' el'ke tuerrpe,13
дерево,5,muur,мӯр,kld_txt_Lehtiranta_1_r’iim’ɲ_moajnas,muurest l’ii mooǯ’ǯ’es’ lɒn(‘)deɲǯ,13
дерево,5,muur,мӯр,kld_txt_Lehtiranta_1_r’iim’ɲ_moajnas,taall kuun’d(‘)e muure(j)d i pooɲe p’aasstaγed,13
дерево,5,muur,мӯр,kld_txt_Lehtiranta_1_r’iim’ɲ_moajnas,r’iimmɲ por’de eele muure(j)d i saarrn,13
дерево,5,muur,мӯр,kld_txt_Lehtiranta_1_r’iim’ɲ_moajnas,pɨrr pɨrr muure,13
дерево,5,muurr,мӯрр,kld_txt_Kert1961_pro_vorona_tulena_i_dikogo_olena,n’iicckas l’iijen’ tueres’ muurren’,4
дерево,5,muurr,мӯрр,kld_txt_Kert1961_pro_vorona_tulena_i_dikogo_olena,kued’ muurren’ l’iijen’ jeer̥’r̥’tb’el’l’taaf’t,4
дерево,5,muurr,мӯрр,kld_txt_Lehtiranta_1_r’iim’ɲ_moajnas,bɨdd kuun’n’de(ẟ) jeenna muurre ja p’aasstaγe(j)d bed pooɲ(e)[f],4
дерево,5,muurr,мӯрр,kld_txt_Lehtiranta_2_r’iim’ɲ_i_taale_moajnas,kaallseɲǯ revvej vesst muurre(ẟ),4
дерево,5,muur’,мӯрь,Переведенный корпус,a kaal’l’es’ n’iijjt cele p’eejve m’iil’l’te lɨke sonn i č’aaz’ gɒrre vɒrrad sonn i p’eerk kɨppt i laammpset’ por̥tad i muur’et’ kuennt d’i šeel’d’et’ pass,1
дерево,5,muur’r’,мӯррь,kld_txt_Lehtiranta_2_r’iim’ɲ_i_taale_moajnas,i čuš’š’ pes’te(j) muur’r’e,1
дерево.acc.sg,1,muur,мӯр,,,3
дерево.nom.pl,1,muur,мӯр,,,1
держать.npst.3sg,1,tuul’l’ej,тӯллей,,,1
держаться,4,paz’,пазь,kld_txt_Kert1961_pro_vorona_tulena_i_dikogo_olena,iiǯ’ l’aajj kɒn’n’t’ i paz’eht kɒn’t’ tuul’jes’,1
держаться,4,paš,паш,kld_txt_Genetz1891,ten tuegga paštxe(δ) pɨht,1
держаться,4,pašš,пашш,kld_SAM_SG_map_20230815,paššnen’,1
держаться,4,paš’š’,пашшь,kld_txt_Genetz1891,peelv tuegga paš’š’en’,1
десять,2,loag’g’,лоагкь,Переведенный корпус,vuul’l’k’en’ ooʒe olmn’ed’d’e loag’g’ mat’t’,1
десять,2,lɒg’,лоагь,kld_txt_KarNC_deers,jesl’i k’ees’ l’ii lɒg’mat’ l’ibo vɨddem’p’lɒg’g’,1
дети.gen.pl,1,parnaj,парнай,,,1
дикий_олень.gen.sg,1,kɒn't,коанҍт,,,2
дикий_олень.nom.sg,1,kɒn’n’t,коаннҍт,,,5
длинный,5,kugg,кугк,Переведенный корпус,a mudda a lɨhkev kuk’a el’e an’exa k’iihčev kooxxt iiž’es’ rooŋ’ŋ’k’ i meenn kugga bɨdd,1
длинный,5,kug’g’,кугкь,Переведенный корпус,nuuht’ l’ii kug’g’es’ vuud’en m’etrav koollm ɲeel’l’j čuud’e,1
длинный,5,kuhk’e,куххьке,kld_txt_Kert1961_jeerrkja_oollmej_bajas,kuhk’evudde suel gul’ii n’eel’l’jlɒg’g’ oollme,1
длинный,5,kuk’,кукь,Переведенный корпус,lɨgget’ koollset ood’a ja kuk’a m’etrav t’een’n’et’ n’eel’l’j vɨdd,1
длинный,5,kuk’a,кукя,Переведенный корпус,a mudda a lɨhkev kuk’a el’e an’exa k’iihčev kooxxt iiž’es’ rooŋ’ŋ’k’ i meenn kugga bɨdd,1
для,2,guejka,гуэйка,Переведенный корпус,a nɨm’p’ puadd i vuejj i šurnant paar’n’ eel štɒ munn puada toon konta men guejka most tovruž kon’tex,1
для,2,vuejke,вуэйкэ,Переведенный корпус,i kuu ɒnadd koollse vuejke,1
дно,3,nol’ges***,нольгес***,Переведенный корпус,k’eez’et nuut’ mugga sajen kas’s’* jolla kieb’g’** l’ii nol’ges*** pɒn’n’,1
дно,3,vuedd,вуэдт,Переведенный корпус,koollset’ vued mɒɒše(t) mazeguejm a evtla oollme koollse vuedde pɨjjev koommset’ el’e_že nuer’j naak’ a pɨjet nɨt’t’ že seerva koommset,1
дно,3,vuud’,вӯдҍ,Переведенный корпус,nuuht’ l’ii kug’g’es’ vuud’en m’etrav koollm ɲeel’l’j čuud’e,1
дно.acc.sg,1,vued,вуэд,,,1
до,1,rajja,раййа,,,3
до.post,1,rajja,раййа,,,1
добавка,1,lašš,лашш,,,1
добрый,2,per',пэрь,kld_txt_Kert1961_rybolovstvo_20210223,ooʒen' per'a p'ees's'muuret',1
добрый,2,per’,пэрь,kld_txt_Kert1961_pro_vorona_tulena_i_dikogo_olena,čin puk mi l’ii per’a,1
догадаться,1,ar’v,арьв,,,1
дождь,2,aab’b’r’,а̄бпььр,Переведенный корпус,saarrnev što l’aaɲč ɲues’s’ jeerrk / aab’b’r’ jeerrk / abrešuadd,1
дождь,2,abre,абрэ,Переведенный корпус,saarrnev što l’aaɲč ɲues’s’ jeerrk / aab’b’r’ jeerrk / abrešuadd,1
дождь.nom.pl,1,ab’r’,абьр,,,2
дождь.nom.sg,4,abb’r,абпььр,Переведенный корпус,ab’b’r l’ii gal nuurr abb’r tedd kues’es b’eda čaaʒ’ veeʒ mann kɨdda,1
дождь.nom.sg,4,ab’b’r,абпььр,Переведенный корпус,ab’b’r l’ii gal nuurr abb’r tedd kues’es b’eda čaaʒ’ veeʒ mann kɨdda,1
дождь.nom.sg,4,ab’b’r’,абпььр,Переведенный корпус,p’eejva l’eev što al’mes’ kopč(e)neddev peevl p’eejjv kues’s’ ejj vuaj meenne ab’b’r’ ab’b’r’ ejj vuaj i veeʒ a vuajj prosta meenne i veeʒ,2
дождь.nom.sg,4,ab’b’r’,абпььр,Переведенный корпус,p’eejva l’eev što al’mes’ kopč(e)neddev peevl p’eejjv kues’s’ ejj vuaj meenne ab’b’r’ ab’b’r’ ejj vuaj i veeʒ a vuajj prosta meenne i veeʒ,2
дождь.nom.sg,4,ab’r’,абьр,Переведенный корпус,mennev tɒɒjv šurr ab’r’ a s’eent’aabres akt’aabr maanas a’lg uže pɨjje veeze,1
дойти,1,koost,ко̄ст,,,1
долбить,1,jus't',йюсьт,,,1
долгий.PRED,1,kuehk’,куэххьк,,,1
долго,1,kug’g’,кугкь,,,3
должен,1,dolžan,должан,,,1
доля,1,vuass,вуасс,,,2
дом,4,peer̥r̥t,пэ̄ҏҏт,Переведенный корпус,a pɨht’e peer̥r̥te jeer’es nɨzan sonn peele uššte vuajj pɒbbxe nɨzan kuu ejj vuaɲč vuajxe rɒdne jeen’ soon n’iijtaja,1
дом,4,peer̥’r̥’t,пэ̄ҏҏьт,kld_txt_KarNC_wedding_pt2,tel’ žen’ix’ mɒst ujted peer̥’r̥’te,1
дом,4,peer̥’r̥’t’,пэ̄ҏҏьт,Переведенный корпус,parna pugg ujjden peer̥’r̥’t’e tuvvnedden mudda ɒɒsseguejm,1
дом,4,per̥t,пэҏт,Переведенный корпус,jeen’n’p’eel’l’ sernna soon ejj šɒbša i paje jur’te kooxxt bɨ vɨjxe n’iijjtp’eel’ per̥tes’ pɒɒge,2
дом,4,per̥t,пэҏт,Переведенный корпус,ɲues’s’ nɨzan per̥tes’ b’eda p’iirrse,2
дом.GEN.SG,1,per̥t,пэҏт,,,1
дом.nom.pl,1,per̥t,пэҏт,,,4
дом.nom.sg,1,peer̥r̥t,пэ̄ҏҏт,,,1
домино.nom.pl,1,dam'ena,дамена,,,1
дорога,2,voarr,воарр,kld_txt_Kert1961_pro_vorona_tulena_i_dikogo_olena,eft ufs m’iil’l’te voarrat kɒn’n’t’ nɨm’m’p’ n’iijjt,1
дорога,2,čuukk,чӯкк,kld_txt_Lehtiranta_2_r’iim’ɲ_i_taale_moajnas,vaan’n’cel moast čuukke m’iil’l’te,1
дорога.gen.sg,1,čuekas,чуэкас,,,4
дорога.nom.sg,1,čuekas,чуэкас,,,6
доска.gen.sg,2,luuv’t,лӯвьт,Переведенный корпус,tel’ čuud’d’čuer’r’v jore luuv’t al’n er’(t) sajje,1
доска.gen.sg,2,luuv’t’,лӯвьт,Переведенный корпус,i tedd jore luuv’t’ al’n ersajje,1
достать,2,soagg,соагк,kld_txt_Kert1961_rybolovstvo_20210223,tel' kuuht оollmе vuul'l'ken' par̥ket' soagge,1
достать,2,sɒɒg,соа̄г,Переведенный корпус,tenn rɒjj mɨjj sɒɒgem sɒɒnet zapraavat kuuht xaar’an’,1
дочь,3,n’iijd,нӣйд,kld_txt_Kert1961_pro_vorona_tulena_i_dikogo_olena,ja vel’k’e puarsamus n’iijda kuessa,1
дочь,3,n’iijjt,нӣййт,Переведенный корпус,k’iil’te n’iijjt Mar'r'j’ Uvvan n’iijjt jiil'l'e uc'c' sɨjtes't' ooxxte,10
дочь,3,n’iijjt,нӣййт,Переведенный корпус,oollme toahten’ pugg poaččke a Mar'r’j Uvvan n’iijjt saarrn,10
дочь,3,n’iijjt,нӣййт,Переведенный корпус,sarneškud'e Mar’r'j Uvvan n’iijjt kaallseguejm c'aal̥l̥k kooz čuur'v’et' pɨjje tenn sajja koappče čuer'v' gar',10
дочь,3,n’iijjt,нӣййт,kld_txt_Kert1961_pro_vorona_tulena_i_dikogo_olena,ɒres’t ɒres’t ja vaan’n’cel’ kesktamus n’iijjta,10
дочь,3,n’iijjt,нӣййт,kld_txt_Kert1961_pro_vorona_tulena_i_dikogo_olena,tes’t kalsenč vuud’e nɨm’m’p ɨj ja kualmant p’eejv’ vaan’n’cel’ nuurmuss n’iijjtas kuessa,10
дочь,3,n’iijjt,нӣййт,Переведенный корпус,jeen’n’b’eel’l’ sraaze ejj šɒbšeškuadda n’iijjtb’eel’es’,10
дочь,3,n’iijjt,нӣййт,Переведенный корпус,rɒdne n’iijtes’ meenn ejj lɨk soon paje pueraht a n’iijjtb’eel’l’ xošš i pugg per̥t m’iil’l’te lɨke jeen’n’b’eel’l’ soonen’ paje ɒr̥r̥tedd ja cele p’iijve m’iil’l’te ševraht,10
дочь,3,n’iijjt,нӣййт,Переведенный корпус,a n’iijjtb’eel’l’ l’aajj i kaasven’ mooǯe i lɨhk’eš d’i m’iillves’,10
дочь,3,n’iijjt,нӣййт,Переведенный корпус,jeen’n’p’eel’l’ sernna soon ejj šɒbša i paje jur’te kooxxt bɨ vɨjxe n’iijjtp’eel’ per̥tes’ pɒɒge,10
дочь,3,n’iijjt,нӣййт,Переведенный корпус,muuɲkaallsa šɒlšuve taate sonn kaal’l’mde n’iijta da čofta n’iijjt l’aajj š’iig ja mooǯe cɒɒge sonn n’iijjta v’iil’l’k’es’ p’eeck štobɨ ejj kelmče,10
дочь,3,n’iijt,нӣйт,kld_txt_Kert1961_nuemmel_piras,a kuht n’iijtpel’ l’iijen’ monaška,5
дочь,3,n’iijt,нӣйт,kld_txt_Kert1961_nuemmel_piras,a kuhte n’iijtpeles' Iiijjen’ monaška,5
дочь,3,n’iijt,нӣйт,kld_txt_Kert1961_pro_vorona_tulena_i_dikogo_olena,ja kɒmmel’ n’iijtes’ š’iidenč sajja,5
дочь,3,n’iijt,нӣйт,Переведенный корпус,i nɨd’d’ sɨjj jiil’l’en’ jeen’n’b’eel’l’ n’iijten’es’ eft vued’d’en’ ja poorren’ ja ɒrren’ paje k’iide rɨs's't'e ja pɒɒknedden’,5
дочь,3,n’iijt,нӣйт,Переведенный корпус,muuɲkaallsa šɒlšuve taate sonn kaal’l’mde n’iijta da čofta n’iijjt l’aajj š’iig ja mooǯe cɒɒge sonn n’iijjta v’iil’l’k’es’ p’eeck štobɨ ejj kelmče,5
дочь.ACC.SG,2,n’iijd,нӣйд,kld_txt_Kert1961_pro_vorona_tulena_i_dikogo_olena,vɒl’te kaallsas’t puarsamuss n’iijd,3
дочь.ACC.SG,2,n’iijd,нӣйд,kld_txt_Kert1961_pro_vorona_tulena_i_dikogo_olena,vɒl’te keessktamuss n’iijd kuujje,3
дочь.ACC.SG,2,n’iijd,нӣйд,kld_txt_Kert1961_pro_vorona_tulena_i_dikogo_olena,vɒl’te nuurmuss n’iijd,3
дочь.ACC.SG,2,n’iijt,нӣйт,Переведенный корпус,jeen’en’es’ kueht’as’ sɨjj ejj eft vuer vɨggen’ kaal’l’es’ n’iijt keeɲɲle rajja,5
дочь.ACC.SG,2,n’iijt,нӣйт,Переведенный корпус,ɨšteht’ iiǯant n’iijt sɒɒne eel ja vɨje vaarra i kuud’e soon tɒge an’ muuɲɲg’en’ kallm čal’m mune jeve kičehče soon eel p’eel’j jeve kullehče soone jiin,5
дочь.ACC.SG,2,n’iijt,нӣйт,Переведенный корпус,kal’l’es’ gɒr’jede šɒɒlaš n’iijtes’,5
дочь.ACC.SG,2,n’iijt,нӣйт,Переведенный корпус,luuj̥j̥knelle ɨšteht’ n’iijtes’ sɒne eel ja vɨjjel’ lɒttkna puuʒje al’n vaarra,5
дочь.ACC.SG,2,n’iijt,нӣйт,Переведенный корпус,pɨd’d’e sonn n’iijtes’ vaarra ɨšteht’ soon p’eez’ vuella a iiǯ vɨxxta vɨjjel’ mɒɒst štobɨ ejj ujjine n’iijtes’ sɒr’m’,5
дочь.GEN.SG,2,n’iijt,нӣйт,Переведенный корпус,pɨd’d’e sonn n’iijtes’ vaarra ɨšteht’ soon p’eez’ vuella a iiǯ vɨxxta vɨjjel’ mɒɒst štobɨ ejj ujjine n’iijtes’ sɒr’m’,1
дочь.GEN.SG,2,n’ijd,нийд,kld_txt_Kert1961_pro_vorona_tulena_i_dikogo_olena,tel’ koollm n’ijd pugg vɨjjten’ kuujje,1
дочь.NOM.3SG,1,n’iijt,нӣйт,,,1
дочь.NOM.SG,1,n’iijjt,нӣййт,,,4
дочь.acc.sg,2,n'iijjt,нӣййт,Переведенный корпус,sonn nɨdd žal'ej ujjne n'iijjtes' kaallsa n'iijt sajes' vapteg ja cɒɒr al'k ahk'en' što lunten' ižes' pɒɒssvudes',1
дочь.acc.sg,2,n'iijt,нӣйт,Переведенный корпус,a sɒɒne al'n ujnes' ižes' kallma n'iijt,1
дочь.gen.sg,1,n'iijt,нӣйт,,,2
дочь.nom.sg,3,n'iijjt,нӣййт,Переведенный корпус,akka n'iijjt vaarra tuvvnede poahksenne,2
дочь.nom.sg,3,n'iijjt,нӣййт,Переведенный корпус,koojn soon n'iijjt ɒrr pɒɒl'l'te cɒɒr al'ken',2
дочь.nom.sg,3,niijjt,нӣййт,kld_txt_Kert1961_pro_vorona_tulena_i_dikogo_olena,niijjt činnel’ porrmuž,1
дочь.nom.sg,3,n’iijjt,нӣййт,kld_txt_Kert1961_pro_vorona_tulena_i_dikogo_olena,n’iijjt činguud’e kus’s’v’aar,4
дочь.nom.sg,3,n’iijjt,нӣййт,kld_txt_Kert1961_pro_vorona_tulena_i_dikogo_olena,eft ufs m’iil’l’te voarrat kɒn’n’t’ nɨm’m’p’ n’iijjt,4
дочь.nom.sg,3,n’iijjt,нӣййт,kld_txt_Kert1961_pro_vorona_tulena_i_dikogo_olena,n’iijjt š’iid’e aǯas’ kɒn’tket,4
дочь.nom.sg,3,n’iijjt,нӣййт,kld_txt_Kert1961_pro_vorona_tulena_i_dikogo_olena,n’iijjt iince kɒссej,4
другой,9,jeer’es’,ēресь,Переведенный корпус,a jeer’es’ oollme kuud’d’jen’ venset’,1
другой,9,mudda,мудта,kld_SAM_SG_map_20230815,и vuajj mudda sajja muaj... vuajj,16
другой,9,mudda,мудта,Переведенный корпус,tel’l’ nuut’ pɨjet veennse i suggev kuel’l’e šɨl’l’e mudda sajja,16
другой,9,mudda,мудта,Переведенный корпус,kɨdda pueddev ɲuvč čueɲɲe i mudda loond,16
другой,9,mudda,мудта,Переведенный корпус,mudda vuer p’eejjva paššt,16
другой,9,mudda,мудта,Переведенный корпус,muddavuer kuu žor p’eejve l’eev ab’r’ meennev i b’eda redka k’ees’s’a muddavuer tol’ka men(a)s veeʒ,16
другой,9,mudda,мудта,Переведенный корпус,muddavuer kuu žor p’eejve l’eev ab’r’ meennev i b’eda redka k’ees’s’a muddavuer tol’ka men(a)s veeʒ,16
другой,9,mudda,мудта,Переведенный корпус,vеeze mudda ege pɨjj udlenne mudda ege milgnes,16
другой,9,mudda,мудта,Переведенный корпус,vеeze mudda ege pɨjj udlenne mudda ege milgnes,16
другой,9,mudda,мудта,Переведенный корпус,no(o) mudda vuer vuejjev i jev toočna / no(o) vesenom vuejjev c’eel̥’l̥’k’e,16
другой,9,mudda,мудта,Переведенный корпус,mudda loon’n’t eft olme paj kɨr(’)r(’)t(’)ev vued’?e? l’ee∅ vɒɒjvšuvvev,16
другой,9,mudda,мудта,Переведенный корпус,a mudda a lɨhkev kuk’a el’e an’exa k’iihčev kooxxt iiž’es’ rooŋ’ŋ’k’ i meenn kugga bɨdd,16
другой,9,mudda,мудта,Переведенный корпус,sijd’es’ m’iinet pood’d’en pravažat jeen’ až’ i v’iil’j tɒɒvvrež vuep’s’ej i mudda oollme,16
другой,9,mudda,мудта,Переведенный корпус,parna pugg ujjden peer̥’r̥’t’e tuvvnedden mudda ɒɒsseguejm,16
другой,9,mudda,мудта,Переведенный корпус,jur’te kaal’l’es’ vaal’l’te nɨzan kuu šendahč go rɒdne jeen’n’ n’iijtaja a vɨjte muddanaalla,16
другой,9,mudda,мудта,Переведенный корпус,mudda vuer puud’e muuɲekaallsa ja pɨt’e n’iijjta laaj̥et i šuurr ɨš’s’t’e t’iivvt kɒl’eguejm,16
другой,9,mudda,мудта,Переведенный корпус,paar’r’n k’iičes’t’ tooge i mudda goarra k’iihč’ što viiǯed el’l’a kooz,16
другой,9,muddm,мудтм,kld_txt_KarNC_deers,tel’ l’aajj z čuez tel’ l’aajj muddmen’,2
другой,9,muddm,мудтм,kld_txt_KarNC_deers,muddmen’ l’iijjen’ maŋŋa kues’s’ pɨɲɲeškuud’d’en’,2
другой,9,mudḓa,мудта,kld_txt_Kert1961_byl_o_ljajne,mudḓa saijes’t лi̮kkɛ pi̮rr kuɛd˙ krepas’t˙ murɛn˙,1
другой,9,nemmp,нэммп,kld_txt_KarNC_wedding_pt2,nemmpeš(’t’) vɨggl’ev tože sama avvta,1
другой,9,numʼmʼp’,нуммьп,kld_txt_KarNC_wedding_pt2,tam’pʼe v’aal numʼmʼp’ ukks,1
другой,9,num’b’,нумьб,kld_txt_KarNC_wedding_pt2,ɒrseg’g’e vɨs’te an’ soonn luej̥j̥k i prɒššed num’b’es’gueim k’eegg soost l’eev,1
другой,9,nɨm’(p’),нымь(пь),kld_txt_Kert1961_jeerrkja_oollmej_bajas,eex’x’teš’(t’) nɨm’(p’)b’aalla jaav’r’ puud’d’en’ ruuc,1
другой,9,nɨm’m’pe,ныммьпе,Переведенный корпус,tel’e eeltnet nɨm’m’pe red’d’en’ rɨnnte i nuut’ k’eez’et k’iid’eguejm ele že eexxt olme veensen nuur’e vokgoarre nuehta a kut’es’ kut’ kuuxxt oollme kut’ p’iirаs nuut’ čoovvgev,1
другой.ACC.PL,1,jaaras,я̄рас,,,1
другой.nom,1,nɨm'm'p',ныммьп,,,1
другой.nom.sg,1,mudda,мудта,,,1
другой.sg,1,jeer’es,ēрес,,,1
другой?,1,mudd,мудт,,,1
дружно,1,druužna,дрӯжна,,,1
думать,3,jur't,йюрьт,kld_txt_Kert1961_nuemmel_piras,sonn jur'te kolm al'kes mat’xe,1
думать,3,jur’r’t’,йюррьт,Переведенный корпус,vuur’t’e vuur’t’e až’es’ ejj t’eedda sonn ejj jur’r’t’ma što vuel’l’k'teš soon kaal’l’me vaar’es’,1
думать,3,jur’t,йюрьт,Переведенный корпус,kaal’l’es jur’te jur’te paš’š’e nɒɒj̥j̥tlede vɒɒl’te v’iir’es’ nɨzan,5
думать,3,jur’t,йюрьт,Переведенный корпус,kaal’l’es jur’te jur’te paš’š’e nɒɒj̥j̥tlede vɒɒl’te v’iir’es’ nɨzan,5
думать,3,jur’t,йюрьт,Переведенный корпус,jur’te kaal’l’es’ vaal’l’te nɨzan kuu šendahč go rɒdne jeen’n’ n’iijtaja a vɨjte muddanaalla,5
думать,3,jur’t,йюрьт,Переведенный корпус,jeen’n’p’eel’l’ sernna soon ejj šɒbša i paje jur’te kooxxt bɨ vɨjxe n’iijjtp’eel’ per̥tes’ pɒɒge,5
думать,3,jur’t,йюрьт,Переведенный корпус,sonn jur’tel’ što saam’ puud’d’en’ što soon narot el’l’a jeel’l’men’,5
думать.NPST.3SG,1,jurrt,йюррт,,,1
думать.npst.3sg,1,jurrt,йюррт,,,1
дуть,1,pɒɒz,поа̄з,,,1
дым.nom.sg,1,suvv,сувв,,,1
дыра,1,raajk,ра̄йк,,,1
дыра.acc.sg,1,raajk,ра̄йк,,,2
дыра.nom.sg,1,raajjk,ра̄ййк,,,1
дыхание,1,vuj,вуй,,,1
дядя,1,d’eed’,дēдҍ,,,2
еда,2,perk,пэрк,kld_txt_Kert1961_byl_o_ljajne,idžɛs’es’ kize pɛr’a perk,1
еда,2,p’eerg,пēрг,Переведенный корпус,aavdem čaajet p’eerget kɨp’t’em pɒɒštem vueɲč,1
еда.ACC.SG,1,p’eerk,пēрк,,,1
еда.acc.sg,2,p’eerg,пēрг,Переведенный корпус,vɨjem puuʒet mɨjj vɒɒl’d’em p’eerg m’il’l’d’e maal’c’et p’imat’ tobɨrket saav’ex’et poolxet’ saallvas koompas t’etradet’ fataparaat ɒɒkše i vɨjjl’em čiirre,5
еда.acc.sg,2,p’eerg,пēрг,Переведенный корпус,meenn sɒɒnes kuuht jeer’g’ jɒd’exen’ p’eerg ja saav’ex’et koogg l’iijem koorrma saallvas sɨz’z’en’,5
еда.acc.sg,2,p’eerg,пēрг,Переведенный корпус,puuʒet pugg kornem ja ɨldem tool ja al’g’em aavvde čaaj činne p’eerg,5
еда.acc.sg,2,p’eerg,пēрг,Переведенный корпус,čɒɒgem saav’ex’et koollm oollme kuuddjen činne p’eerg vel,5
еда.acc.sg,2,p’eerg,пēрг,Переведенный корпус,ja tel’e čuujjglem puudem tenn sajja kas’s’ mɨjj l’iijem kuedda sɒɒn puuʒe ja lɨlmɨ pɒp činnen mɨjje vkuusnɨ p’eerg,5
еда.acc.sg,2,p’eerk,пēрк,kld_txt_Kert1961_nuemmel_piras,juge vɨn surmguades't’ pore p’eerk kuemmer' sɨz'n’.,1
ель.nom.sg,1,kuuss,кӯсс,,,3
если,4,gu,гу,kld_SAM_SG_map_20230815,gu sɨjjt l’ii vaar’es’,1
если,4,jesl’e,есьле,Переведенный корпус,nu vot nap’r’im’eer / vot kooxxt / jesl’e m’eer gor’r’en’ kas’s’ puadd tav(’)v(’)al p’iiŋŋk / pɨjjen’ s’eenkes’ peevl l’ee∅ / to saam’ saarrnev što l’aaɲč tav(’)v(’)al p’iiŋŋg ja ɲues’s’ jeerrk / vuajj pued’d’e c’iigg jeerrk,2
если,4,jesl’e,есьле,kld_txt_Kert1961_jeerrkja_oollmej_bajas,jesl’e kɒmpaɲe paar’r’n vaallt mun kuujje tanna munn lɨgga nɨd’d’ što ruuc m’iinet’ jev kɒn’t,2
если,4,jesl’i,есьли,kld_txt_KarNC_deers,jesl’i k’ees’ l’ii lɒg’mat’ l’ibo vɨddem’p’lɒg’g’,1
если,4,если,если,kld_SAM_SG_map_20230815,если jɒddjax čincb’e(e)l’,1
есть,5,poor,по̄р,Переведенный корпус,pɨɨjet v’aret kɨp’ta v’arr v’arr k’iirken pooret,18
есть,5,poor,по̄р,Переведенный корпус,kɨp’t’em uttet kɨp’t’em utt tuul’xem čaaj poorem ja jorem vued’d’e,18
есть,5,poor,по̄р,Переведенный корпус,poorem tes’t’ mɨjj vuudem i iinca k’aassedem,18
есть,5,poor,по̄р,kld_txt_Genetz1891,egg meneɲe evvtel' mune tax munn poora(m) toone,18
есть,5,poor,по̄р,kld_txt_Genetz1891,taall voal'te laammpas pugg poore(j),18
есть,5,poor,по̄р,kld_txt_Itkonen1931_6_page254,jel’l’eδ poora,18
есть,5,poor,по̄р,kld_txt_Itkonen1931_6_page254,akka tunn poore,18
есть,5,poor,по̄р,kld_txt_Kert1961_pro_vorona_tulena_i_dikogo_olena,kalsenč poore juge poore juge,18
есть,5,poor,по̄р,kld_txt_Kert1961_pro_vorona_tulena_i_dikogo_olena,kalsenč poore juge poore juge,18
есть,5,poor,по̄р,kld_txt_Kert1961_pro_vorona_tulena_i_dikogo_olena,jeenne poore puujt ja vuenč,18
есть,5,poor,по̄р,kld_txt_Lehtiranta_1_r’iim’ɲ_moajnas,r’iimmɲ saarrn čte jeel’ poor(e)[b] muun(e),18
есть,5,poor,по̄р,kld_txt_Lehtiranta_1_r’iim’ɲ_moajnas,porssa(h)t[c] k’een mun(n) poor(e)ččem,18
есть,5,poor,по̄р,kld_txt_Lehtiranta_1_r’iim’ɲ_moajnas,poor(e) suun(e),18
есть,5,poor,по̄р,kld_txt_Lehtiranta_1_r’iim’ɲ_moajnas,taall poore saahp’p’l’iŋ’ga i evdas vaan’n’ʒel,18
есть,5,poor,по̄р,kld_txt_Lehtiranta_1_r’iim’ɲ_moajnas,suun(e) poor(e),18
есть,5,poor,по̄р,kld_txt_Lehtiranta_1_r’iim’ɲ_moajnas,taall poore vuer’r’va,18
есть,5,poor,по̄р,kld_txt_Lehtiranta_1_r’iim’ɲ_moajnas,k’een mun(n) poorččem,18
есть,5,poor,по̄р,kld_txt_Lehtiranta_1_r’iim’ɲ_moajnas,taall poore ɲuem’m’(e)l(‘)a ja evdas kuun’n’dxuuδ’e r’iim’ɲ(e),18
есть,5,poorr,по̄рр,kld_txt_Genetz1891,pɨjješ sɨjje poorre,7
есть,5,poorr,по̄рр,kld_txt_Genetz1891,poorren’,7
есть,5,poorr,по̄рр,kld_txt_Itkonen1931_6_page254,poorrap s’iin’et’,7
есть,5,poorr,по̄рр,kld_txt_Kert1961_pro_vorona_tulena_i_dikogo_olena,kaallsenč ejj t’iid’ mene i poorre,7
есть,5,poorr,по̄рр,kld_txt_Kert1961_pro_vorona_tulena_i_dikogo_olena,nuer’j poorrem luus kus’k’ ja jug’g’enalšem kuul’ raašk no per’a meenn karnses’t,7
есть,5,poorr,по̄рр,kld_txt_Kert1961_pro_vorona_tulena_i_dikogo_olena,jaannat ejj maahtenč poorre ejj maahtenč jugge,7
есть,5,poorr,по̄рр,Переведенный корпус,i nɨd’d’ sɨjj jiil’l’en’ jeen’n’b’eel’l’ n’iijten’es’ eft vued’d’en’ ja poorren’ ja ɒrren’ paje k’iide rɨs's't'e ja pɒɒknedden’,7
есть,5,por,пор,kld_txt_Genetz1891,tal taall l'ii laammpas pormaɲč pugg,9
есть,5,por,пор,kld_txt_Genetz1891,sɨjj al'kes kočsen tonst m’ii l'ii pampel'e(j)t l'eeštaɲč pugg laampse(j)t pore,9
есть,5,por,пор,kld_txt_Kert1961_nuemmel_piras,juge vɨn surmguades't’ pore p’eerk kuemmer' sɨz'n’.,9
есть,5,por,пор,kld_txt_Kert1961_nuemmel_piras,ja p’ehctuer’v pornen’ l’eejp axxtan,9
есть,5,por,пор,kld_txt_Lehtiranta_1_r’iim’ɲ_moajnas,porssa(h)t[c] k’een mun(n) poor(e)ččem,9
есть,5,por,пор,kld_txt_Lehtiranta_1_r’iim’ɲ_moajnas,porssa(h)t,9
есть,5,por,пор,kld_txt_Lehtiranta_1_r’iim’ɲ_moajnas,porssa(h)t,9
есть,5,por,пор,kld_txt_Lehtiranta_1_r’iim’ɲ_moajnas,porssa(h)t,9
есть,5,por,пор,kld_txt_Lehtiranta_2_r’iim’ɲ_i_taale_moajnas,taal’l’va kɒš’š’kkuul’(e) porssall,9
есть,5,porr,порр,kld_txt_Kert1961_byl_o_ljajne,ki̮pti͔ v’ār pi̮je porrɛ,5
есть,5,porr,порр,kld_txt_Kert1961_byl_o_ljajne,l’kɛn˙ porrɛ rūc,5
есть,5,porr,порр,kld_txt_Kert1961_pro_vorona_tulena_i_dikogo_olena,niijjt činnel’ porrmuž,5
есть,5,porr,порр,kld_txt_Kert1961_pro_vorona_tulena_i_dikogo_olena,a m’ii l’ii karnses’t porrmuššen kuem čoajva ja jɒrk kɒmme vuajva,5
есть,5,porr,порр,kld_txt_Kert1961_pro_vorona_tulena_i_dikogo_olena,jennes’ činguud’e porrmuž,5
есть,5,por̥,поҏ,kld_txt_Kert1961_pro_vorona_tulena_i_dikogo_olena,puudenč aǯat tonn soon por̥t juxt,2
есть,5,por̥,поҏ,Переведенный корпус,a kaal’l’es’ n’iijjt cele p’eejve m’iil’l’te lɨke sonn i č’aaz’ gɒrre vɒrrad sonn i p’eerk kɨppt i laammpset’ por̥tad i muur’et’ kuennt d’i šeel’d’et’ pass,2
есть.imp.sg,1,poor,по̄р,,,1
есть.npst.3sg,1,li”,лы”,,,1
ехать,9,jaad’,я̄дҍ,Переведенный корпус,pastex jaad’sellav čiirre,1
ехать,9,jodd,йёдт,kld_txt_KarNC_deers,eevvdel’ mɨjj joddlem’ kɒvvseguejm,1
ехать,9,jɒdd,йɒдт,Переведенный корпус,tagda mɨjj iiǯ pɒɒj̥kan urdan snemajedem tel’e al’g’em jɒddjem saav’exal’n valas,3
ехать,9,jɒdd,йɒдт,kld_txt_Kert1961_pro_vorona_tulena_i_dikogo_olena,luuj̥ke ja eženes’ jɒddseleškud’e,3
ехать,9,jɒdd,йɒдт,kld_txt_Kert1961_rybolovstvo_20210223,ja jɒddjen' moaze,3
ехать,9,jɒd’,йɒдҍ,Переведенный корпус,meenn sɒɒnes kuuht jeer’g’ jɒd’exen’ p’eerg ja saav’ex’et koogg l’iijem koorrma saallvas sɨz’z’en’,1
ехать,9,jɒd’d’,йɒдтҍ,kld_txt_KarNC_wedding_pt2,no ladno mɨjj zamorske kupcagul jɒd’d’ep’ m’iinen’ l’eev pugg l’ekarstva mɨjjgul an’n’t’ep’ tɨjjegul,1
ехать,9,jɒɒdd,ɒɒдт,Переведенный корпус,go soon jev vaarra jɒɒddxeš kuud'd'e,1
ехать,9,vɨj,вый,Переведенный корпус,vɨjem puuʒet mɨjj vɒɒl’d’em p’eerg m’il’l’d’e maal’c’et p’imat’ tobɨrket saav’ex’et poolxet’ saallvas koompas t’etradet’ fataparaat ɒɒkše i vɨjjl’em čiirre,8
ехать,9,vɨj,вый,Переведенный корпус,vɨjem mɨjj rast laan’d’ lɒɒn’d’e m’iil’l’d’e čuujav’r’ čel’čedvɒɒr’e a al’m’es l’aajj b’eda mooǯes vɒɒvkez,8
ехать,9,vɨj,вый,Переведенный корпус,l’aajj b’eda v’ees’s’el’ i š’iig vɨjem,8
ехать,9,vɨj,вый,Переведенный корпус,s’iijnem vɨjem vɨjem jeeskem vaarra,8
ехать,9,vɨj,вый,Переведенный корпус,s’iijnem vɨjem vɨjem jeeskem vaarra,8
ехать,9,vɨj,вый,Переведенный корпус,vɨjem vuus’ lujav’r’urrte,8
ехать,9,vɨj,вый,Переведенный корпус,jeen’n’p’eel’l’ sernna soon ejj šɒbša i paje jur’te kooxxt bɨ vɨjxe n’iijjtp’eel’ per̥tes’ pɒɒge,8
ехать,9,vɨj,вый,Переведенный корпус,eex’x’t’eš’ raj vɨje mooǯes’ paar’r’n’ tedd l’aajj cɒɒr al’l’k’,8
ехать,9,vɨjj,выйй,Переведенный корпус,kuddlɒg’g’ kualmante ɨg’es’ janvari maanas’ munn učenekam’i avcand klaases’ vɨjjl’em čiirre puuʒeguejm,11
ехать,9,vɨjj,выйй,Переведенный корпус,vɨjem puuʒet mɨjj vɒɒl’d’em p’eerg m’il’l’d’e maal’c’et p’imat’ tobɨrket saav’ex’et poolxet’ saallvas koompas t’etradet’ fataparaat ɒɒkše i vɨjjl’em čiirre,11
ехать,9,vɨjj,выйй,Переведенный корпус,vɨjjl’em mɨjj jeek’na sijd’es čaar paaj̥k’ gɒrre ɒd’d’emvuajvaeel,11
ехать,9,vɨjj,выйй,Переведенный корпус,vɨjjl’em mɨjj jeek’na,11
ехать,9,vɨjj,выйй,Переведенный корпус,ɨštem sɒɒneel ja vɨjjl’em,11
ехать,9,vɨjj,выйй,Переведенный корпус,iince kɒʒjem vɨjjl’em evdas,11
ехать,9,vɨjj,выйй,Переведенный корпус,ɨštem laavleguejm vɨjjl’em mɒɒst,11
ехать,9,vɨjj,выйй,kld_txt_Kert1961_jeerrkja_oollmej_bajas,i kues’s’ vɨjjev raj tenn suel a al’l’t soon jev meen,11
ехать,9,vɨjj,выйй,kld_txt_Kert1961_pro_vorona_tulena_i_dikogo_olena,ja vɨjjl’en’ až’es’ kuadda,11
ехать,9,vɨjj,выйй,Переведенный корпус,luuj̥j̥knelle ɨšteht’ n’iijtes’ sɒne eel ja vɨjjel’ lɒttkna puuʒje al’n vaarra,11
ехать,9,vɨjj,выйй,Переведенный корпус,pɨd’d’e sonn n’iijtes’ vaarra ɨšteht’ soon p’eez’ vuella a iiǯ vɨxxta vɨjjel’ mɒɒst štobɨ ejj ujjine n’iijtes’ sɒr’m’,11
ехать,9,vɨjjel',выййэль,Переведенный корпус,ɨštet' n'iijt saan eel ja vɨjjel' vaarra,1
ехать.IMP.SG,1,vɨje,выйэ,,,1
ехать.npst.cng,1,jɒdd,йɒдт,,,1
еще,3,vel,вэл,Переведенный корпус,koollset’ bɨdd vel suum’p’et’,2
еще,3,vel,вэл,Переведенный корпус,k’aavvla pɨjet vel nɒɒket’ a tej(d) nɒɒk’e k’aaǯa kruges’t’ pɨjet p’ees’s’ muur iižes’ suem’p’,2
еще,3,vele,вэлэ,Переведенный корпус,vele šɨl’et kuul’e nuut’en’,1
еще,3,v’aal,вя̄л,Переведенный корпус,a l’aajj n’iijta v’aal uc’c’ i ejj šɨl̥kxa n’imeenn lɨhke,3
еще,3,v’aal,вя̄л,Переведенный корпус,no n’iijtaja bɨdde l’aajj jeena sonn l’aajj v’aal uc’c’ bɨdde l’aajj soon m’iil’l’te ujjne,3
еще,3,v’aal,вя̄л,Переведенный корпус,mooǯes’ ɒɒsseguejm sonn šende v’aal mooǯ’da i š’iiga,3
ещё,8,v'aal,вя̄л,kld_txt_KarNC_deers,v'aal l'eev pat'efon dam'ena l'eev,1
ещё,8,v'aala,вя̄ла,kld_txt_Genetz1891,tat’t’e v'aala vul'ke t’iiŋ’k’e gorra saaml'anč ɒrr t’iiŋ’ke(j)t’ vuerrt,1
ещё,8,v'aаl,вял,kld_txt_Kert1961_rybolovstvo_20210223,v'aаl voаllеn' k'eemmna kunet',1
ещё,8,v(‘)aal,в(‘)а̄л,kld_GGM_SG_map_202308D,jev l’eev v(‘)aal jevla šuurr ja(a)v(v)ra v’aal l’ii,1
ещё,8,vel,вэл,Переведенный корпус,ɒd’d’emvuajvas mɨjj l’iijem i l’iijem vel šuurr ur’d’es,3
ещё,8,vel,вэл,Переведенный корпус,pugg maal’c’eguejm eel vel kolek’eegg cɒɒg’g’en saav’ex’et doobrat ja vuud’d’en b’eda š’iiggten’n’e,3
ещё,8,vel,вэл,Переведенный корпус,čɒɒgem saav’ex’et koollm oollme kuuddjen činne p’eerg vel,3
ещё,8,v’aal,вя̄л,kld_GGM_SG_map_202308D,jev l’eev v(‘)aal jevla šuurr ja(a)v(v)ra v’aal l’ii,14
ещё,8,v’aal,вя̄л,kld_SAM_SG_map_20230815,sost jɒdd v’aal sɨjjt,14
ещё,8,v’aal,вя̄л,kld_SAM_SG_map_20230815,tes’t v’aal l’ii,14
ещё,8,v’aal,вя̄л,kld_SAM_SG_map_20230815,testa l’ii v’aal sɨjjt,14
ещё,8,v’aal,вя̄л,kld_SAM_SG_map_20230815,и v’aal l’ii sɨjjt eexxt tes’t,14
ещё,8,v’aal,вя̄л,kld_SAM_SG_map_20230815,tes’t l’eev v’aal sɨjt činčb’e(e)l’,14
ещё,8,v’aal,вя̄л,kld_SAM_SG_map_20230815,и vuel’kes’b’e(e)l’ v’aal l’aav... l’eev sɨjd,14
ещё,8,v’aal,вя̄л,kld_SAM_SG_map_20230815,i v’aal jɒd’d’e,14
ещё,8,v’aal,вя̄л,kld_SAM_SG_map_20230815,и v’aal l’eev koollm sɨjd,14
ещё,8,v’aal,вя̄л,kld_txt_KarNC_wedding_pt2,tam’pʼe v’aal numʼmʼp’ ukks,14
ещё,8,v’aal,вя̄л,kld_txt_KarNC_wedding_pt2,v’aal tez v’aal vɨg’g’en’,14
ещё,8,v’aal,вя̄л,kld_txt_KarNC_wedding_pt2,v’aal tez v’aal vɨg’g’en’,14
ещё,8,v’aal,вя̄л,kld_txt_Lehtiranta_2_r’iim’ɲ_i_taale_moajnas,ɒrseg’g’e(ẟ) v’aal saẟa,14
ещё,8,v’aal,вя̄л,Переведенный корпус,muuɲkaallsa son’n’e c’eel̥’k’e što v’aal puadd,14
ещё,8,v’aala,вя̄ла,kld_txt_Genetz1891,k’eehpsehk(e) v’aala l’ii,1
ещё,8,v’aalen,вя̄лэн,kld_txt_Lehtiranta_1_r’iim’ɲ_moajnas,r’iimmɲ saarrn čte kuun’d(‘)(e) kuun’d(‘)(e) v’aalen sada,1
жалеть,1,šɒlš,шоалш,,,1
жалеть.PPST.3SG,1,šɒɒlaš,шоа̄лаш,,,1
жалеть.pst.3sg,1,šɒɒleš,шоа̄лэш,,,1
жарить,4,paašt,па̄шт,kld_txt_Kert1961_pro_vorona_tulena_i_dikogo_olena,paaštguud’e ja kɨptguud’e vuenč,1
жарить,4,pašt,пашт,kld_txt_Kert1961_nuemmel_piras,puarsamuss al'l'k ujte l’eejp paštjen' vuepsuvve,1
жарить,4,paš’t,пашьт,Переведенный корпус,kuul’e kromje tavo što kɨptet suenneel paš’tet tagnazɨvamɨ tuaarax el’e pɒɒštkul’l’,1
жарить,4,pɒɒšt,поа̄шт,Переведенный корпус,kuul’e kromje tavo što kɨptet suenneel paš’tet tagnazɨvamɨ tuaarax el’e pɒɒštkul’l’,2
жарить,4,pɒɒšt,поа̄шт,Переведенный корпус,aavdem čaajet p’eerget kɨp’t’em pɒɒštem vueɲč,2
жаркий,1,žor,жор,,,2
ждать,4,vuerr,вуэрр,Переведенный корпус,a aka tenn vr'em'a vuerred,1
ждать,4,vuer’d,вуэрьд,kld_txt_Lehtiranta_1_r’iim’ɲ_moajnas,munn vuelgam t’eellagas vuer’dessam,1
ждать,4,vuur’r’d,вӯррьд,kld_txt_Lehtiranta_1_r’iim’ɲ_moajnas,čte vuur’r’del sada,1
ждать,4,vuur’t’,вӯрьт,Переведенный корпус,vuur’t’e vuur’t’e až’es’ ejj t’eedda sonn ejj jur’r’t’ma što vuel’l’k'teš soon kaal’l’me vaar’es’,2
ждать,4,vuur’t’,вӯрьт,Переведенный корпус,vuur’t’e vuur’t’e až’es’ ejj t’eedda sonn ejj jur’r’t’ma što vuel’l’k'teš soon kaal’l’me vaar’es’,2
ждёт.npst.3sg,1,vuerrt,вуэррт,,,1
же,4,ša,ша,kld_txt_Lehtiranta_3_kɒn’t’_moajnas,tɒge ša i mun(n) vɨlgam vuaggeẟ,1
же,4,še,шэ,kld_txt_Kert1961_rybolovstvo_20210223,tenn še cɨcces't' vuajj cɨhce soajmet',2
же,4,še,шэ,Переведенный корпус,k’aas’s’et’ sama mooǯes’ ja š’iig puuʒet’ ja vɨge mun n’iijta vaarra ja kuud’e tenn še sajja kooz kuud’d’ex’ iižant n’iijt,2
же,4,šɛ,ш,kld_txt_Kert1961_byl_o_ljajne,ni̮tše paŋk simnɛn˙ råŋŋk muggɛ šɛ man’tɛm’ mu͔nn l’a,1
же,4,že,жэ,Переведенный корпус,nu sp’erva luuš’t’et saajmet čuallma el’e že ɲɒɒrges tavas kas’s’ kuul’l’ dolžan meenne paal’ bajas paal’ bajas,3
же,4,že,жэ,Переведенный корпус,tel’e eeltnet nɨm’m’pe red’d’en’ rɨnnte i nuut’ k’eez’et k’iid’eguejm ele že eexxt olme veensen nuur’e vokgoarre nuehta a kut’es’ kut’ kuuxxt oollme kut’ p’iirаs nuut’ čoovvgev,3
же,4,že,жэ,Переведенный корпус,koollset’ vued mɒɒše(t) mazeguejm a evtla oollme koollse vuedde pɨjjev koommset’ el’e_že nuer’j naak’ a pɨjet nɨt’t’ že seerva koommset,3
желать.pst.3sg,1,žal'ej,жалей,,,1
железо.GEN.SG,1,ruuv’t,рӯвьт,,,3
жена,3,ahk',аххьк,Переведенный корпус,sonn nɨdd žal'ej ujjne n'iijjtes' kaallsa n'iijt sajes' vapteg ja cɒɒr al'k ahk'en' što lunten' ižes' pɒɒssvudes',1
жена,3,akka,акка,Переведенный корпус,akka n'iijjt vaarra tuvvnede poahksenne,1
жена,3,koabk,коабк,kld_txt_Kert1961_pro_vorona_tulena_i_dikogo_olena,kɒn’n’t’ kues’s’ vuul’ke m’aahca c’iil̥’ke koabkas,1
жена.GEN.SG,1,ak'k',аккь,,,1
жена.NOM.SG,1,aahk’,а̄ххьк,,,1
жена.acc.sg,1,ak,ак,,,1
жена.nom.sg,4,a'h’k,аххьк,kld_txt_Kert1961_byl_o_ljajne,a'h’kis’ pud˙i͔ alkes’ al’l’a nikas’t˙,1
жена.nom.sg,4,aahk’,а̄ххьк,kld_txt_Kert1961_pro_vorona_tulena_i_dikogo_olena,aahk’ veel’l’ej olkes’ paarrnes’ m’iil’l’te,3
жена.nom.sg,4,aahk’,а̄ххьк,kld_txt_Kert1961_pro_vorona_tulena_i_dikogo_olena,aahk’ r’aagg paarrnedes’,3
жена.nom.sg,4,aahk’,а̄ххьк,kld_txt_Kert1961_pro_vorona_tulena_i_dikogo_olena,aahk’ ujjn,3
жена.nom.sg,4,ahk,аххк,kld_txt_Kert1961_byl_o_ljajne,ahkes’ kuddi̮i kuadḓa jel’l’e,2
жена.nom.sg,4,ahk,аххк,kld_txt_Kert1961_byl_o_ljajne,ahkes’ al’l’a,2
жена.nom.sg,4,koab,коаб,kld_txt_Kert1961_pro_vorona_tulena_i_dikogo_olena,koab kuedes’ kɨške,1
женить,1,nɒɒj̥j̥t,ноа̄ййт,,,4
жених,2,žen’ex’,жэнехь,kld_txt_KarNC_wedding_pt2,tel’ puud’d’en’ soonnden’n’eg’e žen’ex’gɒn’c’ puud’d’en,1
жених,2,žen’x’,жэнҍх,kld_txt_KarNC_wedding,k’eeǯen’ n’iijtes’t’ ja žen’x’es’t’,1
жених.ACC.SG,1,žen’ix’,жэнихь,,,1
жених.NOM.pl?,1,žen’ix,жэних,,,1
жених.acc.sg,1,žen’ex’,жэнехь,,,2
жених.nom.pl,1,žen’ex’,жэнехь,,,1
жену.acc.sg,1,ak,ак,,,1
женщина,4,aag’,а̄гь,kld_txt_Lehtiranta_3_kɒn’t’_moajnas,aag’est l’aaj kɒn’n’t kaallsen,1
женщина,4,aak,а̄к,kld_txt_Genetz1891,iinc'ejk koc'c'ejen kaallaseɲč ja aaka,1
женщина,4,aakk,а̄кк,kld_txt_Lehtiranta_3_kɒn’t’_moajnas,i saarrn aakkas,1
женщина,4,nɨzn,нызн,Переведенный корпус,tenn nɨznes’ l’aajj iiǯes’ n’iijta,1
женщина.NOM.SG,1,nɨzan,нызан,,,1
женщина.acc.sg,1,nɨzan,нызан,,,3
женщина.nom.pl,1,nɨzan,нызан,,,1
женщина.nom.sg,2,aak’k’,а̄ккь,kld_txt_Lehtiranta_3_kɒn’t’_moajnas,aak’k’ pɨje(j) vuus’s’temp’aalla kued’(e) kooɲɲčtuul’j,2
женщина.nom.sg,2,aak’k’,а̄ккь,kld_txt_Lehtiranta_3_kɒn’t’_moajnas,eellmoollme aak’k’ vel’l’ej,2
женщина.nom.sg,2,nɨzan,нызан,Переведенный корпус,a pɨht’e peer̥r̥te jeer’es nɨzan sonn peele uššte vuajj pɒbbxe nɨzan kuu ejj vuaɲč vuajxe rɒdne jeen’ soon n’iijtaja,1
жечь,1,puell,пуэлл,,,1
живот,1,čoajv,чоайв,,,1
жир.acc.sg,1,puujt,пӯйт,,,1
жить,16,j'aal,йа̄л,kld_txt_Lehtiranta_3_kɒn’t’_moajnas,tunn j'aanna j'aalččex t’iirven,1
жить,16,jaall,я̄лл,Переведенный корпус,k’ees’s’ m’iine jaallmušš el’l’e čovta kuehk’,1
жить,16,jeel'l',ēлль,kld_txt_KarNC_deers,jeel'l'ev s'erna gu sɨjdes' nɨzan jeel'l'ev,2
жить,16,jeel'l',ēлль,kld_txt_KarNC_deers,jeel'l'ev s'erna gu sɨjdes' nɨzan jeel'l'ev,2
жить,16,jeell,ēлл,Переведенный корпус,n’iijjta paar’r’n’ ponrav’dede i cɒɒr al’l’k’ i kaallsa n’iijjt nɒɒj̥j̥tledden’ i jeel’ešuud’d’en’ š’iiggten’n’e i tenna rajja jeellev i m’iinet’ kuessa kɒhčev,1
жить,16,jeel’,ēль,Переведенный корпус,tes’t’ ufšten geagraafe munn rɒst mɒɒj(n)se parnat pugg čaar bajas kooxxt ad’d’ izmen’iilsa čaarr tejja ɨg’e kooxxt jeel’ešued’d’eš per’a i tag daale,4
жить,16,jeel’,ēль,kld_txt_KarNC_deers,tel’ l’iijjen’ iižem’ puud’d’en’ ja jeel’eškuud’d’en’,4
жить,16,jeel’,ēль,kld_txt_KarNC_wedding,no ladno jeel’eškuud’d’en’,4
жить,16,jeel’,ēль,Переведенный корпус,n’iijjta paar’r’n’ ponrav’dede i cɒɒr al’l’k’ i kaallsa n’iijjt nɒɒj̥j̥tledden’ i jeel’ešuud’d’en’ š’iiggten’n’e i tenna rajja jeellev i m’iinet’ kuessa kɒhčev,4
жить,16,jeel’l’,ēлль,kld_GGM_SG_map_202308D,jeel’l’ev ollme,7
жить,16,jeel’l’,ēлль,kld_GGM_SG_map_202308D,и ollme jeel’l’ev,7
жить,16,jeel’l’,ēлль,kld_GGM_SG_map_202308D,tam’b’e oollme jeel’l’ev,7
жить,16,jeel’l’,ēлль,kld_txt_KarNC_deers,ad’d’ jeel’l’ep’ pugg kolxozen’,7
жить,16,jeel’l’,ēлль,kld_txt_KarNC_deers,mɒɒhtja l’iijem’ mɒɒhtjem’ jeel’l’ep’,7
жить,16,jeel’l’,ēлль,kld_txt_KarNC_deers,sɨjjdel’ jeel’l’ev čuuʒes’,7
жить,16,jeel’l’,ēлль,Переведенный корпус,sonn jur’tel’ što saam’ puud’d’en’ što soon narot el’l’a jeel’l’men’,7
жить,16,jel’l’,елль,Переведенный корпус,jel’l’eš eev’dla koavas keskes puell tooll a pɨrr ad’d’em v’ell as’te a pɨrr aaret es’tmen,3
жить,16,jel’l’,елль,kld_txt_Kert1961_byl_o_ljajne,l’k’i͔n˙ kuextas jel’l’e,3
жить,16,jel’l’,елль,kld_txt_Kert1961_byl_o_ljajne,ahkes’ kuddi̮i kuadḓa jel’l’e,3
жить,16,jiil'l,ӣлль,Переведенный корпус,k’iil’te n’iijjt Mar'r'j’ Uvvan n’iijjt jiil'l'e uc'c' sɨjtes't' ooxxte,1
жить,16,jiill,ӣлл,kld_txt_Kert1961_nuemmel_piras,al'kes'kånc jiillen’ son čaapat al'n',1
жить,16,jiil’,ӣль,Переведенный корпус,mɨjj tenn paxodes jiil’em b’eda druužna,5
жить,16,jiil’,ӣль,kld_txt_KarNC_deers,puudzet’ paj jeb’b’ pɨɲɲma paj svol’no jiil’em čeexxča kooppčev vooddeddev,5
жить,16,jiil’,ӣль,kld_txt_KarNC_deers,no m’iines’t’ puaz paj nɨt’t’e jiil’e no m’iinen’ puaz paj vuameškuud’e,5
жить,16,jiil’,ӣль,kld_txt_Kert1961_pro_vorona_tulena_i_dikogo_olena,tel’ kaallsenč jiil’e,5
жить,16,jiil’,ӣль,kld_txt_Kert1961_pro_vorona_tulena_i_dikogo_olena,jiil’e,5
жить,16,jiil’l’,ӣлль,kld_txt_KarNC_deers,sɨjj jiil’l’en’ puuʒet’ pɨɲɲen’ i tel’ meenn k’eez’ kɨd kuun’t’x’ev i čeexxča kooppčev,6
жить,16,jiil’l’,ӣлль,kld_txt_KarNC_deers,sɨjj jiil’l’en’ j’iil’l’en nɨd’d’ paj j’iil’l’en’,6
жить,16,jiil’l’,ӣлль,kld_txt_KarNC_deers,jev allka pɨɲɲe ja nɨd’d’ paj jiil’l’eš kolxoz rajja,6
жить,16,jiil’l’,ӣлль,kld_txt_KarNC_deers,a sɨjj paj eftes’t’ jiil’l’en’,6
жить,16,jiil’l’,ӣлль,kld_txt_Kert1961_jeerrkja_oollmej_bajas,kuul’l’j’aav’r’ rɨntes’t’ jiil’l’en’ jeerrkja oollme,6
жить,16,jiil’l’,ӣлль,Переведенный корпус,i nɨd’d’ sɨjj jiil’l’en’ jeen’n’b’eel’l’ n’iijten’es’ eft vued’d’en’ ja poorren’ ja ɒrren’ paje k’iide rɨs's't'e ja pɒɒknedden’,6
жить,16,jil’,иль,Переведенный корпус,jil’e saam’ narot k’ilt suullest’,1
жить,16,jil’l’,илль,Переведенный корпус,jil’l’en’ sɨjj paak’ tug’g’en’ ejj kuestče nɨm’p’ p’eel’l’,1
жить,16,j’eel’l,йэ̄лль,kld_txt_KarNC_deers,i kolxozes’ vuajj j’eel’le,1
жить,16,j’iil’,йӣль,kld_txt_KarNC_deers,soonn vuul’k’e čuuʒje soonn čeed čuuʒes’t’ j’iil’e vooddede,2
жить,16,j’iil’,йӣль,Переведенный корпус,j’iil’e eexxt kaal’l’es’ n’iijtenes’,2
жить,16,j’iil’l’,йӣлль,kld_txt_KarNC_deers,sɨjj jiil’l’en’ j’iil’l’en nɨd’d’ paj j’iil’l’en’,2
жить,16,j’iil’l’,йӣлль,kld_txt_KarNC_deers,sɨjj jiil’l’en’ j’iil’l’en nɨd’d’ paj j’iil’l’en’,2
жить.imp.sg,1,jeel’(,ēль(,,,1
жить.npst.3sg,2,jaall,я̄лл,kld_txt_Lehtiranta_2_r’iim’ɲ_i_taale_moajnas,i iiǯ’ǯ’ jaall,1
жить.npst.3sg,2,jall,ялл,kld_txt_Kert1961_nuemmel_piras,kal'l'es' jall pere n'uezel't pejjel' p’eejv' ja pejjel’ p’eejv' š’iigten’n’e.,1
за,7,m’iil’d’e,мӣльде,Переведенный корпус,l’eev nu mugga p’r’im’eetav kojt m’iil’d’es i vuejjev c’eel̥’l̥’k’e,1
за,7,m’iil’l’d’e,мӣлльде,Переведенный корпус,vɨjem mɨjj rast laan’d’ lɒɒn’d’e m’iil’l’d’e čuujav’r’ čel’čedvɒɒr’e a al’m’es l’aajj b’eda mooǯes vɒɒvkez,1
за,7,m’il’l’d’e,милльде,Переведенный корпус,vɨjem puuʒet mɨjj vɒɒl’d’em p’eerg m’il’l’d’e maal’c’et p’imat’ tobɨrket saav’ex’et poolxet’ saallvas koompas t’etradet’ fataparaat ɒɒkše i vɨjjl’em čiirre,1
за,7,tueg,туэг,Переведенный корпус,Oalkembel't uks tueg jeg'g'e šuurr keelten’ ja karvul'l'e mune kuuht'e kaalse koolmet' sutket',1
за,7,tuggɛn˙,тугкн˙,kld_txt_Kert1961_byl_o_ljajne,jāvr’ tuggɛn˙ vez’da pul’l’ɐv tōл,1
за,7,tug’g’en’,тугкенҍ,Переведенный корпус,jil’l’en’ sɨjj paak’ tug’g’en’ ejj kuestče nɨm’p’ p’eel’l’,1
за,7,tuug’g’en',тӯгкенҍ,Переведенный корпус,vot munn t’iinet' spas’s’je vojnas't' rucet' vɨg'g'e paak' tuug’g’en',1
за.DAT,1,tuegga,туэгка,,,2
за.loc,1,tuug’g’en’,тӯгкенҍ,,,1
за.один.раз,1,axxtan,аххтан,,,1
забить,2,peel,пэ̄л,kld_txt_KarNC_deers,no peeljuve tɒn’n’e ɒɒj̥j̥kv’eer’t’ puaze,1
забить,2,pel’,пэль,kld_txt_KarNC_deers,kolxoz pel’e ja en’d’e gosudarstve kon’ešno,1
заблудиться,2,čoajd’,чоайдҍ,kld_txt_Itkonen1931_6_page254,mɨjj čoajd’em,1
заблудиться,2,čoajjd’,чоаййдҍ,kld_txt_Itkonen1931_6_page254,voal’l’t’en’ čoajjd’en,1
забыть,1,vuajj,вуайй,,,1
зависть,1,zaav’is't’,за̄висьт,,,1
завязать,1,koorr,ко̄рр,,,1
завязть,1,koorʼrʼ,ко̄рр,,,1
зад,1,maŋ’ŋ’,маӈӈь,,,1
задний,1,maŋ’ŋ’,маӈӈь,,,1
заколоть,1,pal'l',палль,,,1
закрыть,3,kaaht,ка̄ххт,Переведенный корпус,muur pugg l’eev tes’t’ mudd saj kaahta veezen’,1
закрыть,3,kaaht’,ка̄ххьт,Переведенный корпус,ad'd' lɨhk’e mɨn'n'e odd kued' ja kaaht’e,2
закрыть,3,kaaht’,ка̄ххьт,Переведенный корпус,ad'd' munn kɒmla lɒjta kuadda kaaht’e uks,2
закрыть,3,koaht,коаххт,kld_SAM_SG_map_20230815,paak’et’ koahten’ pevl,1
замерзать,1,kal’l’m,калльм,,,2
замерзнуть.npst.3sg,1,kal’l’m’,калльм,,,2
заморские,1,zamorske,заморскэ,,,1
заморский,1,zamorskoj,заморской,,,2
запах.acc.sg,1,leeg,лэ̄г,,,4
запах.nom.sg,1,leegg,лэ̄гк,,,2
запустить,1,luuš’t’,лӯшьт,,,1
заросли.gen.sg,1,vaš’š’,вашшь,,,1
заря,1,kuevs,куэвс,,,1
засмеяться.ipfv,1,s’iijn,сӣйн,,,3
затянуть,1,kaaht,ка̄ххт,,,1
заяц,4,n'uemmel',нюеммэль,kld_txt_Kert1961_nuemmel_piras,nɨt't’ jen'xem p’iiras pugg påddede gå’ n'uemmel' p’iiras.,1
заяц,4,ɲuem’m’(e)l(‘),нуэммь(э)л(‘),kld_txt_Lehtiranta_1_r’iim’ɲ_moajnas,taall poore ɲuem’m’(e)l(‘)a ja evdas kuun’n’dxuuδ’e r’iim’ɲ(e),1
заяц,4,ɲuem’m’l,нуэммьл,kld_txt_Lehtiranta_2_r’iim’ɲ_i_taale_moajnas,ten(n) kuejjke l’ii taalest ja k’eet’kest ja ɲuem’m’lest vuen’ex s’eejjp čte s’eejp kuedd(e)jen jaavvra,1
заяц,4,ɲuem’m’l(‘),нуэммьл(‘),kld_txt_Lehtiranta_1_r’iim’ɲ_moajnas,r’iimmɲ saarrn čte ɲuem’m’l(‘)eɲǯ l’ii ɲues’s’,1
заяц.nom.sg,1,ɲuem’m’el,нуэммел,,,5
звать,5,kohč,коххч,kld_txt_Kert1961_byl_o_ljajne,kohčeš́ L’ain,1
звать,5,koohč,ко̄ххч,kld_txt_KarNC_deers,aǯan koohčen’ mɒɒksan jeg’em’ al’l’k,1
звать,5,koč,коч,kld_txt_Genetz1891,sɨjj al'kes kočsen tonst m’ii l'ii pampel'e(j)t l'eeštaɲč pugg laampse(j)t pore,1
звать,5,kɒhč,коаххч,kld_txt_Kert1961_jeerrkja_oollmej_bajas,tenn suel nɨd’d’e kɒhčev ruuc suel,2
звать,5,kɒhč,коаххч,Переведенный корпус,n’iijjta paar’r’n’ ponrav’dede i cɒɒr al’l’k’ i kaallsa n’iijjt nɒɒj̥j̥tledden’ i jeel’ešuud’d’en’ š’iiggten’n’e i tenna rajja jeellev i m’iinet’ kuessa kɒhčev,2
звать,5,kаǯ,кдж,Переведенный корпус,no p’ervimi pueddev ɲuvč ja čueɲɲe ja cizga rušas son kаǯet ‘punačka’,1
звезда.acc.sg,1,tas’t’,тасьт,,,1
звезда.nom.pl,1,taas’t’,та̄сьт,,,1
зверь.nom.pl,1,zv’eer,зьвēр,,,1
здесь,5,tes't',тэсьт,kld_txt_Kert1961_rybolovstvo_20210223,tes't' voal’l'ten' šuurr cɨhcem k’iim’n’,1
здесь,5,testa,тэста,kld_SAM_SG_map_20230815,testa l’ii sɨjjt,4
здесь,5,testa,тэста,kld_SAM_SG_map_20230815,testa l’ii v’aal sɨjjt,4
здесь,5,testa,тэста,kld_SAM_SG_map_20230815,vaar’r’ testa l’ii,4
здесь,5,testa,тэста,kld_SAM_SG_map_20230815,testa l’eev vaar’,4
здесь,5,tes’t,тэсьт,kld_SAM_SG_map_20230815,tes’t l’ii,11
здесь,5,tes’t,тэсьт,kld_SAM_SG_map_20230815,tes’t v’aal l’ii,11
здесь,5,tes’t,тэсьт,kld_SAM_SG_map_20230815,tes’t l’ii тоже,11
здесь,5,tes’t,тэсьт,kld_SAM_SG_map_20230815,tes’t l’eev sɨn... mugga čuekas l’ii,11
здесь,5,tes’t,тэсьт,kld_SAM_SG_map_20230815,и v’aal l’ii sɨjjt eexxt tes’t,11
здесь,5,tes’t,тэсьт,kld_SAM_SG_map_20230815,ну tes’t l’aajj,11
здесь,5,tes’t,тэсьт,kld_SAM_SG_map_20230815,tes’t l’eev v’aal sɨjt činčb’e(e)l’,11
здесь,5,tes’t,тэсьт,kld_SAM_SG_map_20230815,tes’t l’eev sɨjd,11
здесь,5,tes’t,тэсьт,kld_SAM_SG_map_20230815,tes’t l’ii s’iinn čuekas,11
здесь,5,tes’t,тэсьт,kld_SAM_SG_map_20230815,tes’t vuajj meenne veennsen’,11
здесь,5,tes’t,тэсьт,kld_SAM_SG_map_20230815,tes’t l’ii jogg,11
здесь,5,tes’ta,тэсьтя,kld_SAM_SG_map_20230815,tes’ta l’aajj jaav’v’r’,2
здесь,5,tes’ta,тэсьтя,kld_SAM_SG_map_20230815,tes’ta тоже l’aajj jaav’v’r’,2
здесь,5,tes’t’,тэсьт,Переведенный корпус,tes’t’ ufšten geagraafe munn rɒst mɒɒj(n)se parnat pugg čaar bajas kooxxt ad’d’ izmen’iilsa čaarr tejja ɨg’e kooxxt jeel’ešued’d’eš per’a i tag daale,3
здесь,5,tes’t’,тэсьт,Переведенный корпус,poorem tes’t’ mɨjj vuudem i iinca k’aassedem,3
здесь,5,tes’t’,тэсьт,kld_txt_Kert1961_jeerrkja_oollmej_bajas,i tes’t’ šeende šuurr šeeŋŋ,3
здоровье,2,t’iirrvs,тӣррвс,kld_txt_Lehtiranta_3_kɒn’t’_moajnas,vuag(e) c’aal̥l̥k alkɲam t’iirrvse,1
здоровье,2,t’iirv,тӣрв,kld_txt_Lehtiranta_3_kɒn’t’_moajnas,tunn j'aanna j'aalččex t’iirven,2
здоровье,2,t’iirv,тӣрв,Переведенный корпус,tedd l’aajj muuɲkaallsa muuɲkaallsa t’iirvxede n’iijten’ sonn vuessta,2
земля,2,jeem’m’n’e,ēммьне,Переведенный корпус,kaallas ujnev čeed c’iig i kultlev kooxxt sonn luvtaj ja saarrn nɨd’d’ ruahč[15] jes’k’e jeem’m’n’e kɨr’r’t’,1
земля,2,сторона,сторона,Переведенный корпус,jeem’m’n’e mene rast Kul vuun al'l'm и идтиpst.3sg dem2.acc.sg сторонаILL.sg Кольский бухтаacc.sg? ???ill.sg и остановиться???pst.3sg,1
земля.NOM.SG,1,jeem’m’n’e,ēммьне,,,1
земля.nom.sg,1,jeem’m’n’e,ēммьне,,,1
зима,1,taal’l’v,та̄лльв,,,3
зима.nom.sg,1,taal’l’v,та̄лльв,,,1
зимой,1,taal’l’va,та̄лльвя,,,2
злиться,1,s'eennt,сēннт,,,1
злой,1,pɒɒss,поа̄сс,,,2
знать,2,t’eedd,тēдт,kld_SAM_SG_map_20230815,meej(t)laan’č ejj t’eeddma ja meene,2
знать,2,t’eedd,тēдт,Переведенный корпус,vuur’t’e vuur’t’e až’es’ ejj t’eedda sonn ejj jur’r’t’ma što vuel’l’k'teš soon kaal’l’me vaar’es’,2
знать,2,t’iid’d’,тӣдтҍ,kld_txt_Kert1961_jeerrkja_oollmej_bajas,tam’p’e l’aajj eexxt t’iid’d’ej n’iijjt,1
знать.npst.3sg,1,t’eedd,тēдт,,,1
знать.npst.cng,2,t’ii(d’),тӣ(дҍ),kld_GGM_SG_map_202308D,больше emm t’ii(d’) n’imeenn,1
знать.npst.cng,2,t’iid’,тӣдҍ,kld_GGM_SG_map_202308D,а kas’t voarrde munn emm t’iid’,2
знать.npst.cng,2,t’iid’,тӣдҍ,kld_txt_Kert1961_pro_vorona_tulena_i_dikogo_olena,kaallsenč ejj t’iid’ mene i poorre,2
значит,2,značit,значыт,kld_txt_KarNC_wedding,tel’ značit согласились značit svad’ba bɨdd s’iirre,1
значит,2,значит,значит,kld_GGM_SG_map_202308D,значит jaav’v’r’,2
значит,2,значит,значит,kld_SAM_SG_map_20230815,l’eev значит sɨjd,2
значительный,1,ɒɒj̥j̥k,оа̄ййк,,,1
значить,1,značit,значыт,,,1
зола,1,kun,кун,,,1
золото,2,kɒl'l',коалль,Переведенный корпус,tonn mej pueres' čaann eg'g' pɨhta m'iinne lɒj̥et' kɒl'l'et' ja mooǯes' šolk ɒɒsset',1
золото,2,kɒl’,коаль,Переведенный корпус,mudda vuer puud’e muuɲekaallsa ja pɨt’e n’iijjta laaj̥et i šuurr ɨš’s’t’e t’iivvt kɒl’eguejm,1
и,6,d’i,ди,Переведенный корпус,a n’iijjtb’eel’l’ l’aajj i kaasven’ mooǯe i lɨhk’eš d’i m’iillves’,1
и,6,d’ii,дӣ,Переведенный корпус,kuuddej n’iijjt vaarra kaal’l’mluvve d’ii eebbas ooxxte ɒre vaar’ kes’kes’,1
и,6,i,и,kld_GGM_SG_map_202308D,ну и jogg kɒllk i paak’ <нрзб> l’eev,141
и,6,i,и,kld_SAM_SG_map_20230815,i v’aal jɒd’d’e,141
и,6,i,и,kld_SAM_SG_map_20230815,i tel’ puadax sɨjd luz,141
и,6,i,и,Переведенный корпус,vuajj nuuht’ bɨtt i uʒ’a,141
и,6,i,и,Переведенный корпус,tel’e eeltnet nɨm’m’pe red’d’en’ rɨnnte i nuut’ k’eez’et k’iid’eguejm ele že eexxt olme veensen nuur’e vokgoarre nuehta a kut’es’ kut’ kuuxxt oollme kut’ p’iirаs nuut’ čoovvgev,141
и,6,i,и,Переведенный корпус,poov k’ež’ av’det i valat kul’e veennse,141
и,6,i,и,Переведенный корпус,tel’l’ nuut’ pɨjet veennse i suggev kuel’l’e šɨl’l’e mudda sajja,141
и,6,i,и,Переведенный корпус,nuut’et kooxxt jaav’res nɨt’t’e i joks,141
и,6,i,и,Переведенный корпус,i nɨd’d’ pradalžaetsa kaaždɨ eeg’en’ raaznɨ p’iirras raaznɨ sajen šel’l’ev kuul’e,141
и,6,i,и,Переведенный корпус,kɨdda pueddev ɲuvč čueɲɲe i mudda loond,141
и,6,i,и,Переведенный корпус,i kɨdda asob’ena maajj maanes’ meennev ab’r’ kɨddaab’r’,141
и,6,i,и,Переведенный корпус,p’eejva l’eev što al’mes’ kopč(e)neddev peevl p’eejjv kues’s’ ejj vuaj meenne ab’b’r’ ab’b’r’ ejj vuaj i veeʒ a vuajj prosta meenne i veeʒ,141
и,6,i,и,Переведенный корпус,p’eejva l’eev što al’mes’ kopč(e)neddev peevl p’eejjv kues’s’ ejj vuaj meenne ab’b’r’ ab’b’r’ ejj vuaj i veeʒ a vuajj prosta meenne i veeʒ,141
и,6,i,и,Переведенный корпус,muddavuer kuu žor p’eejve l’eev ab’r’ meennev i b’eda redka k’ees’s’a muddavuer tol’ka men(a)s veeʒ,141
и,6,i,и,Переведенный корпус,saam saarnev što nim’b’ aavgustes puadd kuevs i čɒɒhpes’ j’eer‘g lɒɒgas k’iin’n’t’e,141
и,6,i,и,Переведенный корпус,p’eervi veeze pɨjj sun’n’t’ad tell pɨjj tell avda pɨjj i tɒɒjv maŋŋa pɨjj ja’vr i joge lɒɒnd аl’gev milgnes kal’l’me,141
и,6,i,и,Переведенный корпус,p’eervi veeze pɨjj sun’n’t’ad tell pɨjj tell avda pɨjj i tɒɒjv maŋŋa pɨjj ja’vr i joge lɒɒnd аl’gev milgnes kal’l’me,141
и,6,i,и,Переведенный корпус,soonn puadd m’eer(e) gor’r’en i pɨht keelmas ɲues’s’ jeerg,141
и,6,i,и,Переведенный корпус,jav’r’ i vuaja pugg kal’l’mev,141
и,6,i,и,Переведенный корпус,taal’l’va veеʒ bɨvaet keess’em i bɨvaet i čovta keessem nu t’eennet kuuddlag’g’ keǯǯemlag’g’ sajn’tim’eetrav,141
и,6,i,и,Переведенный корпус,taal’l’va veеʒ bɨvaet keess’em i bɨvaet i čovta keessem nu t’eennet kuuddlag’g’ keǯǯemlag’g’ sajn’tim’eetrav,141
и,6,i,и,Переведенный корпус,čeares tenn veeze kon pɨjet čeexxčа ted veeʒ pukk b’eda l’ii roovas i čaares vesenom taal’l’va mennev paje al’m’ al’m’,141
и,6,i,и,Переведенный корпус,taal’l’va / taal’l’va veeʒ l’ii b’eda mooǯe i vaar’es’ l’ii b’eda mooǯe,141
и,6,i,и,Переведенный корпус,l’eev nu mugga p’r’im’eetav kojt m’iil’d’es i vuejjev c’eel̥’l̥’k’e,141
и,6,i,и,Переведенный корпус,no(o) mudda vuer vuejjev i jev toočna / no(o) vesenom vuejjev c’eel̥’l̥’k’e,141
и,6,i,и,Переведенный корпус,vuus’ ɲues’s’ jeer’r’k’e puuʒe / čuez b’eda čofta s’iirran i b’eda čofta puuʒe karrev,141
и,6,i,и,Переведенный корпус,pɒstxet’ koogg l’eev čuuʒes’ b’eda bɨdd jenna vaan’n’c’e i čuuʒe kooppče eft sajja,141
и,6,i,и,Переведенный корпус,i kuu ɒnadd koollse vuejke,141
и,6,i,и,Переведенный корпус,tenn soonn v’aarr koošškad i koollset’ lɨhk nɨt’t’ kooxxt son’n’e bɨdd,141
и,6,i,и,Переведенный корпус,a mudda a lɨhkev kuk’a el’e an’exa k’iihčev kooxxt iiž’es’ rooŋ’ŋ’k’ i meenn kugga bɨdd,141
и,6,i,и,Переведенный корпус,k’eev’l’ vuejet lɨhke i p’ees’s’ muures’t’,141
и,6,i,и,Переведенный корпус,suem’p’ k’aaǯ’a kooret naak’ štobe l’aahč štobi vuajehček oojjke k’iid’ i l’aahč š’iiγ’ čuujjke,141
и,6,i,и,Переведенный корпус,i kues’s’ čuujjklet’ štobi soonn l’aahč soonen’ l’aahč š’iiγ’ čuujjke,141
и,6,i,и,Переведенный корпус,p’ees’s’ muur raadet mugga štobi soonn ejj vuajče muurrtje l’aahč bi rɒvas ja muulehče jeenne vuek’s’ i ejj sojnehče,141
и,6,i,и,Переведенный корпус,vɨjem puuʒet mɨjj vɒɒl’d’em p’eerg m’il’l’d’e maal’c’et p’imat’ tobɨrket saav’ex’et poolxet’ saallvas koompas t’etradet’ fataparaat ɒɒkše i vɨjjl’em čiirre,141
и,6,i,и,Переведенный корпус,ɒd’d’emvuajvas mɨjj l’iijem i l’iijem vel šuurr ur’d’es,141
и,6,i,и,Переведенный корпус,sijd’es’ m’iinet pood’d’en pravažat jeen’ až’ i v’iil’j tɒɒvvrež vuep’s’ej i mudda oollme,141
и,6,i,и,Переведенный корпус,sijd’es’ m’iinet pood’d’en pravažat jeen’ až’ i v’iil’j tɒɒvvrež vuep’s’ej i mudda oollme,141
и,6,i,и,Переведенный корпус,l’aajj b’eda v’ees’s’el’ i š’iig vɨjem,141
и,6,i,и,Переведенный корпус,tes’t’ ufšten geagraafe munn rɒst mɒɒj(n)se parnat pugg čaar bajas kooxxt ad’d’ izmen’iilsa čaarr tejja ɨg’e kooxxt jeel’ešued’d’eš per’a i tag daale,141
и,6,i,и,Переведенный корпус,parna i n’iijde k’eeresel’l’en s’iijnen jornen,141
и,6,i,и,Переведенный корпус,poorem tes’t’ mɨjj vuudem i iinca k’aassedem,141
и,6,i,и,Переведенный корпус,kast’umčiket v’iil’l’g’es roovašket mooǯes plaat’jat i jeekna kopčenedem iiǯan škoola enternaahte v’ees’s’lušše,141
и,6,i,и,Переведенный корпус,i tenn v’eečres kuu l’aajj kug’g’ meene m’iine b’eda mooǯten’n’e,141
и,6,i,и,kld_txt_Genetz1891,čaaʒ'jelle puude(j) t’iiŋ’ke(j)t i pɨt’e saaml’eɲče kab’b’er' sɨz lɨške(j) kab’b’er' lak’ šante,141
и,6,i,и,kld_txt_Genetz1891,taall muursoane(j)t’ i k’aass,141
и,6,i,и,kld_txt_Genetz1891,ja kuajves’ i mur’t’e,141
и,6,i,и,kld_txt_Itkonen1931_6_page254,i v’eer̥c sɨz coag’e,141
и,6,i,и,Переведенный корпус,i vaa(l’)l’t’ n’ik’ee soon meer’r’e,141
и,6,i,и,Переведенный корпус,i vaa(l’)l’t’ n’ik’ee mun meer’r’e,141
и,6,i,и,kld_txt_KarNC_deers,sɨjj jiil’l’en’ puuʒet’ pɨɲɲen’ i tel’ meenn k’eez’ kɨd kuun’t’x’ev i čeexxča kooppčev,141
и,6,i,и,kld_txt_KarNC_deers,sɨjj jiil’l’en’ puuʒet’ pɨɲɲen’ i tel’ meenn k’eez’ kɨd kuun’t’x’ev i čeexxča kooppčev,141
и,6,i,и,kld_txt_KarNC_deers,i kolxozes’ vuajj j’eel’le,141
и,6,i,и,kld_txt_KarNC_wedding_pt2,ɒrseg’g’e vɨs’te an’ soonn luej̥j̥k i prɒššed num’b’es’gueim k’eegg soost l’eev,141
и,6,i,и,kld_txt_KarNC_wedding_pt2,i vot mɨjj pud’em zamorskoj kupca pugg l’eev kebtuvvma,141
и,6,i,и,kld_txt_KarNC_wedding_pt2,i tel’ pugg l’ii,141
и,6,i,и,kld_txt_Kert1961_byl_o_ljajne,jebb̭e linč uinma L’ain dak tɛl’ sonn i li”,141
и,6,i,и,kld_txt_Kert1961_byl_o_ljajne,i ɛl’ki͔ sinɛt˙ kån’n’tɛ,141
и,6,i,и,kld_txt_Kert1961_byl_o_ljajne,i joddɛi akes’ odzɛ,141
и,6,i,и,kld_txt_Kert1961_byl_o_ljajne,i kas’t˙ rucɛt˙ kåvvn,141
и,6,i,и,kld_txt_Kert1961_byl_o_ljajne,tɛit i kånnt,141
и,6,i,и,kld_txt_Kert1961_byl_o_ljajne,i sama jenmus tōл pul’l’ɐv suллɛs’,141
и,6,i,и,kld_txt_Kert1961_jeerrkja_oollmej_bajas,n’iijjt vɨjte olkes i saarrn,141
и,6,i,и,kld_txt_Kert1961_jeerrkja_oollmej_bajas,i tes’t’ šeende šuurr šeeŋŋ,141
и,6,i,и,kld_txt_Kert1961_jeerrkja_oollmej_bajas,i tedd šeeŋŋ jod’e koollm p’eejv nɨd’d’ što ejj kuessteɲč ɲim’ii,141
и,6,i,и,kld_txt_Kert1961_jeerrkja_oollmej_bajas,kues’s’ meene koollm p’eejv i šeeŋŋ vɒɒze i pugg oollme ujnsen’ što kaasska jaav’r ɒrr k’eed’k suel,141
и,6,i,и,kld_txt_Kert1961_jeerrkja_oollmej_bajas,kues’s’ meene koollm p’eejv i šeeŋŋ vɒɒze i pugg oollme ujnsen’ što kaasska jaav’r ɒrr k’eed’k suel,141
и,6,i,и,kld_txt_Kert1961_jeerrkja_oollmej_bajas,i kues’s’ vɨjjev raj tenn suel a al’l’t soon jev meen,141
и,6,i,и,Переведенный корпус,kaallas ujnev čeed c’iig i kultlev kooxxt sonn luvtaj ja saarrn nɨd’d’ ruahč[15] jes’k’e jeem’m’n’e kɨr’r’t’,141
и,6,i,и,kld_txt_Kert1961_pro_vorona_tulena_i_dikogo_olena,kaallsenč ejj t’iid’ mene i poorre,141
и,6,i,и,kld_txt_Kert1961_pro_vorona_tulena_i_dikogo_olena,iiǯ’ l’aajj kɒn’n’t’ i paz’eht kɒn’t’ tuul’jes’,141
и,6,i,и,kld_txt_Lehtiranta_1_r’iim’ɲ_moajnas,taall poore saahp’p’l’iŋ’ga i evdas vaan’n’ʒel,141
и,6,i,и,kld_txt_Lehtiranta_1_r’iim’ɲ_moajnas,i kaaǯ(’)ǯ(’),141
и,6,i,и,kld_txt_Lehtiranta_1_r’iim’ɲ_moajnas,taall kuun’d(‘)e muure(j)d i pooɲe p’aasstaγed,141
и,6,i,и,kld_txt_Lehtiranta_1_r’iim’ɲ_moajnas,taall pugg lɨgge i saarrn,141
и,6,i,и,kld_txt_Lehtiranta_1_r’iim’ɲ_moajnas,r’iimmɲ por’de eele muure(j)d i saarrn,141
и,6,i,и,kld_txt_Lehtiranta_1_r’iim’ɲ_moajnas,taall lɨggest i saarrn,141
и,6,i,и,kld_txt_Lehtiranta_1_r’iim’ɲ_moajnas,s’eejjb i saarrn,141
и,6,i,и,kld_txt_Lehtiranta_1_r’iim’ɲ_moajnas,mun(n) i tuun(e) rast rɒd’d’(e)jam,141
и,6,i,и,kld_txt_Lehtiranta_1_r’iim’ɲ_moajnas,i r’iim’ɲ moajnas puẟ’ej,141
и,6,i,и,kld_txt_Lehtiranta_2_r’iim’ɲ_i_taale_moajnas,kaal’l’es jeeske(j) i moac’e(j),141
и,6,i,и,kld_txt_Lehtiranta_2_r’iim’ɲ_i_taale_moajnas,pɨje(j) maŋ’ŋ’k’eer’r’sa i vujjel,141
и,6,i,и,kld_txt_Lehtiranta_2_r’iim’ɲ_i_taale_moajnas,vuaggel i k’iičnadd,141
и,6,i,и,kld_txt_Lehtiranta_2_r’iim’ɲ_i_taale_moajnas,i kaccnen,141
и,6,i,и,kld_txt_Lehtiranta_2_r’iim’ɲ_i_taale_moajnas,i čuš’š’ pes’te(j) muur’r’e,141
и,6,i,и,kld_txt_Lehtiranta_2_r’iim’ɲ_i_taale_moajnas,i iiǯ’ǯ’ jaall,141
и,6,i,и,kld_txt_Lehtiranta_2_r’iim’ɲ_i_taale_moajnas,puud’d’en sun’n’e ɲuem’m’el i taall i k’eet’t’k kuessa i k’eeǯ’ǯ’ev,141
и,6,i,и,kld_txt_Lehtiranta_2_r’iim’ɲ_i_taale_moajnas,puud’d’en sun’n’e ɲuem’m’el i taall i k’eet’t’k kuessa i k’eeǯ’ǯ’ev,141
и,6,i,и,kld_txt_Lehtiranta_2_r’iim’ɲ_i_taale_moajnas,puud’d’en sun’n’e ɲuem’m’el i taall i k’eet’t’k kuessa i k’eeǯ’ǯ’ev,141
и,6,i,и,kld_txt_Lehtiranta_2_r’iim’ɲ_i_taale_moajnas,taall k’eet’t’k i ɲuem’m’el saarrnev,141
и,6,i,и,kld_txt_Lehtiranta_2_r’iim’ɲ_i_taale_moajnas,i jel’l’e lɨggxelle s’eejpe(j)tant,141
и,6,i,и,kld_txt_Lehtiranta_2_r’iim’ɲ_i_taale_moajnas,tanna kuul’l’ paramp puadd i ɲaaʒʒ,141
и,6,i,и,kld_txt_Lehtiranta_2_r’iim’ɲ_i_taale_moajnas,taall i k’eet’t’k i ɲuem’m’el ɒrrguud’d’en,141
и,6,i,и,kld_txt_Lehtiranta_2_r’iim’ɲ_i_taale_moajnas,taall i k’eet’t’k i ɲuem’m’el ɒrrguud’d’en,141
и,6,i,и,kld_txt_Lehtiranta_2_r’iim’ɲ_i_taale_moajnas,oorren oorren i r’iim’m’ɲ c’aal̥l̥k,141
и,6,i,и,kld_txt_Lehtiranta_3_kɒn’t’_moajnas,i saarrn aakkas,141
и,6,i,и,kld_txt_Lehtiranta_3_kɒn’t’_moajnas,telagast l’ii jeennsant ɲiɲɲč i num’m’p,141
и,6,i,и,kld_txt_Lehtiranta_3_kɒn’t’_moajnas,kueddaj tun’n’e kooɲɲčkuun’n’ i kooɲɲčtuul’l’j,141
и,6,i,и,kld_txt_Lehtiranta_3_kɒn’t’_moajnas,tɒge ša i mun(n) vɨlgam vuaggeẟ,141
и,6,i,и,kld_txt_Lehtiranta_3_kɒn’t’_moajnas,i jeel’(e),141
и,6,i,и,kld_txt_Lehtiranta_3_kɒn’t’_moajnas,i kaažne lestest i kaažne m’iisstegest peel(e),141
и,6,i,и,kld_txt_Lehtiranta_3_kɒn’t’_moajnas,i kaažne lestest i kaažne m’iisstegest peel(e),141
и,6,i,и,kld_txt_Lehtiranta_3_kɒn’t’_moajnas,i k’iične(ẟ),141
и,6,i,и,kld_txt_Lehtiranta_3_kɒn’t’_moajnas,kas’t i koon m’iissteg tuug’g’en’ eellmoollme paar’r’n tuun(en) šɨll,141
и,6,i,и,kld_txt_Lehtiranta_3_kɒn’t’_moajnas,i kɒn't cueɲɲčmeɲč oš’eestken,141
и,6,i,и,Переведенный корпус,n’iijta bajas i muuɲ bajas,141
и,6,i,и,Переведенный корпус,a l’aajj n’iijta v’aal uc’c’ i ejj šɨl̥kxa n’imeenn lɨhke,141
и,6,i,и,Переведенный корпус,rɒdne n’iijtes’ meenn ejj lɨk soon paje pueraht a n’iijjtb’eel’l’ xošš i pugg per̥t m’iil’l’te lɨke jeen’n’b’eel’l’ soonen’ paje ɒr̥r̥tedd ja cele p’iijve m’iil’l’te ševraht,141
и,6,i,и,Переведенный корпус,a n’iijjtb’eel’l’ l’aajj i kaasven’ mooǯe i lɨhk’eš d’i m’iillves’,141
и,6,i,и,Переведенный корпус,a n’iijjtb’eel’l’ l’aajj i kaasven’ mooǯe i lɨhk’eš d’i m’iillves’,141
и,6,i,и,Переведенный корпус,i nɨd’d’ sɨjj jiil’l’en’ jeen’n’b’eel’l’ n’iijten’es’ eft vued’d’en’ ja poorren’ ja ɒrren’ paje k’iide rɨs's't'e ja pɒɒknedden’,141
и,6,i,и,Переведенный корпус,a kaal’l’es’ n’iijjt cele p’eejve m’iil’l’te lɨke sonn i č’aaz’ gɒrre vɒrrad sonn i p’eerk kɨppt i laammpset’ por̥tad i muur’et’ kuennt d’i šeel’d’et’ pass,141
и,6,i,и,Переведенный корпус,a kaal’l’es’ n’iijjt cele p’eejve m’iil’l’te lɨke sonn i č’aaz’ gɒrre vɒrrad sonn i p’eerk kɨppt i laammpset’ por̥tad i muur’et’ kuennt d’i šeel’d’et’ pass,141
и,6,i,и,Переведенный корпус,a kaal’l’es’ n’iijjt cele p’eejve m’iil’l’te lɨke sonn i č’aaz’ gɒrre vɒrrad sonn i p’eerk kɨppt i laammpset’ por̥tad i muur’et’ kuennt d’i šeel’d’et’ pass,141
и,6,i,и,Переведенный корпус,a kaal’l’es’ n’iijjt cele p’eejve m’iil’l’te lɨke sonn i č’aaz’ gɒrre vɒrrad sonn i p’eerk kɨppt i laammpset’ por̥tad i muur’et’ kuennt d’i šeel’d’et’ pass,141
и,6,i,и,Переведенный корпус,jeen’n’p’eel’l’ sernna soon ejj šɒbša i paje jur’te kooxxt bɨ vɨjxe n’iijjtp’eel’ per̥tes’ pɒɒge,141
и,6,i,и,Переведенный корпус,ɨšteht’ iiǯant n’iijt sɒɒne eel ja vɨje vaarra i kuud’e soon tɒge an’ muuɲɲg’en’ kallm čal’m mune jeve kičehče soon eel p’eel’j jeve kullehče soone jiin,141
и,6,i,и,Переведенный корпус,mudda vuer puud’e muuɲekaallsa ja pɨt’e n’iijjta laaj̥et i šuurr ɨš’s’t’e t’iivvt kɒl’eguejm,141
и,6,i,и,Переведенный корпус,mooǯes’ ɒɒsseguejm sonn šende v’aal mooǯ’da i š’iiga,141
и,6,i,и,Переведенный корпус,cɒɒr al’l’k’ sraaze kooxxt ujnes’ n’iijt šɒbšuve son’n’e i c’iil̥’k’e n’iijjta,141
и,6,i,и,Переведенный корпус,n’iijjta paar’r’n’ ponrav’dede i cɒɒr al’l’k’ i kaallsa n’iijjt nɒɒj̥j̥tledden’ i jeel’ešuud’d’en’ š’iiggten’n’e i tenna rajja jeellev i m’iinet’ kuessa kɒhčev,141
и,6,i,и,Переведенный корпус,n’iijjta paar’r’n’ ponrav’dede i cɒɒr al’l’k’ i kaallsa n’iijjt nɒɒj̥j̥tledden’ i jeel’ešuud’d’en’ š’iiggten’n’e i tenna rajja jeellev i m’iinet’ kuessa kɒhčev,141
и,6,i,и,Переведенный корпус,n’iijjta paar’r’n’ ponrav’dede i cɒɒr al’l’k’ i kaallsa n’iijjt nɒɒj̥j̥tledden’ i jeel’ešuud’d’en’ š’iiggten’n’e i tenna rajja jeellev i m’iinet’ kuessa kɒhčev,141
и,6,i,и,Переведенный корпус,n’iijjta paar’r’n’ ponrav’dede i cɒɒr al’l’k’ i kaallsa n’iijjt nɒɒj̥j̥tledden’ i jeel’ešuud’d’en’ š’iiggten’n’e i tenna rajja jeellev i m’iinet’ kuessa kɒhčev,141
и,6,i,и,Переведенный корпус,n’iijjta paar’r’n’ ponrav’dede i cɒɒr al’l’k’ i kaallsa n’iijjt nɒɒj̥j̥tledden’ i jeel’ešuud’d’en’ š’iiggten’n’e i tenna rajja jeellev i m’iinet’ kuessa kɒhčev,141
и,6,i,и,Переведенный корпус,kaallsa nɨd'd' i lɨgge,141
и,6,i,и,Переведенный корпус,tes't i moajjnse k'eeǯ,141
и,6,i,и,Переведенный корпус,maŋŋa sɨjj n’iijpen’ rɨnnte i s’iireškudden’,141
и,6,i,и,Переведенный корпус,paar’r’n k’iičes’t’ tooge i mudda goarra k’iihč’ što viiǯed el’l’a kooz,141
и,6,i,и,Переведенный корпус,sonn val’d’e samastr’eles’ pɨje n’ul i tɨvvluve r’eešškled,141
и,6,i,и,Переведенный корпус,a nɨm’p’ puadd i vuejj i šurnant paar’n’ eel štɒ munn puada toon konta men guejka most tovruž kon’tex,141
и,6,i,и,Переведенный корпус,a nɨm’p’ puadd i vuejj i šurnant paar’n’ eel štɒ munn puada toon konta men guejka most tovruž kon’tex,141
и,6,i,и,Переведенный корпус,paar’r’n’ ap’et samastr’eles’ pejjel’ n’ul i nɨm’p r’eškel’,141
и,6,i,и,Переведенный корпус,i tedd jore luuv’t’ al’n ersajje,141
и,6,i,и,Переведенный корпус,tel’ i v’iž’e narot pugg vuessta,141
и,6,i,и,Переведенный корпус,tel’ sug’g’eš i el’k’en’ s’in’et’ ar’jeguejm taagge(d),141
и,6,i,и,Переведенный корпус,i k’eelteguejm di pugg vessten’,141
и,6,i,и,Переведенный корпус,nu vot i vuul’l’k’en’,141
и,6,i,и,Переведенный корпус,i saarrn,141
и,6,i,и,Переведенный корпус,tegg jev k’iršen’č vel’l’jen’ i rostak tvoju,141
и,6,i,и,Переведенный корпус,sonn viireš’t’ udd puul’l’ej vilka oojk’e n’aallma i tejn roahpad,141
и,6,ja,я,kld_SAM_SG_map_20230815,ja puadax,137
и,6,ja,я,kld_SAM_SG_map_20230815,ja meenne,137
и,6,ja,я,kld_SAM_SG_map_20230815,vaal’l’te ja ujjte,137
и,6,ja,я,kld_SAM_SG_map_20230815,jog m’iil’l’te ja jɒdjax,137
и,6,ja,я,kld_SAM_SG_map_20230815,meej(t)laan’č ejj t’eeddma ja meene,137
и,6,ja,я,kld_SAM_SG_map_20230815,ja juul’g’ sost,137
и,6,ja,я,Переведенный корпус,veenses čaс’k’et jaakr ja nuut’ tuubet n’eskol’ka raaz,137
и,6,ja,я,Переведенный корпус,no p’ervimi pueddev ɲuvč ja čueɲɲe ja cizga rušas son kаǯet ‘punačka’,137
и,6,ja,я,Переведенный корпус,no p’ervimi pueddev ɲuvč ja čueɲɲe ja cizga rušas son kаǯet ‘punačka’,137
и,6,ja,я,Переведенный корпус,nu vot nap’r’im’eer / vot kooxxt / jesl’e m’eer gor’r’en’ kas’s’ puadd tav(’)v(’)al p’iiŋŋk / pɨjjen’ s’eenkes’ peevl l’ee∅ / to saam’ saarrnev što l’aaɲč tav(’)v(’)al p’iiŋŋg ja ɲues’s’ jeerrk / vuajj pued’d’e c’iigg jeerrk,137
и,6,ja,я,Переведенный корпус,lɨgget’ koollset ood’a ja kuk’a m’etrav t’een’n’et’ n’eel’l’j vɨdd,137
и,6,ja,я,Переведенный корпус,p’ees’s’ muur raadet mugga štobi soonn ejj vuajče muurrtje l’aahč bi rɒvas ja muulehče jeenne vuek’s’ i ejj sojnehče,137
и,6,ja,я,Переведенный корпус,kues’s’ koollas ja saav’ex’ l’eev lɨhkma olma kuu šɒbašt m’aahca soonn čuejjk s’iineguejm b’eda udlen’n’e,137
и,6,ja,я,Переведенный корпус,meenn sɒɒnes kuuht jeer’g’ jɒd’exen’ p’eerg ja saav’ex’et koogg l’iijem koorrma saallvas sɨz’z’en’,137
и,6,ja,я,Переведенный корпус,ɨštem sɒɒneel ja vɨjjl’em,137
и,6,ja,я,Переведенный корпус,puuʒet pugg kornem ja ɨldem tool ja al’g’em aavvde čaaj činne p’eerg,137
и,6,ja,я,Переведенный корпус,puuʒet pugg kornem ja ɨldem tool ja al’g’em aavvde čaaj činne p’eerg,137
и,6,ja,я,Переведенный корпус,kɨp’t’em uttet kɨp’t’em utt tuul’xem čaaj poorem ja jorem vued’d’e,137
и,6,ja,я,Переведенный корпус,pugg maal’c’eguejm eel vel kolek’eegg cɒɒg’g’en saav’ex’et doobrat ja vuud’d’en b’eda š’iiggten’n’e,137
и,6,ja,я,Переведенный корпус,ja tel’e čuujjglem puudem tenn sajja kas’s’ mɨjj l’iijem kuedda sɒɒn puuʒe ja lɨlmɨ pɒp činnen mɨjje vkuusnɨ p’eerg,137
и,6,ja,я,Переведенный корпус,ja tel’e čuujjglem puudem tenn sajja kas’s’ mɨjj l’iijem kuedda sɒɒn puuʒe ja lɨlmɨ pɒp činnen mɨjje vkuusnɨ p’eerg,137
и,6,ja,я,kld_txt_Genetz1891,aǯes' jennes’ moakksen' moakksen' ja t’eeŋ'k pud'den',137
и,6,ja,я,kld_txt_Genetz1891,vaal'te ɨšte kɒb(e) raabe(j) kab'b'er' pɨjje(j) kuut' juul'k’es' keske ja raajk pukkej kap’p’r’e,137
и,6,ja,я,kld_txt_Genetz1891,iinc'ejk koc'c'ejen kaallaseɲč ja aaka,137
и,6,ja,я,kld_txt_Genetz1891,sonn poage voal'te pampel'es voal'te ja vaan'cel'(e) vaarra koze vuejjv kuent,137
и,6,ja,я,kld_txt_Genetz1891,ja kuajves’ i mur’t’e,137
и,6,ja,я,kld_txt_Itkonen1931_6_page254,voal’l’t’en’ ja koavvn’en’ s’iin’et’ kaallas paar’n’en’es’,137
и,6,ja,я,kld_txt_Itkonen1931_6_page254,ja vaan’n’c’l’e,137
и,6,ja,я,kld_txt_Itkonen1931_6_page254,ja cuer̥’r̥’t’ agga ujjtte,137
и,6,ja,я,kld_txt_KarNC_deers,tel’ l’iijjen’ iižem’ puud’d’en’ ja jeel’eškuud’d’en’,137
и,6,ja,я,kld_txt_KarNC_deers,ja tel’ el’g’em’ pɨɲɲe iiž’a saam’,137
и,6,ja,я,kld_txt_KarNC_deers,jev allka pɨɲɲe ja nɨd’d’ paj jiil’l’eš kolxoz rajja,137
и,6,ja,я,kld_txt_KarNC_deers,kolxoz pel’e ja en’d’e gosudarstve kon’ešno,137
и,6,ja,я,kld_txt_KarNC_deers,ad’d’ l’iijjen’ konešno sɒɒmen’ aǯ’san ja d’eed’san,137
и,6,ja,я,kld_txt_KarNC_deers,puedd paj l'eev v'iilge ja š'iig,137
и,6,ja,я,kld_txt_KarNC_wedding,k’eeǯen’ n’iijtes’t’ ja žen’x’es’t’,137
и,6,ja,я,kld_txt_KarNC_wedding,tel’ puud’d’en ɒšte ja meenn menennemdenneg’e,137
и,6,ja,я,kld_txt_KarNC_wedding,kuennt možet pɨht tam’b’e štof ven’n’e’ ja pɨht čuarb’eel’l’ vueɲɲče,137
и,6,ja,я,kld_txt_KarNC_wedding_pt2,ja tel’ ɨšštev jugge juggev tel’ mɒst vuul’l’k’ev,137
и,6,ja,я,kld_txt_KarNC_wedding_pt2,luuj̥kast ja tel’ pued’d’e,137
и,6,ja,я,kld_txt_KarNC_wedding_pt2,juuggen’ ja vɒɒllen’ l’ekarstvat’ ja c’aal̥l̥k maaxxtgul,137
и,6,ja,я,kld_txt_KarNC_wedding_pt2,juuggen’ ja vɒɒllen’ l’ekarstvat’ ja c’aal̥l̥k maaxxtgul,137
и,6,ja,я,kld_txt_KarNC_wedding_pt2,ja m’ii toost cavvc,137
и,6,ja,я,kld_txt_KarNC_wedding_pt2,sɨjj vɒsʼsʼenʼ tejn ja tel’ evtes’ joddehtenʼ,137
и,6,ja,я,kld_txt_KarNC_wedding_pt2,ja telʼ čaapex kal’l’m’.,137
и,6,ja,я,kld_txt_KarNC_wedding_pt2,ja telʼgesden’n’egʼe čilʼmetʼ vɒsʼsʼenʼ ja telʼ jodʼdʼedde evtes’ pɨtʼtʼe sʼeessa.,137
и,6,ja,я,kld_txt_KarNC_wedding_pt2,ja telʼgesden’n’egʼe čilʼmetʼ vɒsʼsʼenʼ ja telʼ jodʼdʼedde evtes’ pɨtʼtʼe sʼeessa.,137
и,6,ja,я,kld_txt_KarNC_wedding_pt2,nɨšše čil’meguejm ja čontken’ muhctad,137
и,6,ja,я,kld_txt_KarNC_wedding_pt2,vɒɒzen’ čil’met’ ja vɨn’e jugge ja,137
и,6,ja,я,kld_txt_KarNC_wedding_pt2,vɒɒzen’ čil’met’ ja vɨn’e jugge ja,137
и,6,ja,я,kld_txt_KarNC_wedding_pt2,ja tel’ men,137
и,6,ja,я,kld_txt_KarNC_wedding_pt2,ja tel’ pɨrr van’cl’ev,137
и,6,ja,я,Переведенный корпус,n’uvven’ ja kooškten',137
и,6,ja,я,Переведенный корпус,ja vil'ken’,137
и,6,ja,я,Переведенный корпус,ext s'err nɨm'm'p' tɨvnede taallen’ ja el'k'e pl'ass'je.,137
и,6,ja,я,kld_txt_Kert1961_byl_o_ljajne,ja kūl’ nūti,137
и,6,ja,я,kld_txt_Kert1961_byl_o_ljajne,kas’t˙ li L’ain ja man’tɛm’ sonn li?”,137
и,6,ja,я,kld_txt_Kert1961_byl_o_ljajne,pirras pākɛ uītɛ oлkɛs ja påčkɛ,137
и,6,ja,я,kld_txt_Kert1961_byl_o_ljajne,tɛl’ tabɛt˙ ruhcлa jul’kɛn˙ ja c’aḽḽk:,137
и,6,ja,я,kld_txt_Kert1961_byl_o_ljajne,rūc uitɛn˙ akes’ ja mur’r’tɛn˙ kuɛd˙,137
и,6,ja,я,kld_txt_Kert1961_jeerrkja_oollmej_bajas,ja mɒɒjnas pugg,137
и,6,ja,я,Переведенный корпус,eexxt vuerr oollme t'iid'sen' što ruhc puadd kuelnegg čuhpe ja saam’et’ puket’ koan'te,137
и,6,ja,я,Переведенный корпус,ja pɨht’e kuv's' t’iivt veer,137
и,6,ja,я,Переведенный корпус,juug’g’e čer'krɨgge luuhpl’es't’ čuur'v’et' ja pɨht’e mɨn’n’e,137
и,6,ja,я,Переведенный корпус,ad'd' lɨhk’e mɨn'n'e odd kued' ja kaaht’e,137
и,6,ja,я,Переведенный корпус,muur’r’t’e ɲurkem tuurket' ja š’iid’d’e lɒjt kuadda,137
и,6,ja,я,Переведенный корпус,Oalkembel't uks tueg jeg'g'e šuurr keelten’ ja karvul'l'e mune kuuht'e kaalse koolmet' sutket',137
и,6,ja,я,Переведенный корпус,kaallas ujnev čeed c’iig i kultlev kooxxt sonn luvtaj ja saarrn nɨd’d’ ruahč[15] jes’k’e jeem’m’n’e kɨr’r’t’,137
и,6,ja,я,kld_txt_Kert1961_nuemmel_piras,kal'l'es' jall pere n'uezel't pejjel' p’eejv' ja pejjel’ p’eejv' š’iigten’n’e.,137
и,6,ja,я,kld_txt_Kert1961_nuemmel_piras,ja p’ehctuer’v pornen’ l’eejp axxtan,137
и,6,ja,я,kld_txt_Kert1961_nuemmel_piras,ja ujte olmet’ gråbbe.,137
и,6,ja,я,kld_txt_Kert1961_pro_vorona_tulena_i_dikogo_olena,ja vel’k’e puarsamus n’iijda kuessa,137
и,6,ja,я,kld_txt_Kert1961_pro_vorona_tulena_i_dikogo_olena,kued al’n’ kuuxxt kaar’nes’ al’ka kiersellev ja luuvvtjev,137
и,6,ja,я,kld_txt_Kert1961_pro_vorona_tulena_i_dikogo_olena,a m’ii l’ii karnses’t porrmuššen kuem čoajva ja jɒrk kɒmme vuajva,137
и,6,ja,я,kld_txt_Kert1961_pro_vorona_tulena_i_dikogo_olena,ɒres’t ɒres’t ja vaan’n’cel’ kesktamus n’iijjta,137
и,6,ja,я,kld_txt_Kert1961_pro_vorona_tulena_i_dikogo_olena,al’tla puud’e ujjn kuuht nuer’j al’ka kuedes’t valas k’irsellev ja xur’g’sev,137
и,6,ja,я,kld_txt_Kert1961_pro_vorona_tulena_i_dikogo_olena,nuer’j poorrem luus kus’k’ ja jug’g’enalšem kuul’ raašk no per’a meenn karnses’t,137
и,6,ja,я,kld_txt_Kert1961_pro_vorona_tulena_i_dikogo_olena,tes’t kalsenč vuud’e nɨm’m’p ɨj ja kualmant p’eejv’ vaan’n’cel’ nuurmuss n’iijjtas kuessa,137
и,6,ja,я,kld_txt_Kert1961_pro_vorona_tulena_i_dikogo_olena,kɒn’n’t’ ɒrex’ ja kɒn’n’t’ vuubr’es’,137
и,6,ja,я,kld_txt_Kert1961_pro_vorona_tulena_i_dikogo_olena,ja čelma čuurvedes’guejm saar’k’sev,137
и,6,ja,я,kld_txt_Kert1961_pro_vorona_tulena_i_dikogo_olena,ujnsen aajjes’ pueddem karsen kued’ luz ja xoŋkerguud’d’en’,137
и,6,ja,я,kld_txt_Kert1961_pro_vorona_tulena_i_dikogo_olena,paaštguud’e ja kɨptguud’e vuenč,137
и,6,ja,я,kld_txt_Kert1961_pro_vorona_tulena_i_dikogo_olena,ja kɒmmel’ n’iijtes’ š’iidenč sajja,137
и,6,ja,я,kld_txt_Kert1961_pro_vorona_tulena_i_dikogo_olena,jeenne poore puujt ja vuenč,137
и,6,ja,я,kld_txt_Kert1961_pro_vorona_tulena_i_dikogo_olena,ja kɒdes’t poššemb’alla kued’,137
и,6,ja,я,kld_txt_Kert1961_pro_vorona_tulena_i_dikogo_olena,ja tuul’j l’ii končma,137
и,6,ja,я,kld_txt_Kert1961_pro_vorona_tulena_i_dikogo_olena,ja eellm ollma leeg eps’e,137
и,6,ja,я,kld_txt_Kert1961_pro_vorona_tulena_i_dikogo_olena,ja n’učkej tuaras’(t) ken’ce p’alpend,137
и,6,ja,я,kld_txt_Kert1961_pro_vorona_tulena_i_dikogo_olena,luuj̥ke ja eženes’ jɒddseleškud’e,137
и,6,ja,я,kld_txt_Kert1961_pro_vorona_tulena_i_dikogo_olena,ja vɨjjl’en’ až’es’ kuadda,137
и,6,ja,я,kld_txt_Kert1961_rybolovstvo_20210223,nuut' oolkes k'iis's'eš veennse ja suldeš'[a] loahpket',137
и,6,ja,я,kld_txt_Kert1961_rybolovstvo_20210223,ja allk luuš'š'te nɨm'm'p' p'eel' nuut',137
и,6,ja,я,kld_txt_Kert1961_rybolovstvo_20210223,ja tel' sugg rɨnnte,137
и,6,ja,я,kld_txt_Kert1961_rybolovstvo_20210223,vaallt nuur' k'eeǯ' k'aass ja voanncat nostem luz nuut' p'eel',137
и,6,ja,я,kld_txt_Kert1961_rybolovstvo_20210223,ja eel'l'ken' nuut' poon'n'e,137
и,6,ja,я,kld_txt_Kert1961_rybolovstvo_20210223,kues's' nuut' veennse pɨjjen' nuur'et' ja k'iivtet' moannen',137
и,6,ja,я,kld_txt_Kert1961_rybolovstvo_20210223,sɨjj voal'l'ten' taahkta oakkše nɨjp skoba ja v'eer̥cet',137
и,6,ja,я,kld_txt_Kert1961_rybolovstvo_20210223,ja eel’l’ken' paar̥ket' skoban kaar'r'te ja nɨjpen' vuullе,137
и,6,ja,я,kld_txt_Kert1961_rybolovstvo_20210223,ja eel’l’ken' paar̥ket' skoban kaar'r'te ja nɨjpen' vuullе,137
и,6,ja,я,kld_txt_Kert1961_rybolovstvo_20210223,ja jɒddjen' moaze,137
и,6,ja,я,kld_txt_Kert1961_rybolovstvo_20210223,ja pɨjjen' tool,137
и,6,ja,я,kld_txt_Kert1961_rybolovstvo_20210223,ja pɨjjen' k'eemmna,137
и,6,ja,я,kld_txt_Kert1961_rybolovstvo_20210223,ja pɨjjen' p’ik'k',137
и,6,ja,я,kld_txt_Kert1961_rybolovstvo_20210223,ja maŋŋa tenn puk tuullt'ehten',137
и,6,ja,я,kld_txt_Kert1961_rybolovstvo_20210223,ja eennten' son'n'e jaam’m’de,137
и,6,ja,я,Пkld_txt_Kert1961_suška škur,olme vaallt tuul’j ja kɒmmset’ leevlaht ja pɨjj koošškte,137
и,6,ja,я,Пkld_txt_Kert1961_suška škur,olme vaallt tuul’j ja kɒmmset’ leevlaht ja pɨjj koošškte,137
и,6,ja,я,Пkld_txt_Kert1961_suška škur,tuul’j al’n’ vuajj vued’d’e il’i kuarre maal’c’et’ ja rɒvvet’ a kɒmmsen’ kuaret’ tubɨrket’ p’imat’ buurket’,137
и,6,ja,я,kld_txt_Lehtiranta_1_r’iim’ɲ_moajnas,taall vaal’de r’iim’ɲ ja kuun’n’d(‘)kuuδ’e,137
и,6,ja,я,kld_txt_Lehtiranta_1_r’iim’ɲ_moajnas,taall poore ɲuem’m’(e)l(‘)a ja evdas kuun’n’dxuuδ’e r’iim’ɲ(e),137
и,6,ja,я,kld_txt_Lehtiranta_1_r’iim’ɲ_moajnas,bɨdd kuun’n’de(ẟ) jeenna muurre ja p’aasstaγe(j)d bed pooɲ(e)[f],137
и,6,ja,я,kld_txt_Lehtiranta_1_r’iim’ɲ_moajnas,ja taall kɒmmel,137
и,6,ja,я,kld_txt_Lehtiranta_1_r’iim’ɲ_moajnas,r’iimmɲ puelle(h)t koattkse(j)d ja saarrn,137
и,6,ja,я,kld_txt_Lehtiranta_1_r’iim’ɲ_moajnas,toolest s’eel’l’g puul’l’eškuud’e ja saarrn,137
и,6,ja,я,kld_txt_Lehtiranta_1_r’iim’ɲ_moajnas,r’iimmɲ vuul’ge vaarra karrel ja saarrn,137
и,6,ja,я,kld_txt_Lehtiranta_2_r’iim’ɲ_i_taale_moajnas,no taall k’eet’t’k ja ɲuem’m’el oorren oorren,137
и,6,ja,я,kld_txt_Lehtiranta_2_r’iim’ɲ_i_taale_moajnas,ten(n) kuejjke l’ii taalest ja k’eet’kest ja ɲuem’m’lest vuen’ex s’eejjp čte s’eejp kuedd(e)jen jaavvra,137
и,6,ja,я,kld_txt_Lehtiranta_2_r’iim’ɲ_i_taale_moajnas,ten(n) kuejjke l’ii taalest ja k’eet’kest ja ɲuem’m’lest vuen’ex s’eejjp čte s’eejp kuedd(e)jen jaavvra,137
и,6,ja,я,Переведенный корпус,rɒdne n’iijtes’ meenn ejj lɨk soon paje pueraht a n’iijjtb’eel’l’ xošš i pugg per̥t m’iil’l’te lɨke jeen’n’b’eel’l’ soonen’ paje ɒr̥r̥tedd ja cele p’iijve m’iil’l’te ševraht,137
и,6,ja,я,Переведенный корпус,a tudd n’iijjt l’aajj laaš’š’k ja kapr’izne,137
и,6,ja,я,Переведенный корпус,i nɨd’d’ sɨjj jiil’l’en’ jeen’n’b’eel’l’ n’iijten’es’ eft vued’d’en’ ja poorren’ ja ɒrren’ paje k’iide rɨs's't'e ja pɒɒknedden’,137
и,6,ja,я,Переведенный корпус,i nɨd’d’ sɨjj jiil’l’en’ jeen’n’b’eel’l’ n’iijten’es’ eft vued’d’en’ ja poorren’ ja ɒrren’ paje k’iide rɨs's't'e ja pɒɒknedden’,137
и,6,ja,я,Переведенный корпус,i nɨd’d’ sɨjj jiil’l’en’ jeen’n’b’eel’l’ n’iijten’es’ eft vued’d’en’ ja poorren’ ja ɒrren’ paje k’iide rɨs's't'e ja pɒɒknedden’,137
и,6,ja,я,Переведенный корпус,ejj eesstma sonn xar’a vuel’l’k’te kued’es’ vel’l’ej son’n’e vuessta aahk’ ja el’g’e šume kaallses’ eel,137
и,6,ja,я,Переведенный корпус,ɨšteht’ iiǯant n’iijt sɒɒne eel ja vɨje vaarra i kuud’e soon tɒge an’ muuɲɲg’en’ kallm čal’m mune jeve kičehče soon eel p’eel’j jeve kullehče soone jiin,137
и,6,ja,я,Переведенный корпус,luuj̥j̥knelle ɨšteht’ n’iijtes’ sɒne eel ja vɨjjel’ lɒttkna puuʒje al’n vaarra,137
и,6,ja,я,Переведенный корпус,muuɲkaallsa šɒlšuve taate sonn kaal’l’mde n’iijta da čofta n’iijjt l’aajj š’iig ja mooǯe cɒɒge sonn n’iijjta v’iil’l’k’es’ p’eeck štobɨ ejj kelmče,137
и,6,ja,я,Переведенный корпус,mudda vuer puud’e muuɲekaallsa ja pɨt’e n’iijjta laaj̥et i šuurr ɨš’s’t’e t’iivvt kɒl’eguejm,137
и,6,ja,я,Переведенный корпус,kues’s’ jeen’n’b’eel’l’ ja soon rɒdne n’iijjt kullsen’ tenn bajas sɨjj čofta s’eennden’,137
и,6,ja,я,Переведенный корпус,k’aas’s’et’ sama mooǯes’ ja š’iig puuʒet’ ja vɨge mun n’iijta vaarra ja kuud’e tenn še sajja kooz kuud’d’ex’ iižant n’iijt,137
и,6,ja,я,Переведенный корпус,k’aas’s’et’ sama mooǯes’ ja š’iig puuʒet’ ja vɨge mun n’iijta vaarra ja kuud’e tenn še sajja kooz kuud’d’ex’ iižant n’iijt,137
и,6,ja,я,Переведенный корпус,k’aas’s’et’ sama mooǯes’ ja š’iig puuʒet’ ja vɨge mun n’iijta vaarra ja kuud’e tenn še sajja kooz kuud’d’ex’ iižant n’iijt,137
и,6,ja,я,Переведенный корпус,ɨštet' n'iijt saan eel ja vɨjjel' vaarra,137
и,6,ja,я,Переведенный корпус,ja cɒɒg'e sama moǯes' vaaptek oasset man'te sos l'iijjen',137
и,6,ja,я,Переведенный корпус,tonn mej pueres' čaann eg'g' pɨhta m'iinne lɒj̥et' kɒl'l'et' ja mooǯes' šolk ɒɒsset',137
и,6,ja,я,Переведенный корпус,pɒɒze soon eel keellm vujnegen' ja kallmed soon,137
и,6,ja,я,Переведенный корпус,sonn nɨdd žal'ej ujjne n'iijjtes' kaallsa n'iijt sajes' vapteg ja cɒɒr al'k ahk'en' što lunten' ižes' pɒɒssvudes',137
и,6,kut’,кутҍ,Переведенный корпус,tel’e eeltnet nɨm’m’pe red’d’en’ rɨnnte i nuut’ k’eez’et k’iid’eguejm ele že eexxt olme veensen nuur’e vokgoarre nuehta a kut’es’ kut’ kuuxxt oollme kut’ p’iirаs nuut’ čoovvgev,2
и,6,kut’,кутҍ,Переведенный корпус,tel’e eeltnet nɨm’m’pe red’d’en’ rɨnnte i nuut’ k’eez’et k’iid’eguejm ele že eexxt olme veensen nuur’e vokgoarre nuehta a kut’es’ kut’ kuuxxt oollme kut’ p’iirаs nuut’ čoovvgev,2
и,6,и,и,kld_GGM_SG_map_202308D,ну и jogg kɒllk i paak’ <нрзб> l’eev,8
и,6,и,и,kld_GGM_SG_map_202308D,и ollme jeel’l’ev,8
и,6,и,и,kld_GGM_SG_map_202308D,и činčp’aalla,8
и,6,и,и,kld_SAM_SG_map_20230815,и v’aal l’ii sɨjjt eexxt tes’t,8
и,6,и,и,kld_SAM_SG_map_20230815,и vuajj mudda sajja muaj... vuajj,8
и,6,и,и,kld_SAM_SG_map_20230815,и vuel’kes’b’e(e)l’ v’aal l’aav... l’eev sɨjd,8
и,6,и,и,kld_SAM_SG_map_20230815,и sonn l’aan’č,8
и,6,и,и,kld_SAM_SG_map_20230815,и v’aal l’eev koollm sɨjd,8
и?,1,di,ды,,,1
играть,6,s'iirr,сӣрр,Переведенный корпус,munn l'aa čeehp' s'iirre a tonn pl'as’s'je,1
играть,6,s'irr,сирр,kld_txt_Genetz1891,voal'te(j) s'irre(δ) paarna(j)n' vuejve(j)t’ rɒdd,1
играть,6,siirr,сӣрр,kld_txt_Kert1961_pro_vorona_tulena_i_dikogo_olena,siirrev poššemb’el’t kued’,1
играть,6,sirr,сырр,Переведенный корпус,narod’d’e bɨdd sirred,1
играть,6,s’iire,сӣрэ,Переведенный корпус,maŋŋa sɨjj n’iijpen’ rɨnnte i s’iireškudden’,2
играть,6,s’iire,сӣрэ,Переведенный корпус,s’iireškudden’ d’ii vuajjl’eht’en’,2
играть,6,s’iirr,сӣрр,Переведенный корпус,vuus’ ɲues’s’ jeer’r’k’e puuʒe / čuez b’eda čofta s’iirran i b’eda čofta puuʒe karrev,6
играть,6,s’iirr,сӣрр,Переведенный корпус,soonn s’iirrej jug’g’enalla,6
играть,6,s’iirr,сӣрр,kld_txt_KarNC_wedding,tel’ značit согласились značit svad’ba bɨdd s’iirre,6
играть,6,s’iirr,сӣрр,Переведенный корпус,puarrsamuss al'l'k’ l'ajj čeehp' s’iirre garmon'an’,6
играть,6,s’iirr,сӣрр,Переведенный корпус,s’iirren’ s’iirren’ paar’r’n taabxuve,6
играть,6,s’iirr,сӣрр,Переведенный корпус,s’iirren’ s’iirren’ paar’r’n taabxuve,6
играть.npst.3sg,2,s'err,серр,Переведенный корпус,ext s'err nɨm'm'p' tɨvnede taallen’ ja el'k'e pl'ass'je.,1
играть.npst.3sg,2,s’iirr,сӣрр,kld_txt_KarNC_deers,a čuuʒes’t’ kaažde br’igades’ l’ii rad’iopr’ijomn’ihk’ l’ii s’iirr,1
идти,32,jodd,йёдт,kld_txt_KarNC_wedding_pt2,sɨjj vɒsʼsʼenʼ tejn ja tel’ evtes’ joddehtenʼ,1
идти,32,jodʼdʼ,йёдт,kld_txt_KarNC_wedding_pt2,ja telʼgesden’n’egʼe čilʼmetʼ vɒsʼsʼenʼ ja telʼ jodʼdʼedde evtes’ pɨtʼtʼe sʼeessa.,1
идти,32,jood’,ё̄дҍ,Переведенный корпус,kaallas ujnev čeed c’iig jood’e jeem’m’n’e,1
идти,32,jɒd’d’,йɒдтҍ,kld_SAM_SG_map_20230815,činč(ev)es’b’e(e)l’ valas jɒd’d’e,1
идти,32,man,ман,kld_txt_Genetz1891,tonn mank tun g'ačča jaavr' evvtel' mune,1
идти,32,meen,мэ̄н,kld_SAM_SG_map_20230815,čuekas m’iil’l’te meenax meenax,13
идти,32,meen,мэ̄н,kld_SAM_SG_map_20230815,čuekas m’iil’l’te meenax meenax,13
идти,32,meen,мэ̄н,kld_SAM_SG_map_20230815,veennsen’ meenax,13
идти,32,meen,мэ̄н,kld_SAM_SG_map_20230815,meej(t)laan’č ejj t’eeddma ja meene,13
идти,32,meen,мэ̄н,Переведенный корпус,čuujgem saav’ex’eguejm meenem peejnem m’iilgnes ur’d’eel,13
идти,32,meen,мэ̄н,Переведенный корпус,i tenn v’eečres kuu l’aajj kug’g’ meene m’iine b’eda mooǯten’n’e,13
идти,32,meen,мэ̄н,kld_txt_Genetz1891,meene(j) kuaddas’,13
идти,32,meen,мэ̄н,kld_txt_Genetz1891,meene kuaddas’,13
идти,32,meen,мэ̄н,kld_txt_Genetz1891,meene(j) kued’(e) guurres’,13
идти,32,meen,мэ̄н,kld_txt_KarNC_deers,kolxoz kues’s’gu šende tes’t’ meenn? meenem šendem kolxoz’n’ik,13
идти,32,meen,мэ̄н,kld_txt_KarNC_deers,maŋŋades’t’ daže kolxoz kues’s’ kolxos’s’e ɨštem jeenne ɨg’g’e meene,13
идти,32,meen,мэ̄н,kld_txt_Kert1961_jeerrkja_oollmej_bajas,kues’s’ meene koollm p’eejv i šeeŋŋ vɒɒze i pugg oollme ujnsen’ što kaasska jaav’r ɒrr k’eed’k suel,13
идти,32,meen,мэ̄н,kld_txt_Lehtiranta_2_r’iim’ɲ_i_taale_moajnas,k’eet’kest meene(j) s’eejjp rast,13
идти,32,meen'n',мэ̄ннҍ,kld_txt_Kert1961_rybolovstvo_20210223,meen'n'en',1
идти,32,meenn,мэ̄нн,kld_SAM_SG_map_20230815,tɨjje bɨdd meenne kualmant sɨjjta,18
идти,32,meenn,мэ̄нн,kld_SAM_SG_map_20230815,čuekas m’iil’l’te meenne vuajj meenne,18
идти,32,meenn,мэ̄нн,kld_SAM_SG_map_20230815,kualmant sɨjjta meenne,18
идти,32,meenn,мэ̄нн,kld_SAM_SG_map_20230815,veennsen’ vuajj meenne suull… pɨrr suull,18
идти,32,meenn,мэ̄нн,kld_SAM_SG_map_20230815,ja meenne,18
идти,32,meenn,мэ̄нн,kld_SAM_SG_map_20230815,bɨdd meenne čuekas m’iil’l’te kug’g’,18
идти,32,meenn,мэ̄нн,kld_SAM_SG_map_20230815,tes’t vuajj meenne veennsen’,18
идти,32,meenn,мэ̄нн,kld_SAM_SG_map_20230815,tenn sɨjdes’ bɨdd meenne,18
идти,32,meenn,мэ̄нн,Переведенный корпус,nu sp’erva luuš’t’et saajmet čuallma el’e že ɲɒɒrges tavas kas’s’ kuul’l’ dolžan meenne paal’ bajas paal’ bajas,18
идти,32,meenn,мэ̄нн,Переведенный корпус,i kɨdda asob’ena maajj maanes’ meennev ab’r’ kɨddaab’r’,18
идти,32,meenn,мэ̄нн,Переведенный корпус,p’eejva l’eev što al’mes’ kopč(e)neddev peevl p’eejjv kues’s’ ejj vuaj meenne ab’b’r’ ab’b’r’ ejj vuaj i veeʒ a vuajj prosta meenne i veeʒ,18
идти,32,meenn,мэ̄нн,Переведенный корпус,p’eejva l’eev što al’mes’ kopč(e)neddev peevl p’eejjv kues’s’ ejj vuaj meenne ab’b’r’ ab’b’r’ ejj vuaj i veeʒ a vuajj prosta meenne i veeʒ,18
идти,32,meenn,мэ̄нн,Переведенный корпус,muddavuer kuu žor p’eejve l’eev ab’r’ meennev i b’eda redka k’ees’s’a muddavuer tol’ka men(a)s veeʒ,18
идти,32,meenn,мэ̄нн,kld_txt_Genetz1891,meennen’ kuadda,18
идти,32,meenn,мэ̄нн,kld_txt_Genetz1891,meennen’ p’iillte,18
идти,32,meenn,мэ̄нн,kld_txt_KarNC_wedding_pt2,meennev mɒst tel’ jev kug’g’ tam’p’e ɒres’t’ tel’ pued’d’ev vaal’l’te a soonn c’aal̥l̥k:,18
идти,32,meenn,мэ̄нн,kld_txt_Kert1961_jeerrkja_oollmej_bajas,oollme meennen’ tenn n’iijjta aanne štobe sonn lɨgga(h)č nɨd’d’ kooxxt bɨ ruuce jev p’eezče s’iine gɒrre,18
идти,32,meenn,мэ̄нн,kld_txt_Kert1961_rybolovstvo_20210223,meennen' vaarra,18
идти,32,meenne,мэ̄ннэ,kld_SAM_SG_map_20230815,čuekas m’iil’l’te meenne vuajj meenne,1
идти,32,meen’n’,мэ̄ннҍ,kld_txt_Lehtiranta_2_r’iim’ɲ_i_taale_moajnas,meen’n’en,1
идти,32,men,мэн,Переведенный корпус,muddavuer kuu žor p’eejve l’eev ab’r’ meennev i b’eda redka k’ees’s’a muddavuer tol’ka men(a)s veeʒ,6
идти,32,men,мэн,kld_txt_Genetz1891,sonn paarna mene(j) jaavvra jordan jus't'e kukxel'l'e čaaʒ'jelle,6
идти,32,men,мэн,kld_txt_Genetz1891,egg meneɲe evvtel' mune tax munn poora(m) toone,6
идти,32,men,мэн,kld_txt_Genetz1891,sonn saaml'a paar’r’n’ ɵvvtel’ mene tun g'ačča jaavr,6
идти,32,men,мэн,kld_txt_Genetz1891,mene(j) kuaddas’,6
идти,32,men,мэн,Переведенный корпус,olkes l’iifte c’iigg mene,6
идти,32,menenn,мэнэнн,kld_txt_KarNC_wedding,tel’ puud’d’en ɒšte ja meenn menennemdenneg’e,1
идти,32,menn,мэнн,Переведенный корпус,mennev tɒɒjv šurr ab’r’ a s’eent’aabres akt’aabr maanas a’lg uže pɨjje veeze,2
идти,32,menn,мэнн,Переведенный корпус,čeares tenn veeze kon pɨjet čeexxčа ted veeʒ pukk b’eda l’ii roovas i čaares vesenom taal’l’va mennev paje al’m’ al’m’,2
идти,32,m’eenn,мēнн,Переведенный корпус,čeexxčа b’eda tɒɒjv m’eennev al’m’,1
идти,32,puad,пуад,Переведенный корпус,a nɨm’p’ puadd i vuejj i šurnant paar’n’ eel štɒ munn puada toon konta men guejka most tovruž kon’tex,1
идти,32,puud’,пӯдҍ,kld_txt_Kert1961_pro_vorona_tulena_i_dikogo_olena,kaallsenč puud’e,1
идти,32,vaan’c’,ва̄нҍц,Переведенный корпус,vuulklešuude evdes’ vaan’c’e vaar’ m’iil’l’te n’iijjt el’ge soon moolle štobɨ ejj kuedeče sonn ooxxte vaarra,1
идти,32,vaan’n’c,ва̄ннҍц,kld_txt_Kert1961_pro_vorona_tulena_i_dikogo_olena,ɒres’t ɒres’t ja vaan’n’cel’ kesktamus n’iijjta,4
идти,32,vaan’n’c,ва̄ннҍц,kld_txt_Kert1961_pro_vorona_tulena_i_dikogo_olena,tes’t kalsenč vuud’e nɨm’m’p ɨj ja kualmant p’eejv’ vaan’n’cel’ nuurmuss n’iijjtas kuessa,4
идти,32,vaan’n’c,ва̄ннҍц,kld_txt_Lehtiranta_2_r’iim’ɲ_i_taale_moajnas,vaan’n’cel moast čuukke m’iil’l’te,4
идти,32,vaan’n’c,ва̄ннҍц,kld_txt_Lehtiranta_2_r’iim’ɲ_i_taale_moajnas,vaan’n’cel moast,4
идти,32,vaan’n’c’,ва̄ннҍц,Переведенный корпус,pɒstxet’ koogg l’eev čuuʒes’ b’eda bɨdd jenna vaan’n’c’e i čuuʒe kooppče eft sajja,1
идти,32,vaan’n’ʒ,ва̄нндҍҍж,kld_txt_Lehtiranta_1_r’iim’ɲ_moajnas,taall poore saahp’p’l’iŋ’ga i evdas vaan’n’ʒel,1
идти,32,vil'k,выльк,Переведенный корпус,ja vil'ken’,1
идти,32,voanc’,воанҍц,kld_txt_Kert1961_pro_vorona_tulena_i_dikogo_olena,voanc’e voanc’e ujneškuud’e kued,2
идти,32,voanc’,воанҍц,kld_txt_Kert1961_pro_vorona_tulena_i_dikogo_olena,voanc’e voanc’e ujneškuud’e kued,2
идти,32,voan’n’c’,воаннҍц,Переведенный корпус,sɨjj voan’n’c’en’ voan’n’c’en’,2
идти,32,voan’n’c’,воаннҍц,Переведенный корпус,sɨjj voan’n’c’en’ voan’n’c’en’,2
идти,32,voan’ʒ,воандҍҍж,kld_txt_Lehtiranta_1_r’iim’ɲ_moajnas,voan’ʒe voan’ʒe saarrn,2
идти,32,voan’ʒ,воандҍҍж,kld_txt_Lehtiranta_1_r’iim’ɲ_moajnas,voan’ʒe voan’ʒe saarrn,2
идти,32,vuelg,вуэлг,kld_txt_Lehtiranta_1_r’iim’ɲ_moajnas,munn vuelgam t’eellagas vuer’dessam,2
идти,32,vuelg,вуэлг,kld_txt_Lehtiranta_1_r’iim’ɲ_moajnas,s’eejjbeɲam d’ii s’eejjbeɲam koox’x’t tun(n) vuelgax,2
идти,32,vuel’l’k',вуэлльк,Переведенный корпус,vuur’t’e vuur’t’e až’es’ ejj t’eedda sonn ejj jur’r’t’ma što vuel’l’k'teš soon kaal’l’me vaar’es’,1
идти,32,vuul’g,вӯльг,kld_txt_Lehtiranta_1_r’iim’ɲ_moajnas,taall vuul’ge evdas,2
идти,32,vuul’g,вӯльг,kld_txt_Lehtiranta_1_r’iim’ɲ_moajnas,r’iimmɲ vuul’ge vaarra karrel ja saarrn,2
идти,32,vuul’l’k’,вӯлльк,Переведенный корпус,c’eel̥’l̥’k’ev vuul’l’k’e bedd ooʒe,1
идти,32,vån’c,внҍҍц,kld_txt_Kert1961_byl_o_ljajne,vån’ci͔ pud˙i͔ šur jāvr’ лuz kehč:,1
идти,32,vɒn’c’,воанҍц,kld_txt_Kert1961_pro_vorona_tulena_i_dikogo_olena,vɒn’c’e,1
идти,32,vɒn’c’e,воанҍце,kld_txt_Kert1961_pro_vorona_tulena_i_dikogo_olena,vɒn’c’e,1
идти,32,Кольский,Кольский,Переведенный корпус,jeem’m’n’e mene rast Kul vuun al'l'm и идтиpst.3sg dem2.acc.sg сторонаILL.sg Кольский бухтаacc.sg? ???ill.sg и остановиться???pst.3sg,1
идти.NPST.3SG,2,mann,манн,kld_txt_Genetz1891,sonn mann,2
идти.NPST.3SG,2,mann,манн,kld_txt_Genetz1891,mann,2
идти.NPST.3SG,2,puadd,пуадт,kld_txt_Kert1961_pro_vorona_tulena_i_dikogo_olena,kroŋk kroŋk kroŋk ajja puadd,3
идти.NPST.3SG,2,puadd,пуадт,kld_txt_Kert1961_pro_vorona_tulena_i_dikogo_olena,kroŋk kroŋk kroŋk ajja puadd,3
идти.NPST.3SG,2,puadd,пуадт,kld_txt_Kert1961_pro_vorona_tulena_i_dikogo_olena,kroŋk kroŋk kroŋk ajja puadd,3
идти.imp.sg,1,meen(,мэ̄н(,,,1
идти.npst.3sg,6,jɒdd,йɒдт,kld_GGM_SG_map_202308D,jaav’r’es’ jɒdd jogg pajas,1
идти.npst.3sg,6,jɒdd...,йɒдт...,kld_GGM_SG_map_202308D,sonn тоже jɒdd... kɒllk šuurr javvra,1
идти.npst.3sg,6,maann,ма̄нн,kld_txt_Kert1961_pro_vorona_tulena_i_dikogo_olena,exxte maann kualmant ɨg’g’ nɨmmpa nɨm’m’p’ ɨg’g’,1
идти.npst.3sg,6,mann,манн,Переведенный корпус,ab’b’r l’ii gal nuurr abb’r tedd kues’es b’eda čaaʒ’ veeʒ mann kɨdda,1
идти.npst.3sg,6,puadd,пуадт,kld_txt_Kert1961_pro_vorona_tulena_i_dikogo_olena,hur’gg hur’gg hur’gg ajja puadd hur’gg hur’gg hur’gg ajja puadd,3
идти.npst.3sg,6,puadd,пуадт,kld_txt_Kert1961_pro_vorona_tulena_i_dikogo_olena,xoŋker xoŋker aajja puadd,3
идти.npst.3sg,6,puadd,пуадт,Переведенный корпус,a nɨm’p’ puadd i vuejj i šurnant paar’n’ eel štɒ munn puada toon konta men guejka most tovruž kon’tex,3
идти.npst.3sg,6,vaan’n’c,ва̄ннҍц,Переведенный корпус,jeerka olmanč vaan’n’c joaddsel’ meer’r’e,2
идти.npst.3sg,6,vaan’n’c,ва̄ннҍц,Переведенный корпус,tel’(?) olmanč puadd son’n’e vuessta vaan’n’c,2
идти.npst.cng,2,meen,мэ̄н,kld_txt_Kert1961_jeerrkja_oollmej_bajas,i kues’s’ vɨjjev raj tenn suel a al’l’t soon jev meen,1
идти.npst.cng,2,men,мэн,Переведенный корпус,tedd mudda ejj men karvulle n’ik’ee,1
идти_на_лыжах,3,čuujg,чӯйг,Переведенный корпус,čuujgem saav’ex’eguejm meenem peejnem m’iilgnes ur’d’eel,2
идти_на_лыжах,3,čuujg,чӯйг,Переведенный корпус,čuujgmen’ k’iihčep man’t’e zv’eer l’eev keerrma man’t’esem k’iijje l’eev koonngɒrre l’eev keerrma meenn vuejga,2
идти_на_лыжах,3,čuujjg,чӯййг,Переведенный корпус,a mɨjj čuujjglem saav’ex’eguejm,3
идти_на_лыжах,3,čuujjg,чӯййг,Переведенный корпус,jornev veeʒe k’iištet l’aajj čuujjge k’eeresen ur’d’es saav’ex’et n’ik’ee ejj murda,3
идти_на_лыжах,3,čuujjg,чӯййг,Переведенный корпус,ja tel’e čuujjglem puudem tenn sajja kas’s’ mɨjj l’iijem kuedda sɒɒn puuʒe ja lɨlmɨ pɒp činnen mɨjje vkuusnɨ p’eerg,3
идти_на_лыжах,3,čuujjk,чӯййк,Переведенный корпус,suem’p’ k’aaǯ’a kooret naak’ štobe l’aahč štobi vuajehček oojjke k’iid’ i l’aahč š’iiγ’ čuujjke,4
идти_на_лыжах,3,čuujjk,чӯййк,Переведенный корпус,i kues’s’ čuujjklet’ štobi soonn l’aahč soonen’ l’aahč š’iiγ’ čuujjke,4
идти_на_лыжах,3,čuujjk,чӯййк,Переведенный корпус,i kues’s’ čuujjklet’ štobi soonn l’aahč soonen’ l’aahč š’iiγ’ čuujjke,4
идти_на_лыжах,3,čuujjk,чӯййк,Переведенный корпус,pɨjet nɨt’t’ štobe sɨjj l’iihčen’ seekksem m’eedas tes’t’ vuajj kues’s’ l’eev seekks m’eedas vuajj čuujjke udlen’n’e a kues’s’ pejjne paahka to rueppt seeks ejj jɒdd valas k’irse,4
идти_на_лыжах.npst.3sg,1,čuejjk,чуэййк,,,1
идти_пешком,8,vaan'c,ва̄нҍц,kld_txt_Genetz1891,sonn poage voal'te pampel'es voal'te ja vaan'cel'(e) vaarra koze vuejjv kuent,3
идти_пешком,8,vaan'c,ва̄нҍц,kld_txt_Genetz1891,vaan'cel'(e) v’iil’k’es’ k’eedka kuajjve(δ),3
идти_пешком,8,vaan'c,ва̄нҍц,kld_txt_Genetz1891,dɨ moaze vaan'cel'(e),3
идти_пешком,8,vaanc,ва̄нц,kld_txt_Genetz1891,olmeɲč tatte moaze vaancel kuaddas’,2
идти_пешком,8,vaanc,ва̄нц,kld_txt_Genetz1891,sonn ejj alka pag'g'e(δ) voal'te(j) taale k'aassad'd'e muursoane vuella kuaddas’ vaancel’,2
идти_пешком,8,vaan’c’,ва̄нҍц,kld_txt_Genetz1891,vaan’c’e vaarra,1
идти_пешком,8,vaan’n’c,ва̄ннҍц,kld_txt_Genetz1891,nu moast vaan’n’cel’(e),1
идти_пешком,8,vaan’n’c’,ва̄ннҍц,kld_txt_Itkonen1931_6_page254,ja vaan’n’c’l’e,1
идти_пешком,8,voannc,воаннц,kld_txt_Kert1961_rybolovstvo_20210223,vaallt nuur' k'eeǯ' k'aass ja voanncat nostem luz nuut' p'eel',1
идти_пешком,8,voan’n’c,воаннҍц,Переведенный корпус,sɨjj pɨsseguejm voan’n’cen’ m'eh'cte,3
идти_пешком,8,voan’n’c,воаннҍц,Переведенный корпус,voan’n’cen’ voan’n’cen’ koan’n’ten’ taal,3
идти_пешком,8,voan’n’c,воаннҍц,Переведенный корпус,voan’n’cen’ voan’n’cen’ koan’n’ten’ taal,3
идти_пешком,8,voan’n’c’,воаннҍц,kld_txt_Genetz1891,voan’n’c’el’ kuaddas’,1
ижемец,1,iižm,ӣжм,,,1
ижемец.nom.pl,1,iižem’,ӣжэмь,,,1
из_за,2,kuejjke,куэййкэ,kld_txt_Lehtiranta_2_r’iim’ɲ_i_taale_moajnas,ten(n) kuejjke l’ii taalest ja k’eet’kest ja ɲuem’m’lest vuen’ex s’eejjp čte s’eejp kuedd(e)jen jaavvra,1
из_за,2,vuejga,вуэйга,Переведенный корпус,čuujgmen’ k’iihčep man’t’e zv’eer l’eev keerrma man’t’esem k’iijje l’eev koonngɒrre l’eev keerrma meenn vuejga,1
изменился,1,izmen’iilsa,ызмэнӣлса,,,1
или,10,al’e,але,kld_txt_Kert1961_rybolovstvo_20210223,š’iig l’ii al’e ejj paar̥r̥k,1
или,10,al’i,али,kld_txt_KarNC_wedding,toonn vaaltax iiž’ant m’iiles’t’ al’i k’eenn,2
или,10,al’i,али,Переведенный корпус,c’eel̥’l̥’k’ev kooht sɨjj pugg pud’d’en’ al’i jev pugg puad’d’enǯ,2
или,10,ele,элэ,Переведенный корпус,tel’e eeltnet nɨm’m’pe red’d’en’ rɨnnte i nuut’ k’eez’et k’iid’eguejm ele že eexxt olme veensen nuur’e vokgoarre nuehta a kut’es’ kut’ kuuxxt oollme kut’ p’iirаs nuut’ čoovvgev,1
или,10,el’e,эле,Переведенный корпус,nu sp’erva luuš’t’et saajmet čuallma el’e že ɲɒɒrges tavas kas’s’ kuul’l’ dolžan meenne paal’ bajas paal’ bajas,3
или,10,el’e,эле,Переведенный корпус,kuul’e kromje tavo što kɨptet suenneel paš’tet tagnazɨvamɨ tuaarax el’e pɒɒštkul’l’,3
или,10,el’e,эле,Переведенный корпус,a mudda a lɨhkev kuk’a el’e an’exa k’iihčev kooxxt iiž’es’ rooŋ’ŋ’k’ i meenn kugga bɨdd,3
или,10,il'e,ыле,kld_txt_KarNC_deers,pooddlev kues's' pastex' ut'olas't il'e k'es's'a pooddlev,1
или,10,ili,ылы,kld_txt_KarNC_wedding_pt2,… mɒššenʼ t’iiŋʼk’eguejm tam’p’e lʼeev pʼeelʼčudʼdʼ kopʼejkedde ili mar̥ʼr̥ʼkʼ.,1
или,10,il’i,ыли,Пkld_txt_Kert1961_suška škur,tuul’j al’n’ vuajj vued’d’e il’i kuarre maal’c’et’ ja rɒvvet’ a kɒmmsen’ kuaret’ tubɨrket’ p’imat’ buurket’,2
или,10,il’i,ыли,Переведенный корпус,ejj pued vaje muuɲkaallsa lɒɒj̥eguejm il’i cɒɒr al'l'k soon gɒrra,2
или,10,l’iim’p’e,лӣмьпе,kld_txt_KarNC_deers,soost l’aajj čuud’(d’) vɨdd l’iim’p’e kud’d’ nɨd’d’,1
или,10,vaj,вай,kld_txt_Genetz1891,vaj meejt jaaras pɨdd,1
или,10,или,или,kld_SAM_SG_map_20230815,или vuel’kes’b’e(e)l’,2
или,10,или,или,kld_SAM_SG_map_20230815,al’n или,2
или?,1,kot’,котҍ,,,2
или_же,1,el’e_že,элежэ,,,1
иметь_свободное_время,1,es’t,эсьт,,,1
индеветь,1,sɨnn,сынн,,,1
интернат,1,enternaaht,энтэрна̄ххт,,,1
иордань.acc.sg,1,jordan,йёрдан,,,1
искать,2,odz,одз,kld_txt_Kert1961_byl_o_ljajne,kuɛs’s’ tabhuve ɛl’ki͔ pirses odze:,3
искать,2,odz,одз,kld_txt_Kert1961_byl_o_ljajne,odzkud˙d˙i͔n˙ kånnta rucɛ si̮z’n’,3
искать,2,odz,одз,kld_txt_Kert1961_byl_o_ljajne,i joddɛi akes’ odzɛ,3
искать,2,ooʒ,о̄дж,kld_txt_Genetz1891,aajjan jaal ooʒmen’ paal̥’l̥’k’tuvv mɨn’n’e kaazxen’,4
искать,2,ooʒ,о̄дж,kld_txt_Kert1961_rybolovstvo_20210223,ooʒen' per'a p'ees's'muuret',4
искать,2,ooʒ,о̄дж,Переведенный корпус,c’eel̥’l̥’k’ev vuul’l’k’e bedd ooʒe,4
искать,2,ooʒ,о̄дж,Переведенный корпус,vuul’l’k’en’ ooʒe olmn’ed’d’e loag’g’ mat’t’,4
искать.npst.3sg,1,ooʒ,о̄дж,,,1
использовать,1,ɒn,оан,,,1
испугаться.PST.3SG,1,suurrken,сӯрркэн,,,1
исчезать,1,kaadd,ка̄дт,,,1
исчезнуть,1,kaadd,ка̄дт,,,1
к,2,gur’r’e,гурре,kld_txt_Itkonen1931_6_page254,vɨge kaallas kued’e gur’r’e,2
к,2,gur’r’e,гурре,kld_txt_Itkonen1931_6_page254,a kaallas paar’n’en’es’ put’t’ej kued’e gur’r’e,2
к,2,luz,луз,kld_SAM_SG_map_20230815,i tel’ puadax sɨjd luz,1
кажды,1,každe,каждэ,,,1
каждый,4,jug’g’e,йюгке,kld_txt_Kert1961_pro_vorona_tulena_i_dikogo_olena,nuer’j poorrem luus kus’k’ ja jug’g’enalšem kuul’ raašk no per’a meenn karnses’t,1
каждый,4,kaažde,ка̄ждэ,kld_txt_KarNC_deers,a čuuʒes’t’ kaažde br’igades’ l’ii rad’iopr’ijomn’ihk’ l’ii s’iirr,1
каждый,4,kaaždɨ,ка̄жды,Переведенный корпус,i nɨd’d’ pradalžaetsa kaaždɨ eeg’en’ raaznɨ p’iirras raaznɨ sajen šel’l’ev kuul’e,1
каждый,4,kaažne,ка̄жнэ,kld_txt_Lehtiranta_3_kɒn’t’_moajnas,i kaažne lestest i kaažne m’iisstegest peel(e),2
каждый,4,kaažne,ка̄жнэ,kld_txt_Lehtiranta_3_kɒn’t’_moajnas,i kaažne lestest i kaažne m’iisstegest peel(e),2
как,7,go,го,Переведенный корпус,mɨjj pugg mɒɒjn’s’em go mɨjj vɒddem,4
как,7,go,го,Переведенный корпус,jur’te kaal’l’es’ vaal’l’te nɨzan kuu šendahč go rɒdne jeen’n’ n’iijtaja a vɨjte muddanaalla,4
как,7,go,го,Переведенный корпус,go soon jev vaarra jɒɒddxeš kuud'd'e,4
как,7,go,го,Переведенный корпус,a go kujje vuul'l'kkud'e,4
как,7,gu,гу,kld_txt_KarNC_deers,jeel'l'ev s'erna gu sɨjdes' nɨzan jeel'l'ev,2
как,7,gu,гу,kld_txt_Kert1961_jeerrkja_oollmej_bajas,kuhk’evudde suel gul’ii n’eel’l’jlɒg’g’ oollme,2
как,7,gå’,гь,kld_txt_Kert1961_nuemmel_piras,nɨt't’ jen'xem p’iiras pugg påddede gå’ n'uemmel' p’iiras.,1
как,7,kooht,ко̄ххт,Переведенный корпус,c’eel̥’l̥’k’ev kooht sɨjj pugg pud’d’en’ al’i jev pugg puad’d’enǯ,1
как,7,kooxxt,ко̄ххт,Переведенный корпус,nuut’et kooxxt jaav’res nɨt’t’e i joks,16
как,7,kooxxt,ко̄ххт,Переведенный корпус,nu vot nap’r’im’eer / vot kooxxt / jesl’e m’eer gor’r’en’ kas’s’ puadd tav(’)v(’)al p’iiŋŋk / pɨjjen’ s’eenkes’ peevl l’ee∅ / to saam’ saarrnev što l’aaɲč tav(’)v(’)al p’iiŋŋg ja ɲues’s’ jeerrk / vuajj pued’d’e c’iigg jeerrk,16
как,7,kooxxt,ко̄ххт,Переведенный корпус,tenn soonn v’aarr koošškad i koollset’ lɨhk nɨt’t’ kooxxt son’n’e bɨdd,16
как,7,kooxxt,ко̄ххт,Переведенный корпус,a mudda a lɨhkev kuk’a el’e an’exa k’iihčev kooxxt iiž’es’ rooŋ’ŋ’k’ i meenn kugga bɨdd,16
как,7,kooxxt,ко̄ххт,Переведенный корпус,tes’t’ ufšten geagraafe munn rɒst mɒɒj(n)se parnat pugg čaar bajas kooxxt ad’d’ izmen’iilsa čaarr tejja ɨg’e kooxxt jeel’ešued’d’eš per’a i tag daale,16
как,7,kooxxt,ко̄ххт,Переведенный корпус,tes’t’ ufšten geagraafe munn rɒst mɒɒj(n)se parnat pugg čaar bajas kooxxt ad’d’ izmen’iilsa čaarr tejja ɨg’e kooxxt jeel’ešued’d’eš per’a i tag daale,16
как,7,kooxxt,ко̄ххт,kld_txt_Genetz1891,el’l’a kooxxt soagge(δ),16
как,7,kooxxt,ко̄ххт,kld_txt_KarNC_deers,ad’d’ l’eev s’iinen’ l’eev ad’d’ pugg el’l’a nɨd’d’ kooxxt eevvdel’ l’aajj,16
как,7,kooxxt,ко̄ххт,kld_txt_KarNC_wedding,a toonn kooxxt vuelkax,16
как,7,kooxxt,ко̄ххт,kld_txt_KarNC_wedding_pt2,kooxxt taabxe?”,16
как,7,kooxxt,ко̄ххт,kld_txt_Kert1961_jeerrkja_oollmej_bajas,oollme meennen’ tenn n’iijjta aanne štobe sonn lɨgga(h)č nɨd’d’ kooxxt bɨ ruuce jev p’eezče s’iine gɒrre,16
как,7,kooxxt,ко̄ххт,kld_txt_Kert1961_jeerrkja_oollmej_bajas,sijj kooxxt pɒɒl’l’te vuujjen’ nɨd’d’e k’eed’d’kluvven’,16
как,7,kooxxt,ко̄ххт,Переведенный корпус,kaallas ujnev čeed c’iig i kultlev kooxxt sonn luvtaj ja saarrn nɨd’d’ ruahč[15] jes’k’e jeem’m’n’e kɨr’r’t’,16
как,7,kooxxt,ко̄ххт,Переведенный корпус,jeen’n’p’eel’l’ sernna soon ejj šɒbša i paje jur’te kooxxt bɨ vɨjxe n’iijjtp’eel’ per̥tes’ pɒɒge,16
как,7,kooxxt,ко̄ххт,Переведенный корпус,cɒɒr al’l’k’ sraaze kooxxt ujnes’ n’iijt šɒbšuve son’n’e i c’iil̥’k’e n’iijjta,16
как,7,kooxxt,ко̄ххт,Переведенный корпус,kooxxt kuuht paar’n’ pɨn’n’jen’ narodes’,16
как,7,koox’x’t,ко̄ххьт,kld_txt_Lehtiranta_1_r’iim’ɲ_moajnas,s’eejjbeɲam d’ii s’eejjbeɲam koox’x’t tun(n) vuelgax,1
как,7,maaxxt,ма̄ххт,kld_txt_KarNC_wedding_pt2,juuggen’ ja vɒɒllen’ l’ekarstvat’ ja c’aal̥l̥k maaxxtgul,1
какой,6,man'te,манҍте,Переведенный корпус,ja cɒɒg'e sama moǯes' vaaptek oasset man'te sos l'iijjen',1
какой,6,man’de,манҍде,kld_txt_Lehtiranta_1_r’iim’ɲ_moajnas,man’de l’ii mooǯ’ǯ’es’ lɒn(‘)den’ǯ kɨr’r’js’aal(‘)geɲǯ,1
какой,6,man’te,манҍте,Переведенный корпус,saam’ oollme toože c’eel̥’l̥’k’ev vuejjev c’eel̥’l̥’k’e man’te l’aaɲč jeerrk jeggda tunn p’eejv,2
какой,6,man’te,манҍте,kld_txt_Kert1961_pro_vorona_tulena_i_dikogo_olena,meene man’tel’aannč keessk,2
какой,6,man’tɛ,манҍт,kld_txt_Kert1961_byl_o_ljajne,kas’t˙ li L’ain ja man’tɛm’ sonn li?”,2
какой,6,man’tɛ,манҍт,kld_txt_Kert1961_byl_o_ljajne,sonn li muggɛ man’tɛm’ mu͔nn l’a,2
какой,6,man’tɛm’,мантҍҍм,kld_txt_Kert1961_byl_o_ljajne,ni̮tše paŋk simnɛn˙ råŋŋk muggɛ šɛ man’tɛm’ mu͔nn l’a,1
какой,6,man’t’e,манҍте,Переведенный корпус,čaarre k’iičem man’t’e soonn l’ii,4
какой,6,man’t’e,манҍте,Переведенный корпус,čuujgmen’ k’iihčep man’t’e zv’eer l’eev keerrma man’t’esem k’iijje l’eev koonngɒrre l’eev keerrma meenn vuejga,4
какой,6,man’t’e,манҍте,Переведенный корпус,čuujgmen’ k’iihčep man’t’e zv’eer l’eev keerrma man’t’esem k’iijje l’eev koonngɒrre l’eev keerrma meenn vuejga,4
какой,6,man’t’e,манҍте,Переведенный корпус,k’iičem man’t’e l’eev uʒ’xa muure,4
какой.?,1,man'tem,манҍтем,,,1
какой_из_двух,1,kɒmpa,коампа,,,3
камень,1,k’eed’d’k,кēдтҍҍк,,,1
камень.ACC.SG,2,k’eeddk,кēдтк,kld_txt_Genetz1891,avvta vuul’ke(j) v’iil’g’es’ k’eeddke kuajjve(δ),1
камень.ACC.SG,2,k’eedk,кēдк,kld_txt_Genetz1891,k’eedka lɨggxellškuadd,2
камень.ACC.SG,2,k’eedk,кēдк,kld_txt_Genetz1891,vaan'cel'(e) v’iil’k’es’ k’eedka kuajjve(δ),2
камень.GEN.SG,1,k’eedk,кēдк,,,1
камень.NOM.SG,1,k’eeddk,кēдтк,,,1
камень.gen.sg,1,k’eed’k,кēдҍк,,,1
камень.nom.pl,1,kieb’g’**,кыэбьг**,,,1
камень.nom.sg,1,k’eed’d’k’,кēдтҍҍк,,,1
капризный,1,kapr’izne,капьризнэ,,,1
кар,1,kroŋk,кроӈк,,,9
караулить,2,karvul'l,карвулль,Переведенный корпус,Oalkembel't uks tueg jeg'g'e šuurr keelten’ ja karvul'l'e mune kuuht'e kaalse koolmet' sutket',1
караулить,2,karvull,карвулл,Переведенный корпус,tedd mudda ejj men karvulle n’ik’ee,1
карельский,1,kar’elsk’i,карелсььки,,,1
каркать,1,kroŋk,кроӈк,,,1
кататься,1,kiers,кыэрс,,,1
качать,1,nugg,нугк,,,1
каша,1,utt,утт,,,1
каша.acc.sg,2,udd,удт,Переведенный корпус,sonn kɨppt udd di saarrn,2
каша.acc.sg,2,udd,удт,Переведенный корпус,sonn viireš’t’ udd puul’l’ej vilka oojk’e n’aallma i tejn roahpad,2
каша.acc.sg,2,utt,утт,Переведенный корпус,kɨp’t’em uttet kɨp’t’em utt tuul’xem čaaj poorem ja jorem vued’d’e,1
керёжа,1,k’eer’s’,кēрьс,,,1
керёжа.gen.sg,1,k’eer’r’es,кēррес,,,1
кидать,1,čaс’k’,чакь,,,1
кильдин,1,k’ilt,килт,,,1
кильдинский,2,k’iilt,кӣлт,Переведенный корпус,k’iilt suul al’n’ kues’s’t’ ruup’p’s’es’ pellv,2
кильдинский,2,k’iilt,кӣлт,Переведенный корпус,k’iilten’č parnaj veerr pajjan,2
кильдинский,2,k’iil’te,кӣльте,Переведенный корпус,k’iil’te n’iijjt Mar'r'j’ Uvvan n’iijjt jiil'l'e uc'c' sɨjtes't' ooxxte,1
кинтище,1,k’iin’n’t’,кӣннҍт,,,1
кипеть,3,tuullt',тӯлльт,kld_txt_Kert1961_rybolovstvo_20210223,ja maŋŋa tenn puk tuullt'ehten',1
кипеть,3,tuul’,тӯль,Переведенный корпус,kɨp’t’em uttet kɨp’t’em utt tuul’xem čaaj poorem ja jorem vued’d’e,1
кипеть,3,tuul’l’t,тӯлльт,kld_txt_Kert1961_rybolovstvo_20210223,tuul’l’txen',1
класс,1,klaas,кла̄с,,,1
класть,7,pejj,пэйй,Переведенный корпус,paar’r’n’ ap’et samastr’eles’ pejjel’ n’ul i nɨm’p r’eškel’,1
класть,7,pi̮ij,пӣй,kld_txt_Kert1961_byl_o_ljajne,uks ɛ̄л pakɛ pi̮ije šur kɛлd,1
класть,7,pi̮je,пыйэ,kld_txt_Kert1961_byl_o_ljajne,ki̮pti͔ v’ār pi̮je porrɛ,1
класть,7,pɨj,пый,Переведенный корпус,tel’l’ nuut’ pɨjet veennse i suggev kuel’l’e šɨl’l’e mudda sajja,16
класть,7,pɨj,пый,Переведенный корпус,čeares tenn veeze kon pɨjet čeexxčа ted veeʒ pukk b’eda l’ii roovas i čaares vesenom taal’l’va mennev paje al’m’ al’m’,16
класть,7,pɨj,пый,Переведенный корпус,tejd raajket pɨjet p’e’r’enoskat’,16
класть,7,pɨj,пый,Переведенный корпус,k’aavvla pɨjet vel nɒɒket’ a tej(d) nɒɒk’e k’aaǯa kruges’t’ pɨjet p’ees’s’ muur iižes’ suem’p’,16
класть,7,pɨj,пый,Переведенный корпус,k’aavvla pɨjet vel nɒɒket’ a tej(d) nɒɒk’e k’aaǯa kruges’t’ pɨjet p’ees’s’ muur iižes’ suem’p’,16
класть,7,pɨj,пый,Переведенный корпус,koollset’ vued mɒɒše(t) mazeguejm a evtla oollme koollse vuedde pɨjjev koommset’ el’e_že nuer’j naak’ a pɨjet nɨt’t’ že seerva koommset,16
класть,7,pɨj,пый,Переведенный корпус,pɨjet nɨt’t’ štobe sɨjj l’iihčen’ seekksem m’eedas tes’t’ vuajj kues’s’ l’eev seekks m’eedas vuajj čuujjke udlen’n’e a kues’s’ pejjne paahka to rueppt seeks ejj jɒdd valas k’irse,16
класть,7,pɨj,пый,kld_txt_Itkonen1931_6_page254,oar̥’r̥’t’es pɨje,16
класть,7,pɨj,пый,kld_txt_Kert1961_nuemmel_piras,kesklamuss nɨjp sahp’e čir'r'e pɨje.,16
класть,7,pɨj,пый,kld_txt_Kert1961_pro_vorona_tulena_i_dikogo_olena,pɨje k’eer’s’e,16
класть,7,pɨj,пый,kld_txt_Lehtiranta_2_r’iim’ɲ_i_taale_moajnas,pɨje(j) vujjem k’eer’r’es l’eek’k’e,16
класть,7,pɨj,пый,kld_txt_Lehtiranta_2_r’iim’ɲ_i_taale_moajnas,pɨje(j) maŋ’ŋ’k’eer’r’sa i vujjel,16
класть,7,pɨj,пый,kld_txt_Lehtiranta_3_kɒn’t’_moajnas,pɨjax vuus’s’temp’aalla kued’(e),16
класть,7,pɨj,пый,kld_txt_Lehtiranta_3_kɒn’t’_moajnas,aak’k’ pɨje(j) vuus’s’temp’aalla kued’(e) kooɲɲčtuul’j,16
класть,7,pɨj,пый,Переведенный корпус,sonn val’d’e samastr’eles’ pɨje n’ul i tɨvvluve r’eešškled,16
класть,7,pɨj,пый,Переведенный корпус,paar’r’n pɨje samastr’eles’ sonne rannta dii luušte,16
класть,7,pɨjj,пыйй,Переведенный корпус,mennev tɒɒjv šurr ab’r’ a s’eent’aabres akt’aabr maanas a’lg uže pɨjje veeze,14
класть,7,pɨjj,пыйй,Переведенный корпус,p’eervi veeze pɨjj sun’n’t’ad tell pɨjj tell avda pɨjj i tɒɒjv maŋŋa pɨjj ja’vr i joge lɒɒnd аl’gev milgnes kal’l’me,14
класть,7,pɨjj,пыйй,Переведенный корпус,nu vot nap’r’im’eer / vot kooxxt / jesl’e m’eer gor’r’en’ kas’s’ puadd tav(’)v(’)al p’iiŋŋk / pɨjjen’ s’eenkes’ peevl l’ee∅ / to saam’ saarrnev što l’aaɲč tav(’)v(’)al p’iiŋŋg ja ɲues’s’ jeerrk / vuajj pued’d’e c’iigg jeerrk,14
класть,7,pɨjj,пыйй,Переведенный корпус,koollset’ vued mɒɒše(t) mazeguejm a evtla oollme koollse vuedde pɨjjev koommset’ el’e_že nuer’j naak’ a pɨjet nɨt’t’ že seerva koommset,14
класть,7,pɨjj,пыйй,kld_txt_Genetz1891,vaal'te ɨšte kɒb(e) raabe(j) kab'b'er' pɨjje(j) kuut' juul'k’es' keske ja raajk pukkej kap’p’r’e,14
класть,7,pɨjj,пыйй,kld_txt_Genetz1891,pɨjješ sɨjje poorre,14
класть,7,pɨjj,пыйй,kld_txt_Kert1961_rybolovstvo_20210223,štop luštɨj povve k'iirrknahč pɨjje kul̥p,14
класть,7,pɨjj,пыйй,kld_txt_Kert1961_rybolovstvo_20210223,pɨjjen' veennse,14
класть,7,pɨjj,пыйй,kld_txt_Kert1961_rybolovstvo_20210223,kues's' nuut' veennse pɨjjen' nuur'et' ja k'iivtet' moannen',14
класть,7,pɨjj,пыйй,kld_txt_Kert1961_rybolovstvo_20210223,pɨjjen' v’eer̥cet' t’iivvt paar̥ket',14
класть,7,pɨjj,пыйй,kld_txt_Kert1961_rybolovstvo_20210223,ja pɨjjen' tool,14
класть,7,pɨjj,пыйй,kld_txt_Kert1961_rybolovstvo_20210223,ja pɨjjen' k'eemmna,14
класть,7,pɨjj,пыйй,kld_txt_Kert1961_rybolovstvo_20210223,ja pɨjjen' p’ik'k',14
класть,7,pɨjj,пыйй,kld_txt_Kert1961_rybolovstvo_20210223,kues's' k’iihčev što vuajj nuut' pɨjje,14
класть,7,pɨjje,пыййэ,kld_txt_Kert1961_rybolovstvo_20210223,eel’l’ken' cɨhca pɨjje nuut',1
класть,7,pɨɨj,пы̄й,Переведенный корпус,pɨɨjet v’aret kɨp’ta v’arr v’arr k’iirken pooret,1
класть.3sg.npst,1,pɨjj,пыйй,,,3
класть.imp.sg,1,pɨj(,пый(,,,1
класть.npst.3sg,1,pɨjj,пыйй,,,2
ковш,1,kuks,кукс,,,1
ковш.ACC.SG,1,kuv's',кувьс,,,1
когда,4,kues's',куэссь,kld_txt_KarNC_deers,nu kues's' pastex' vooddeddev vooddeddev,10
когда,4,kues's',куэссь,kld_txt_KarNC_deers,pooddlev kues's' pastex' ut'olas't il'e k'es's'a pooddlev,10
когда,4,kues's',куэссь,Переведенный корпус,kues's' ujnešguedbedd'e tɨkven’et’,10
когда,4,kues's',куэссь,kld_txt_Kert1961_rybolovstvo_20210223,kues's' ran'n't puud'e,10
когда,4,kues's',куэссь,kld_txt_Kert1961_rybolovstvo_20210223,kues's' ran'n't puedeškud'e al'l't,10
когда,4,kues's',куэссь,kld_txt_Kert1961_rybolovstvo_20210223,kues's' nuuht' puud'e rɨnnte,10
когда,4,kues's',куэссь,kld_txt_Kert1961_rybolovstvo_20210223,kues's' nuut' veennse pɨjjen' nuur'et' ja k'iivtet' moannen',10
когда,4,kues's',куэссь,kld_txt_Kert1961_rybolovstvo_20210223,kues's' k’iihčev što vuajj nuut' pɨjje,10
когда,4,kues's',куэссь,kld_txt_Kert1961_rybolovstvo_20210223,kues's' nuuht' kɒššk,10
когда,4,kues's',куэссь,kld_txt_Kert1961_rybolovstvo_20210223,suldeš' kaas's'te kues's' nuut' kaas’s'tet',10
когда,4,kues’es,куэсес,Переведенный корпус,ab’b’r l’ii gal nuurr abb’r tedd kues’es b’eda čaaʒ’ veeʒ mann kɨdda,1
когда,4,kues’s’,куэссь,Переведенный корпус,kuul’ k’eez’et tanna kues’s’ son mann učitivaet paal’l’ tag nazɨvaemɨ paal’l’,20
когда,4,kues’s’,куэссь,Переведенный корпус,maŋŋades kues’s’ nuuht’eš k’iirxnet’ pued’et’ nuut’ kooz’et olk eel,20
когда,4,kues’s’,куэссь,Переведенный корпус,p’eejva l’eev što al’mes’ kopč(e)neddev peevl p’eejjv kues’s’ ejj vuaj meenne ab’b’r’ ab’b’r’ ejj vuaj i veeʒ a vuajj prosta meenne i veeʒ,20
когда,4,kues’s’,куэссь,Переведенный корпус,čeexxč saam oollme saarnev puadd nim’b čislas’ aavgustes kues’s’ p’eervi vuer oolme ujnas al’m’es tas’t’,20
когда,4,kues’s’,куэссь,Переведенный корпус,i kues’s’ čuujjklet’ štobi soonn l’aahč soonen’ l’aahč š’iiγ’ čuujjke,20
когда,4,kues’s’,куэссь,Переведенный корпус,kues’s’ koollas ja saav’ex’ l’eev lɨhkma olma kuu šɒbašt m’aahca soonn čuejjk s’iineguejm b’eda udlen’n’e,20
когда,4,kues’s’,куэссь,Переведенный корпус,pɨjet nɨt’t’ štobe sɨjj l’iihčen’ seekksem m’eedas tes’t’ vuajj kues’s’ l’eev seekks m’eedas vuajj čuujjke udlen’n’e a kues’s’ pejjne paahka to rueppt seeks ejj jɒdd valas k’irse,20
когда,4,kues’s’,куэссь,Переведенный корпус,pɨjet nɨt’t’ štobe sɨjj l’iihčen’ seekksem m’eedas tes’t’ vuajj kues’s’ l’eev seekks m’eedas vuajj čuujjke udlen’n’e a kues’s’ pejjne paahka to rueppt seeks ejj jɒdd valas k’irse,20
когда,4,kues’s’,куэссь,kld_txt_KarNC_deers,kolxoz kues’s’gu šende tes’t’ meenn? meenem šendem kolxoz’n’ik,20
когда,4,kues’s’,куэссь,kld_txt_KarNC_deers,muddmen’ l’iijjen’ maŋŋa kues’s’ pɨɲɲeškuud’d’en’,20
когда,4,kues’s’,куэссь,kld_txt_KarNC_deers,kues’s’ kolxoz šeende tel’ eel’l’k’en’,20
когда,4,kues’s’,куэссь,kld_txt_KarNC_deers,maŋŋades’t’ daže kolxoz kues’s’ kolxos’s’e ɨštem jeenne ɨg’g’e meene,20
когда,4,kues’s’,куэссь,kld_txt_Kert1961_jeerrkja_oollmej_bajas,kues’s’ meene koollm p’eejv i šeeŋŋ vɒɒze i pugg oollme ujnsen’ što kaasska jaav’r ɒrr k’eed’k suel,20
когда,4,kues’s’,куэссь,kld_txt_Kert1961_jeerrkja_oollmej_bajas,i kues’s’ vɨjjev raj tenn suel a al’l’t soon jev meen,20
когда,4,kues’s’,куэссь,kld_txt_Kert1961_pro_vorona_tulena_i_dikogo_olena,kɒn’n’t’ kues’s’ vuul’ke m’aahca c’iil̥’ke koabkas,20
когда,4,kues’s’,куэссь,Пkld_txt_Kert1961_suška škur,kues’s’ sɨjj koošškev sonn s’inet’ n’aassk,20
когда,4,kues’s’,куэссь,Переведенный корпус,kues’s’ jeen’n’b’eel’l’ ja soon rɒdne n’iijjt kullsen’ tenn bajas sɨjj čofta s’eennden’,20
когда,4,kues’s’,куэссь,Переведенный корпус,kues’s’ sonn kuuddej vaares' sonn paje kiičnede,20
когда,4,kues’s’,куэссь,Переведенный корпус,kues’s’ muuɲkaallsa puud'e sonn el'ge šumme soon eel,20
когда,4,kues’s’,куэссь,Переведенный корпус,kues’s’ ɨddev mooǯes' sɒɒn k'aassxa v’iil'l'kes' cɒɒr puuʒeguejm,20
когда,4,kuɛs’s’,куссь,kld_txt_Kert1961_byl_o_ljajne,kuɛs’s’ v’arrɛn˙ ki̮pti͔ pɛr’mi̮s’ jaлovɛ,3
когда,4,kuɛs’s’,куссь,kld_txt_Kert1961_byl_o_ljajne,kuɛs’s’ tabhuve ɛl’ki͔ pirses odze:,3
когда,4,kuɛs’s’,куссь,kld_txt_Kert1961_byl_o_ljajne,kuɛs’s’ mec’ɛs’ pud˙i͔,3
коготь,1,kenc,кэнц,,,1
кожа,2,nɒɒk,ноа̄к,Переведенный корпус,k’aavvla pɨjet vel nɒɒket’ a tej(d) nɒɒk’e k’aaǯa kruges’t’ pɨjet p’ees’s’ muur iižes’ suem’p’,1
кожа,2,nɒɒk’,ноа̄кь,Переведенный корпус,p’e’r’enoskat’ lɨgget nɒɒk’en’,2
кожа,2,nɒɒk’,ноа̄кь,Переведенный корпус,k’aavvla pɨjet vel nɒɒket’ a tej(d) nɒɒk’e k’aaǯa kruges’t’ pɨjet p’ees’s’ muur iižes’ suem’p’,2
кожа.acc.sg,1,naak’,на̄кь,,,2
койба,2,koomms,ко̄ммс,Переведенный корпус,koollset’ vued mɒɒše(t) mazeguejm a evtla oollme koollse vuedde pɨjjev koommset’ el’e_že nuer’j naak’ a pɨjet nɨt’t’ že seerva koommset,2
койба,2,koomms,ко̄ммс,Переведенный корпус,koollset’ vued mɒɒše(t) mazeguejm a evtla oollme koollse vuedde pɨjjev koommset’ el’e_že nuer’j naak’ a pɨjet nɨt’t’ že seerva koommset,2
койба,2,kɒmms,коаммс,Пkld_txt_Kert1961_suška škur,olme vaallt tuul’j ja kɒmmset’ leevlaht ja pɨjj koošškte,2
койба,2,kɒmms,коаммс,Пkld_txt_Kert1961_suška škur,tuul’j al’n’ vuajj vued’d’e il’i kuarre maal’c’et’ ja rɒvvet’ a kɒmmsen’ kuaret’ tubɨrket’ p’imat’ buurket’,2
колено,1,puvl,пувл,,,1
колено.nom.pl,1,puuvl,пӯвл,,,1
колоть,2,lunt,лунт,Переведенный корпус,sonn nɨdd žal'ej ujjne n'iijjtes' kaallsa n'iijt sajes' vapteg ja cɒɒr al'k ahk'en' što lunten' ižes' pɒɒssvudes',1
колоть,2,luunnt,лӯннт,Переведенный корпус,sɨjj čutt jeve luunntna zaav’is't’es’,1
колоть?.npst.3sg,1,luennt,луэннт,,,1
колхоз,3,kolxos,колхос,Переведенный корпус,kolxos ad’d’e mɨjjen’,1
колхоз,3,kolxos’s’,колхоссь,kld_txt_KarNC_deers,maŋŋades’t’ daže kolxoz kues’s’ kolxos’s’e ɨštem jeenne ɨg’g’e meene,1
колхоз,3,kolxoz,колхоз,kld_txt_KarNC_deers,ad’d’ jeel’l’ep’ pugg kolxozen’,7
колхоз,3,kolxoz,колхоз,kld_txt_KarNC_deers,i kolxozes’ vuajj j’eel’le,7
колхоз,3,kolxoz,колхоз,kld_txt_KarNC_deers,ad’d’ m’iines’t’ kolxozes’t cuez šende vɨddemp’lɒg’g’ tɒfant,7
колхоз,3,kolxoz,колхоз,kld_txt_KarNC_deers,kolxoz pel’e ja en’d’e gosudarstve kon’ešno,7
колхоз,3,kolxoz,колхоз,kld_txt_KarNC_deers,pajše pail’e kolxozes’ pail’e vaanas,7
колхоз,3,kolxoz,колхоз,kld_txt_KarNC_deers,a jeena al’l’a kolxozes’t’,7
колхоз,3,kolxoz,колхоз,kld_txt_KarNC_deers,m’iin ruup’p’s’es’ čuma ɒɒlkxuv’v’en’ tala kolxozes’t’,7
колхоз.gen.sg,1,kolxoz,колхоз,,,1
колхоз.nom.sg,1,kolxoz,колхоз,,,3
колхозник.nom.pl,1,kolxoz’n’ik,колхозьник,,,1
кольский,1,kuelnegg,куэлнэгк,,,1
кольцо,1,surm,сурм,,,1
компас,1,koompas,ко̄мпас,,,1
конец,3,k’aaǯ,кя̄дж,Переведенный корпус,tel’ k’aaǯa a kut’as’ kes’s’ luuštal nuut’ tavas,2
конец,3,k’aaǯ,кя̄дж,Переведенный корпус,k’aavvla pɨjet vel nɒɒket’ a tej(d) nɒɒk’e k’aaǯa kruges’t’ pɨjet p’ees’s’ muur iižes’ suem’p’,2
конец,3,k’aaǯ’,кя̄джь,Переведенный корпус,suem’p’ k’aaǯ’a kooret naak’ štobe l’aahč štobi vuajehček oojjke k’iid’ i l’aahč š’iiγ’ čuujjke,1
конец,3,k’eež’,кēжь,Переведенный корпус,kɨdd puadd k’eež’es’ martes’ abična apr’eles’,1
конец.?,1,k'eeǯ',кēджь,,,1
конец.acc.sg,1,k’ež’,кежь,,,1
конец.nom.sg,1,k'eeǯ,кēдж,,,1
конечно,3,konešno,конэшно,kld_txt_KarNC_deers,ad’d’ l’iijjen’ konešno sɒɒmen’ aǯ’san ja d’eed’san,1
конечно,3,kon’ešna,конешна,kld_txt_KarNC_deers,soost l’aajj kon’ešna puaz jeena,2
конечно,3,kon’ešna,конешна,kld_txt_KarNC_deers,l’aajj čuez soost soonn? kon’ešna maŋŋa ejj šeenntma,2
конечно,3,kon’ešno,конешно,kld_txt_KarNC_deers,kolxoz pel’e ja en’d’e gosudarstve kon’ešno,3
конечно,3,kon’ešno,конешно,kld_txt_KarNC_deers,l’iijjen’ kon’ešno maŋŋa,3
конечно,3,kon’ešno,конешно,kld_txt_KarNC_deers,ad’d’ kon’ešno parnedes’ tože pɨɲɲev puuʒet’,3
кончиться,5,pud'd,пудтҍ,kld_txt_Genetz1891,aǯes' jennes’ moakksen' moakksen' ja t’eeŋ'k pud'den',1
кончиться,5,puud',пӯдҍ,kld_txt_Kert1961_rybolovstvo_20210223,nuur'r' puud'e eel'l'keš' sɨvl' luuš'š'te,2
кончиться,5,puud',пӯдҍ,kld_txt_Kert1961_rybolovstvo_20210223,kues's' ran'n't puud'e,2
кончиться,5,puuẟ’,пӯ,kld_txt_Lehtiranta_2_r’iim’ɲ_i_taale_moajnas,moajnas puuẟ’e(j),1
кончиться,5,vɒsʼsʼ,воасс,kld_txt_KarNC_wedding_pt2,sɨjj vɒsʼsʼenʼ tejn ja tel’ evtes’ joddehtenʼ,3
кончиться,5,vɒsʼsʼ,воасс,kld_txt_KarNC_wedding_pt2,ja telʼgesden’n’egʼe čilʼmetʼ vɒsʼsʼenʼ ja telʼ jodʼdʼedde evtes’ pɨtʼtʼe sʼeessa.,3
кончиться,5,vɒsʼsʼ,воасс,kld_txt_KarNC_wedding_pt2,telʼ vɒsʼsʼenʼ nɨšše tinʼkʼeguejm.,3
кончиться,5,vɒɒz,воа̄з,kld_txt_Kert1961_jeerrkja_oollmej_bajas,kues’s’ meene koollm p’eejv i šeeŋŋ vɒɒze i pugg oollme ujnsen’ što kaasska jaav’r ɒrr k’eed’k suel,1
копать,2,kuajjv,куаййв,kld_txt_Genetz1891,vaan'cel'(e) v’iil’k’es’ k’eedka kuajjve(δ),5
копать,2,kuajjv,куаййв,kld_txt_Genetz1891,kuajjvguud’e,5
копать,2,kuajjv,куаййв,kld_txt_Genetz1891,avvta vuul’ke(j) v’iil’g’es’ k’eeddke kuajjve(δ),5
копать,2,kuajjv,куаййв,kld_txt_Genetz1891,kuajjve(j),5
копать,2,kuajjv,куаййв,kld_txt_Genetz1891,kuajjve(j),5
копать,2,raab,ра̄б,kld_txt_Genetz1891,vaal'te ɨšte kɒb(e) raabe(j) kab'b'er' pɨjje(j) kuut' juul'k’es' keske ja raajk pukkej kap’p’r’e,1
копейка,1,kopʼejk,копэйк,,,1
копыто,1,ken’c,кэнҍц,,,1
кора,2,paar̥k,па̄ҏк,kld_txt_Kert1961_rybolovstvo_20210223,ja eel’l’ken' paar̥ket' skoban kaar'r'te ja nɨjpen' vuullе,3
кора,2,paar̥k,па̄ҏк,kld_txt_Kert1961_rybolovstvo_20210223,pɨjjen' v’eer̥cet' t’iivvt paar̥ket',3
кора,2,paar̥k,па̄ҏк,kld_txt_Kert1961_rybolovstvo_20210223,paar̥ket' mur’r'ten',3
кора,2,par̥k,паҏк,kld_txt_Kert1961_rybolovstvo_20210223,tel' kuuht оollmе vuul'l'ken' par̥ket' soagge,1
кора.nom.sg,1,paar̥r̥k,па̄ҏҏк,,,1
кормиться,1,portuvv,портувв,,,1
короткий,2,an’ex,анех,Переведенный корпус,a mudda a lɨhkev kuk’a el’e an’exa k’iihčev kooxxt iiž’es’ rooŋ’ŋ’k’ i meenn kugga bɨdd,1
короткий,2,vuen’ex,вуэнех,kld_txt_Lehtiranta_2_r’iim’ɲ_i_taale_moajnas,ten(n) kuejjke l’ii taalest ja k’eet’kest ja ɲuem’m’lest vuen’ex s’eejjp čte s’eejp kuedd(e)jen jaavvra,1
костюмчик,1,kast’umčik,касьтюмчык,,,1
котел,1,kimn’,кымьн,,,1
который,2,koonn,ко̄нн,kld_txt_Kert1961_pro_vorona_tulena_i_dikogo_olena,koonn gɒr’r’en’ kɒn’n’t’ puadd,1
который,2,kuu,кӯ,Переведенный корпус,muddavuer kuu žor p’eejve l’eev ab’r’ meennev i b’eda redka k’ees’s’a muddavuer tol’ka men(a)s veeʒ,1
который.acc.sg,1,kon,кон,,,1
который.com.sg,1,koojn,ко̄йн,,,1
который.gen.pl,1,kojt,койт,,,1
который.gen.sg,2,koon,ко̄н,kld_txt_Lehtiranta_3_kɒn’t’_moajnas,kas’t i koon m’iissteg tuug’g’en’ eellmoollme paar’r’n tuun(en) šɨll,1
который.gen.sg,2,koonn,ко̄нн,Переведенный корпус,čuujgmen’ k’iihčep man’t’e zv’eer l’eev keerrma man’t’esem k’iijje l’eev koonngɒrre l’eev keerrma meenn vuejga,1
который.nom.pl,1,koogg,ко̄гк,,,2
который.nom.sg,1,kuu,кӯ,,,9
котёл,1,k'eemmn,кēммн,,,2
котёл.acc.sg,1,k’iim’n’,кӣмьн,,,1
край.gen.sg,1,paaj̥k’,па̄йкь,,,1
красивый,6,mooǯ,мо̄,Переведенный корпус,taal’l’va / taal’l’va veeʒ l’ii b’eda mooǯe i vaar’es’ l’ii b’eda mooǯe,2
красивый,6,mooǯ,мо̄,Переведенный корпус,taal’l’va / taal’l’va veeʒ l’ii b’eda mooǯe i vaar’es’ l’ii b’eda mooǯe,2
красивый,6,mooǯ,мо̄дж,Переведенный корпус,vɨjem mɨjj rast laan’d’ lɒɒn’d’e m’iil’l’d’e čuujav’r’ čel’čedvɒɒr’e a al’m’es l’aajj b’eda mooǯes vɒɒvkez,12
красивый,6,mooǯ,мо̄дж,Переведенный корпус,kast’umčiket v’iil’l’g’es roovašket mooǯes plaat’jat i jeekna kopčenedem iiǯan škoola enternaahte v’ees’s’lušše,12
красивый,6,mooǯ,мо̄дж,Переведенный корпус,sonn al'l'iij mooǯe l'aajj keesse iiǯ l’aajj vaajvaš,12
красивый,6,mooǯ,мо̄дж,Переведенный корпус,a n’iijjtb’eel’l’ l’aajj i kaasven’ mooǯe i lɨhk’eš d’i m’iillves’,12
красивый,6,mooǯ,мо̄дж,Переведенный корпус,muuɲkaallsa šɒlšuve taate sonn kaal’l’mde n’iijta da čofta n’iijjt l’aajj š’iig ja mooǯe cɒɒge sonn n’iijjta v’iil’l’k’es’ p’eeck štobɨ ejj kelmče,12
красивый,6,mooǯ,мо̄дж,Переведенный корпус,eex’x’t’eš’ raj vɨje mooǯes’ paar’r’n’ tedd l’aajj cɒɒr al’l’k’,12
красивый,6,mooǯ,мо̄дж,Переведенный корпус,n’iijjt l’aajj tenn vuer caagga muuɲkaallsa laaj̥et’ v’iil’l’k’es’ p’eeck v’iil’l’k’es’ mooǯes’ p’imat’,12
красивый,6,mooǯ,мо̄дж,Переведенный корпус,mooǯes’ ɒɒsseguejm sonn šende v’aal mooǯ’da i š’iiga,12
красивый,6,mooǯ,мо̄дж,Переведенный корпус,k’aas’s’et’ sama mooǯes’ ja š’iig puuʒet’ ja vɨge mun n’iijta vaarra ja kuud’e tenn še sajja kooz kuud’d’ex’ iižant n’iijt,12
красивый,6,mooǯ,мо̄дж,Переведенный корпус,k'as's'et' sama mooǯes' jiijv puuʒet',12
красивый,6,mooǯ,мо̄дж,Переведенный корпус,tonn mej pueres' čaann eg'g' pɨhta m'iinne lɒj̥et' kɒl'l'et' ja mooǯes' šolk ɒɒsset',12
красивый,6,mooǯ,мо̄дж,Переведенный корпус,kues’s’ ɨddev mooǯes' sɒɒn k'aassxa v’iil'l'kes' cɒɒr puuʒeguejm,12
красивый,6,mooǯt,мо̄джт,Переведенный корпус,suem’p’ vuulet’ lɨgget’ mooǯta,3
красивый,6,mooǯt,мо̄джт,Переведенный корпус,i tenn v’eečres kuu l’aajj kug’g’ meene m’iine b’eda mooǯten’n’e,3
красивый,6,mooǯt,мо̄джт,Переведенный корпус,pl'assej taall mooǯtenne per'e,3
красивый,6,mooǯ’d,мо̄джььд,Переведенный корпус,mooǯes’ ɒɒsseguejm sonn šende v’aal mooǯ’da i š’iiga,1
красивый,6,mooǯ’ǯ’,мо̄дждҍҍж,kld_txt_Lehtiranta_1_r’iim’ɲ_moajnas,muurest l’ii mooǯ’ǯ’es’ lɒn(‘)deɲǯ,3
красивый,6,mooǯ’ǯ’,мо̄дждҍҍж,kld_txt_Lehtiranta_1_r’iim’ɲ_moajnas,man’de l’ii mooǯ’ǯ’es’ lɒn(‘)den’ǯ kɨr’r’js’aal(‘)geɲǯ,3
красивый,6,mooǯ’ǯ’,мо̄дждҍҍж,kld_txt_Lehtiranta_1_r’iim’ɲ_moajnas,ad’d’ šannt mooǯ’ǯ’es s’eel’l’g,3
красивый,6,moǯ,модж,Переведенный корпус,ja cɒɒg'e sama moǯes' vaaptek oasset man'te sos l'iijjen',1
красильный,1,ci̮hci̮m,цыххцым,,,1
красить,1,cɨhc,цыххц,,,4
краска,2,cɨcc,цыдц,kld_txt_Kert1961_rybolovstvo_20210223,tenn še cɨcces't' vuajj cɨhce soajmet',1
краска,2,cɨhc,цыххц,kld_txt_Kert1961_rybolovstvo_20210223,eel’l’ken' cɨhca pɨjje nuut',1
красный,1,ruup’p’s’,рӯппьс,,,3
крепкий,2,roovas,ро̄вас,Переведенный корпус,čeares tenn veeze kon pɨjet čeexxčа ted veeʒ pukk b’eda l’ii roovas i čaares vesenom taal’l’va mennev paje al’m’ al’m’,1
крепкий,2,rɒvas,роавас,Переведенный корпус,p’ees’s’ muur raadet mugga štobi soonn ejj vuajče muurrtje l’aahč bi rɒvas ja muulehče jeenne vuek’s’ i ejj sojnehče,1
крепость.acc.sg,1,krepas’t˙,крэпасьт˙,,,1
крест,1,rɨs's't',рыссьт,,,1
кривой,1,pɒn’n’,поаннҍ,,,1
крикнуть,1,kukx,кукх,,,2
крикнуть?,1,kɨg,кыг,,,1
кричать,3,kug’g’,кугкь,kld_txt_Kert1961_pro_vorona_tulena_i_dikogo_olena,kug’g’eh’t’ m’iil’l’te,1
кричать,3,r’aag,ря̄г,kld_txt_Kert1961_pro_vorona_tulena_i_dikogo_olena,paa(r)rnedes’ r’aagen’t,1
кричать,3,xoŋker,хоӈкэр,kld_txt_Kert1961_pro_vorona_tulena_i_dikogo_olena,ujnsen aajjes’ pueddem karsen kued’ luz ja xoŋkerguud’d’en’,1
кричать.npst.3sg,2,ruahč[15],руаххч[],Переведенный корпус,kaallas ujnev čeed c’iig i kultlev kooxxt sonn luvtaj ja saarrn nɨd’d’ ruahč[15] jes’k’e jeem’m’n’e kɨr’r’t’,1
кричать.npst.3sg,2,r’aagg,ря̄гк,kld_txt_Kert1961_pro_vorona_tulena_i_dikogo_olena,aahk’ r’aagg paarrnedes’,1
кричать?,1,xur’g’s,хургььс,,,1
кровь.GEN.sg,1,veer,вэ̄р,,,1
кровь.nom.sg,1,veerr,вэ̄рр,,,1
кроме,1,kromje,кромйэ,,,1
круг,1,krug,круг,,,1
круглый,1,råŋŋk,рӈӈк,,,1
крутить,2,poon'n',по̄ннҍ,kld_txt_Kert1961_rybolovstvo_20210223,ja eel'l'ken' nuut' poon'n'e,1
крутить,2,pooɲ,по̄н,kld_txt_Lehtiranta_1_r’iim’ɲ_moajnas,bɨdd kuun’n’de(ẟ) jeenna muurre ja p’aasstaγe(j)d bed pooɲ(e)[f],2
крутить,2,pooɲ,по̄н,kld_txt_Lehtiranta_1_r’iim’ɲ_moajnas,taall kuun’d(‘)e muure(j)d i pooɲe p’aasstaγed,2
крыло_невода.acc.sg,1,sɨvl',сывьл,,,1
кто.NOM.SG,1,k’ee,кē,,,1
кто.gen.sg,1,k’eenn,кēнн,,,1
кто.loc.sg,1,k’ees’,кēсь,,,1
кто.nom.pl,1,k’eegg,кēгк,,,1
кто.nom.sg,1,k’ee,кē,,,1
кто.sg.acc,1,k’een,кēн,,,2
кто.sg.nom,1,k’ee,кē,,,1
кувакса.nom.sg,1,koavas,коавас,,,1
куда,2,kooz,ко̄з,kld_txt_Genetz1891,kooz k’iidd kuennt,12
куда,2,kooz,ко̄з,Переведенный корпус,keeǯ’ kooz jodd–xax,12
куда,2,kooz,ко̄з,kld_txt_KarNC_wedding_pt2,tel’ kooz,12
куда,2,kooz,ко̄з,kld_txt_KarNC_wedding_pt2,tes’t’ kooz,12
куда,2,kooz,ко̄з,kld_txt_KarNC_wedding_pt2,tel’ kooz,12
куда,2,kooz,ко̄з,kld_txt_KarNC_wedding_pt2,nu at’t’ munn tala kooz,12
куда,2,kooz,ко̄з,Переведенный корпус,sarneškud'e Mar’r'j Uvvan n’iijjt kaallseguejm c'aal̥l̥k kooz čuur'v’et' pɨjje tenn sajja koappče čuer'v' gar',12
куда,2,kooz,ко̄з,kld_txt_Lehtiranta_3_kɒn’t’_moajnas,paarnɲam paarnɲam kooz tun(n) vɨl’l’gex,12
куда,2,kooz,ко̄з,kld_txt_Lehtiranta_3_kɒn’t’_moajnas,kooz kuud’d’ex jaanant ɲiɲč,12
куда,2,kooz,ко̄з,kld_txt_Lehtiranta_3_kɒn’t’_moajnas,kooz vɨl’ke(j) muun(e) aǯ’,12
куда,2,kooz,ко̄з,Переведенный корпус,k’aas’s’et’ sama mooǯes’ ja š’iig puuʒet’ ja vɨge mun n’iijta vaarra ja kuud’e tenn še sajja kooz kuud’d’ex’ iižant n’iijt,12
куда,2,kooz,ко̄з,Переведенный корпус,paar’r’n k’iičes’t’ tooge i mudda goarra k’iihč’ što viiǯed el’l’a kooz,12
куда,2,koze,козэ,kld_txt_Genetz1891,sonn poage voal'te pampel'es voal'te ja vaan'cel'(e) vaarra koze vuejjv kuent,1
кунды,1,koolas,ко̄лас,,,1
купец,1,kupca,купца,,,1
купец.nom.pl,1,kupca,купца,,,1
купцы,1,kupca,купца,,,1
кусать,1,koac’k,коацьк,,,1
кусок.acc.sg,1,kahcad,каххцад,,,1
кусок.nom.pl,1,kus’k’,куськ,,,1
куст,1,m’iissteg,мӣсстэг,,,1
куст.gen.sg,1,m’iissteg,мӣсстэг,,,1
кушать,1,por,пор,,,1
кушать.npst.3sg,1,porr,порр,,,1
ладно,1,ladno,ладно,,,2
лапа.NOM.PL,1,rueč,руэч,,,2
ласкать,1,puer,пуэр,,,1
лебедь.nom.pl,1,ɲuvč,нувч,,,2
лево,5,čincb’e(e)l’,чынцььбе(э)ль,kld_SAM_SG_map_20230815,если jɒddjax čincb’e(e)l’,1
лево,5,činč(ev),чынч(эв),kld_SAM_SG_map_20230815,činč(ev)es’b’e(e)l’ valas jɒd’d’e,1
лево,5,činčb’e(e)l’,чынчььбе(э)ль,kld_SAM_SG_map_20230815,činčb’e(e)l’ l’ii eexxt sɨjjt,6
лево,5,činčb’e(e)l’,чынчььбе(э)ль,kld_SAM_SG_map_20230815,kas’t l’ii činčb’e(e)l’ sɨjjt,6
лево,5,činčb’e(e)l’,чынчььбе(э)ль,kld_SAM_SG_map_20230815,tes’t l’eev v’aal sɨjt činčb’e(e)l’,6
лево,5,činčb’e(e)l’,чынчььбе(э)ль,kld_SAM_SG_map_20230815,činčb’e(e)l’,6
лево,5,činčb’e(e)l’,чынчььбе(э)ль,kld_SAM_SG_map_20230815,sɨjjt kuu l’ii činčb’e(e)l’,6
лево,5,činčb’e(e)l’,чынчььбе(э)ль,kld_SAM_SG_map_20230815,kuu l’ii vaar’es’ činčb’e(e)l’,6
лево,5,činčb’e(e)l’t,чынчььбе(э)льт,kld_SAM_SG_map_20230815,sadamadda činčb’e(e)l’ta tel’ jɒdax čuekas m’iil’l’te,1
лево,5,činčp’aall,чынчььпя̄лл,kld_GGM_SG_map_202308D,и činčp’aalla,1
лежать,1,l’eešš,лēшш,,,1
лежать.npst.3sg,1,l’aašš,ля̄шш,,,1
лекарства,1,l’ekarstva,лекарства,,,1
лекарство,1,l’ekarstva,лекарства,,,1
лентяй.NOM.SG,1,laaš’š’k,ла̄шшьк,,,1
лес,3,vaar,ва̄р,Переведенный корпус,kues’s’ sonn kuuddej vaares' sonn paje kiičnede,1
лес,3,vaarr,ва̄рр,Переведенный корпус,s’iijnem vɨjem vɨjem jeeskem vaarra,15
лес,3,vaarr,ва̄рр,Переведенный корпус,v koolas mɨjj sraazaže puuʒet m’iine uj̥deš vaarra,15
лес,3,vaarr,ва̄рр,kld_txt_Genetz1891,sonn poage voal'te pampel'es voal'te ja vaan'cel'(e) vaarra koze vuejjv kuent,15
лес,3,vaarr,ва̄рр,kld_txt_Genetz1891,vaan’c’e vaarra,15
лес,3,vaarr,ва̄рр,kld_txt_Kert1961_rybolovstvo_20210223,meennen' vaarra,15
лес,3,vaarr,ва̄рр,kld_txt_Lehtiranta_1_r’iim’ɲ_moajnas,r’iimmɲ vuul’ge vaarra karrel ja saarrn,15
лес,3,vaarr,ва̄рр,kld_txt_Lehtiranta_2_r’iim’ɲ_i_taale_moajnas,kuunteč vaarra,15
лес,3,vaarr,ва̄рр,Переведенный корпус,ɨšteht’ iiǯant n’iijt sɒɒne eel ja vɨje vaarra i kuud’e soon tɒge an’ muuɲɲg’en’ kallm čal’m mune jeve kičehče soon eel p’eel’j jeve kullehče soone jiin,15
лес,3,vaarr,ва̄рр,Переведенный корпус,luuj̥j̥knelle ɨšteht’ n’iijtes’ sɒne eel ja vɨjjel’ lɒttkna puuʒje al’n vaarra,15
лес,3,vaarr,ва̄рр,Переведенный корпус,pɨd’d’e sonn n’iijtes’ vaarra ɨšteht’ soon p’eez’ vuella a iiǯ vɨxxta vɨjjel’ mɒɒst štobɨ ejj ujjine n’iijtes’ sɒr’m’,15
лес,3,vaarr,ва̄рр,Переведенный корпус,kuuddej n’iijjt vaarra kaal’l’mluvve d’ii eebbas ooxxte ɒre vaar’ kes’kes’,15
лес,3,vaarr,ва̄рр,Переведенный корпус,vuulklešuude evdes’ vaan’c’e vaar’ m’iil’l’te n’iijjt el’ge soon moolle štobɨ ejj kuedeče sonn ooxxte vaarra,15
лес,3,vaarr,ва̄рр,Переведенный корпус,k’aas’s’et’ sama mooǯes’ ja š’iig puuʒet’ ja vɨge mun n’iijta vaarra ja kuud’e tenn še sajja kooz kuud’d’ex’ iižant n’iijt,15
лес,3,vaarr,ва̄рр,Переведенный корпус,ɨštet' n'iijt saan eel ja vɨjjel' vaarra,15
лес,3,vaarr,ва̄рр,Переведенный корпус,go soon jev vaarra jɒɒddxeš kuud'd'e,15
лес,3,vaar’,ва̄рь,kld_SAM_SG_map_20230815,eexxt sɨjjt l’ii vaar’es’t,9
лес,3,vaar’,ва̄рь,kld_SAM_SG_map_20230815,num’p’ sɨjjta kuu l’ii vaar’es’,9
лес,3,vaar’,ва̄рь,kld_SAM_SG_map_20230815,kuu l’ii vaar’es’ činčb’e(e)l’,9
лес,3,vaar’,ва̄рь,kld_SAM_SG_map_20230815,gu sɨjjt l’ii vaar’es’,9
лес,3,vaar’,ва̄рь,Переведенный корпус,veʒʒ keessem bɨvaet l’aam’d’es vaar’en,9
лес,3,vaar’,ва̄рь,Переведенный корпус,taal’l’va / taal’l’va veeʒ l’ii b’eda mooǯe i vaar’es’ l’ii b’eda mooǯe,9
лес,3,vaar’,ва̄рь,kld_txt_Itkonen1931_6_page254,koavvn’en’ kued’e vaar’es’t’,9
лес,3,vaar’,ва̄рь,Переведенный корпус,eex’x’teš’ kaal’l’es’ puud’e vaar’es’ mɒɒst,9
лес,3,vaar’,ва̄рь,Переведенный корпус,vuur’t’e vuur’t’e až’es’ ejj t’eedda sonn ejj jur’r’t’ma što vuel’l’k'teš soon kaal’l’me vaar’es’,9
лес.GEN.SG,1,vaar’,ва̄рь,,,1
лес.gen.sg,1,vaar’,ва̄рь,,,2
лес.nom.pl,1,vaar’,ва̄рь,,,3
лес.nom.sg,1,vaar’r’,ва̄ррь,,,3
лететь,1,kɨr(’)r(’)t(’),кыр(')р(')т('),,,1
лететь.npst.3sg,1,kɨr’r’t’,кыррьт,,,1
лето,2,k'es's',кессь,kld_txt_KarNC_deers,pooddlev kues's' pastex' ut'olas't il'e k'es's'a pooddlev,1
лето,2,k’ees’s’,кēссь,Переведенный корпус,čexxča l’eev čexxč lɒɒhpe kɨdda kɨdd lɒɒhpe k’ees’s’a k’ees’s’ lɒɒhpe,4
лето,2,k’ees’s’,кēссь,Переведенный корпус,k’ees’s’ m’iine jaallmušš el’l’e čovta kuehk’,4
лето,2,k’ees’s’,кēссь,Переведенный корпус,k’ees’s’a tɒɒijv l’eev b’eda žor p’eejv,4
лето,2,k’ees’s’,кēссь,Переведенный корпус,muddavuer kuu žor p’eejve l’eev ab’r’ meennev i b’eda redka k’ees’s’a muddavuer tol’ka men(a)s veeʒ,4
лето.acc.sg,1,k’eez’,кēзь,,,1
лето.nom.sg,1,k’ees’s’,кēссь,,,1
лечить,3,lehc,лэххц,kld_txt_KarNC_wedding_pt2,a mɨjjgul zamorskoj kupca lep puedʼdʼep dak toon lehcepgul”,1
лечить,3,lɨcc,лыдц,kld_txt_KarNC_wedding_pt2,da munn čilʼmʼenʼ lɨccagul toost.”,1
лечить,3,lɨhc,лыххц,kld_txt_KarNC_wedding_pt2,avvta tezges nɨšʼšʼe vɒɒllenʼ čoonnte lɨhcenʼ,7
лечить,3,lɨhc,лыххц,kld_txt_KarNC_wedding_pt2,no lɨhce”,7
лечить,3,lɨhc,лыххц,kld_txt_KarNC_wedding_pt2,sɨjj pug lɨhcen’,7
лечить,3,lɨhc,лыххц,kld_txt_KarNC_wedding_pt2,at’t’ ju pug lɨhce bɨddgul,7
лечить,3,lɨhc,лыххц,kld_txt_KarNC_wedding_pt2,at’t’ ju maŋ’mes’ lɨhcep’,7
лечить,3,lɨhc,лыххц,kld_txt_KarNC_wedding_pt2,lɨhcep’gul,7
лечить,3,lɨhc,лыххц,kld_txt_KarNC_wedding_pt2,tel’ lɨhcen’den’n’eges,7
либо,1,l’ibo,либо,,,1
лиса,1,r’iim’ɲ,рӣмьн,,,2
лиса.acc.sg,1,r’iim’ɲ,рӣмьн,,,3
лиса.gen.sg,1,r’iim’ɲ,рӣмьн,,,1
лиса.nom.sg,2,r’iimmɲ,рӣммн,kld_txt_Lehtiranta_1_r’iim’ɲ_moajnas,r’iimmɲ saarrn,7
лиса.nom.sg,2,r’iimmɲ,рӣммн,kld_txt_Lehtiranta_1_r’iim’ɲ_moajnas,r’iimmɲ saarrn,7
лиса.nom.sg,2,r’iimmɲ,рӣммн,kld_txt_Lehtiranta_1_r’iim’ɲ_moajnas,r’iimmɲ por’de eele muure(j)d i saarrn,7
лиса.nom.sg,2,r’iimmɲ,рӣммн,kld_txt_Lehtiranta_1_r’iim’ɲ_moajnas,r’iimmɲ saarrn,7
лиса.nom.sg,2,r’iimmɲ,рӣммн,kld_txt_Lehtiranta_1_r’iim’ɲ_moajnas,r’iimmɲ puelle(h)t koattkse(j)d ja saarrn,7
лиса.nom.sg,2,r’iimmɲ,рӣммн,kld_txt_Lehtiranta_1_r’iim’ɲ_moajnas,r’iimmɲ saarrn,7
лиса.nom.sg,2,r’iimmɲ,рӣммн,kld_txt_Lehtiranta_1_r’iim’ɲ_moajnas,r’iimmɲ vuul’ge vaarra karrel ja saarrn,7
лиса.nom.sg,2,r’iim’m’ɲ,рӣммьн,kld_txt_Lehtiranta_2_r’iim’ɲ_i_taale_moajnas,r’iim’m’ɲ l’aašš,10
лиса.nom.sg,2,r’iim’m’ɲ,рӣммьн,kld_txt_Lehtiranta_2_r’iim’ɲ_i_taale_moajnas,r’iim’m’ɲ l’ii keerrkteɲǯ,10
лиса.nom.sg,2,r’iim’m’ɲ,рӣммьн,kld_txt_Lehtiranta_2_r’iim’ɲ_i_taale_moajnas,r’iim’m’ɲ koac’kej puacckas rast jeer’kest,10
лиса.nom.sg,2,r’iim’m’ɲ,рӣммьн,kld_txt_Lehtiranta_2_r’iim’ɲ_i_taale_moajnas,a r’iim’m’ɲ voal’te(j) kuul’e(j)t,10
лиса.nom.sg,2,r’iim’m’ɲ,рӣммьн,kld_txt_Lehtiranta_2_r’iim’ɲ_i_taale_moajnas,r’iim’m’ɲ с’aal̥l̥k,10
лиса.nom.sg,2,r’iim’m’ɲ,рӣммьн,kld_txt_Lehtiranta_2_r’iim’ɲ_i_taale_moajnas,r’iim’m’ɲ с’aal̥l̥k,10
лиса.nom.sg,2,r’iim’m’ɲ,рӣммьн,kld_txt_Lehtiranta_2_r’iim’ɲ_i_taale_moajnas,r’iim’m’ɲ voal’tej kuul’(e) s’eejpes vuella,10
лиса.nom.sg,2,r’iim’m’ɲ,рӣммьн,kld_txt_Lehtiranta_2_r’iim’ɲ_i_taale_moajnas,r’iim’m’ɲ vuaŋke(j) vuaŋke(j),10
лиса.nom.sg,2,r’iim’m’ɲ,рӣммьн,kld_txt_Lehtiranta_2_r’iim’ɲ_i_taale_moajnas,r’iim’m’ɲ saarrn,10
лиса.nom.sg,2,r’iim’m’ɲ,рӣммьн,kld_txt_Lehtiranta_2_r’iim’ɲ_i_taale_moajnas,oorren oorren i r’iim’m’ɲ c’aal̥l̥k,10
лиса.sg.acc,1,r’iim’ɲ,рӣмьн,,,1
лиса.sg.nom,1,r’iimmɲ,рӣммн,,,10
лист,1,lest,лэст,,,1
лить,3,val,вал,Переведенный корпус,poov k’ež’ av’det i valat kul’e veennse,1
лить,3,voаll,волл,kld_txt_Kert1961_rybolovstvo_20210223,v'aаl voаllеn' k'eemmna kunet',1
лить,3,vɒɒll,воа̄лл,kld_txt_KarNC_wedding_pt2,juuggen’ ja vɒɒllen’ l’ekarstvat’ ja c’aal̥l̥k maaxxtgul,1
лицо,1,kaasv,ка̄св,,,1
лов,1,šɨl’l’,шылль,,,1
ловить,3,soag,соаг,Переведенный корпус,vuul'kep lаnnа t’iin'ket’ soagne,1
ловить,3,šel’l’,шэлль,Переведенный корпус,i nɨd’d’ pradalžaetsa kaaždɨ eeg’en’ raaznɨ p’iirras raaznɨ sajen šel’l’ev kuul’e,1
ловить,3,šɨl’,шыль,Переведенный корпус,kuul’e šɨl’et raaznɨ nalla,2
ловить,3,šɨl’,шыль,Переведенный корпус,vele šɨl’et kuul’e nuut’en’,2
ловить.npst.3sg,1,šɨll,шылл,,,2
ловить.рыбу,3,nūti,нуты,kld_txt_Kert1961_byl_o_ljajne,ja kūl’ nūti,1
ловить.рыбу,3,vuaŋk,вуаӈк,kld_txt_Lehtiranta_2_r’iim’ɲ_i_taale_moajnas,r’iim’m’ɲ vuaŋke(j) vuaŋke(j),2
ловить.рыбу,3,vuaŋk,вуаӈк,kld_txt_Lehtiranta_2_r’iim’ɲ_i_taale_moajnas,r’iim’m’ɲ vuaŋke(j) vuaŋke(j),2
ловить.рыбу,3,vuaŋŋk,вуаӈӈк,kld_txt_Lehtiranta_2_r’iim’ɲ_i_taale_moajnas,tɨj(j) jebbe maat’ vuaŋŋke(ẟ),1
лодка,3,veenns,вэ̄ннс,kld_SAM_SG_map_20230815,veennsen’ vuajj meenne suull… pɨrr suull,8
лодка,3,veenns,вэ̄ннс,kld_SAM_SG_map_20230815,tes’t vuajj meenne veennsen’,8
лодка,3,veenns,вэ̄ннс,kld_SAM_SG_map_20230815,veennsen’ meenax,8
лодка,3,veenns,вэ̄ннс,Переведенный корпус,poov k’ež’ av’det i valat kul’e veennse,8
лодка,3,veenns,вэ̄ннс,Переведенный корпус,tel’l’ nuut’ pɨjet veennse i suggev kuel’l’e šɨl’l’e mudda sajja,8
лодка,3,veenns,вэ̄ннс,kld_txt_Kert1961_rybolovstvo_20210223,nuut' oolkes k'iis's'eš veennse ja suldeš'[a] loahpket',8
лодка,3,veenns,вэ̄ннс,kld_txt_Kert1961_rybolovstvo_20210223,pɨjjen' veennse,8
лодка,3,veenns,вэ̄ннс,kld_txt_Kert1961_rybolovstvo_20210223,kues's' nuut' veennse pɨjjen' nuur'et' ja k'iivtet' moannen',8
лодка,3,veens,вэ̄нс,Переведенный корпус,veenses čaс’k’et jaakr ja nuut’ tuubet n’eskol’ka raaz,2
лодка,3,veens,вэ̄нс,Переведенный корпус,tel’e eeltnet nɨm’m’pe red’d’en’ rɨnnte i nuut’ k’eez’et k’iid’eguejm ele že eexxt olme veensen nuur’e vokgoarre nuehta a kut’es’ kut’ kuuxxt oollme kut’ p’iirаs nuut’ čoovvgev,2
лодка,3,vens,вэнс,Переведенный корпус,a jeer’es’ oollme kuud’d’jen’ venset’,1
"лодка,nom.sg",1,vans,ванс,,,1
лодка.acc,1,vens,вэнс,,,1
лодка.acc.pl,1,vens,вэнс,,,1
лодка.nom.pl,1,vennas,вэннас,,,2
лодка.nom.sg,2,vanc,ванц,kld_SAM_SG_map_20230815,vanc jɒddaj,1
лодка.nom.sg,2,vans,ванс,kld_SAM_SG_map_20230815,vans jɒddaj jog m’iil’l’te javvra,1
ложиться,1,kɒm,коам,,,1
ломать,3,murd,мурд,Переведенный корпус,jornev veeʒe k’iištet l’aajj čuujjge k’eeresen ur’d’es saav’ex’et n’ik’ee ejj murda,1
ломать,3,mur’r't,муррьт,kld_txt_Kert1961_rybolovstvo_20210223,paar̥ket' mur’r'ten',1
ломать,3,mur’t’,мурьт,kld_txt_Genetz1891,ja kuajves’ i mur’t’e,1
лопата,1,kuajjv,куаййв,,,1
лопата.ACC.SG,1,kuajv,куайв,,,9
лось,1,seerv,сэ̄рв,,,1
лохмотья.nom.pl,1,raašk,ра̄шк,,,1
лужайка,1,p’iillt,пӣллт,,,1
лучина,2,koattks,коатткс,kld_txt_Lehtiranta_1_r’iim’ɲ_moajnas,r’iimmɲ puelle(h)t koattkse(j)d ja saarrn,1
лучина,2,kuattks,куатткс,kld_txt_Lehtiranta_1_r’iim’ɲ_moajnas,bɨdd tar’r’vmuure(j)d kuattksen,1
лучше,1,par,пар,,,1
лучше/только,1,luša/lɨšše,луша/лышшэ,,,1
лучший,1,pɛr’mi̮s’,прььмись,,,1
лыжа,1,koolls,ко̄ллс,,,8
лыжа.nom.pl,2,koollas,ко̄ллас,Переведенный корпус,kues’s’ koollas ja saav’ex’ l’eev lɨhkma olma kuu šɒbašt m’aahca soonn čuejjk s’iineguejm b’eda udlen’n’e,1
лыжа.nom.pl,2,saav’ex’,са̄вехь,Переведенный корпус,kues’s’ koollas ja saav’ex’ l’eev lɨhkma olma kuu šɒbašt m’aahca soonn čuejjk s’iineguejm b’eda udlen’n’e,1
лыжи,1,saav’ex’,са̄вехь,,,7
лыжи.gen.sg,1,saav’ex,са̄вех,,,1
любить,2,šɒb,шоаб,Переведенный корпус,kues’s’ koollas ja saav’ex’ l’eev lɨhkma olma kuu šɒbašt m’aahca soonn čuejjk s’iineguejm b’eda udlen’n’e,2
любить,2,šɒb,шоаб,kld_txt_Kert1961_jeerrkja_oollmej_bajas,sonn šɒbešt kuuht parna,2
любить,2,šɒbš,шоабш,kld_txt_Kert1961_jeerrkja_oollmej_bajas,a ɲikɒmpa paar’r’n soon ejj šɒbša,4
любить,2,šɒbš,шоабш,Переведенный корпус,jeen’n’b’eel’l’ sraaze ejj šɒbšeškuadda n’iijjtb’eel’es’,4
любить,2,šɒbš,шоабш,Переведенный корпус,jeen’n’p’eel’l’ sernna soon ejj šɒbša i paje jur’te kooxxt bɨ vɨjxe n’iijjtp’eel’ per̥tes’ pɒɒge,4
любить,2,šɒbš,шоабш,Переведенный корпус,cɒɒr al’l’k’ sraaze kooxxt ujnes’ n’iijt šɒbšuve son’n’e i c’iil̥’k’e n’iijjta,4
любой,1,jug’g’e,йюгке,,,1
лёгкий,2,k’aahp,кя̄ххп,kld_txt_KarNC_deers,a iižmen’ maŋŋades’t’ges k’aahpneškuud’e,1
лёгкий,2,k’eehps,кēххпс,kld_txt_Genetz1891,k’eehpsehk(e) v’aala l’ii,1
магазин.loc.sg,1,lafk,лафк,,,1
мазать,2,mɒšš,моашш,kld_txt_KarNC_wedding_pt2,… mɒššenʼ t’iiŋʼk’eguejm tam’p’e lʼeev pʼeelʼčudʼdʼ kopʼejkedde ili mar̥ʼr̥ʼkʼ.,1
мазать,2,mɒɒš,моа̄ш,Переведенный корпус,koollset’ vued mɒɒše(t) mazeguejm a evtla oollme koollse vuedde pɨjjev koommset’ el’e_že nuer’j naak’ a pɨjet nɨt’t’ že seerva koommset,1
май,1,maajj,ма̄йй,,,1
маленький,4,nuurr,нӯрр,Переведенный корпус,nuurrmuss l'ajj čeehp' pl'ass'je,1
маленький,4,uc'c',удҍц,Переведенный корпус,k’iil’te n’iijjt Mar'r'j’ Uvvan n’iijjt jiil'l'e uc'c' sɨjtes't' ooxxte,1
маленький,4,uc’c’,удҍц,kld_GGM_SG_map_202308D,tam’b’e l’ii uc’c’ jaavra,4
маленький,4,uc’c’,удҍц,kld_GGM_SG_map_202308D,tɒge uc’c’ javra lun’n’ l’ii sɨjjt,4
маленький,4,uc’c’,удҍц,Переведенный корпус,a l’aajj n’iijta v’aal uc’c’ i ejj šɨl̥kxa n’imeenn lɨhke,4
маленький,4,uc’c’,удҍц,Переведенный корпус,no n’iijtaja bɨdde l’aajj jeena sonn l’aajj v’aal uc’c’ bɨdde l’aajj soon m’iil’l’te ujjne,4
маленький,4,uʒ’,уджь,Переведенный корпус,vuajj nuuht’ bɨtt i uʒ’a,3
маленький,4,uʒ’,уджь,Переведенный корпус,k’iičem man’t’e l’eev uʒ’xa muure,3
маленький,4,uʒ’,уджь,Переведенный корпус,no p’ervɨ vs’evo p’ees’s’ muure p’ees’s’ muure tag b’eda uʒ’xa,3
малица,1,maal’c’,ма̄льц,,,4
мало,2,vaan,ва̄н,kld_txt_KarNC_deers,munndet(t) vaanas pɨɲɲe a pɨɲe el’j v’iil’ja,1
мало,2,vaanas,ва̄нас,Переведенный корпус,koollset’ lɨgget’ t’een’n’et’ olma raadd kuuss muure mugga muur kas’s’ l’ii vaanas vuek’s’,2
мало,2,vaanas,ва̄нас,kld_txt_KarNC_deers,pajše pail’e kolxozes’ pail’e vaanas,2
мальчик,2,paarš,па̄рш,kld_txt_Lehtiranta_3_kɒn’t’_moajnas,s’iinen šende(j) paaršeɲč,1
мальчик,2,parn,парн,Переведенный корпус,parna cɒɒg’g’en maal’c’et tobɨrket p’imat,3
мальчик,2,parn,парн,Переведенный корпус,parna jeenna lɒɒvvlen raaznɨ laavlet ruušas saames,3
мальчик,2,parn,парн,Переведенный корпус,parna i n’iijde k’eeresel’l’en s’iijnen jornen,3
март,1,mart,март,,,1
мастер.nom.sg,1,čeehp',чэ̄ххьп,,,3
матица,1,poov,по̄в,,,1
мать,10,j'aann,йа̄нн,kld_txt_Lehtiranta_3_kɒn’t’_moajnas,tunn j'aanna j'aalččex t’iirven,1
мать,10,jaann,я̄нн,kld_txt_Kert1961_pro_vorona_tulena_i_dikogo_olena,jaannat ejj maahtenč poorre ejj maahtenč jugge,1
мать,10,jann,янн,kld_txt_KarNC_wedding_pt2,tel’ vul’g’e janna,3
мать,10,jann,янн,kld_txt_KarNC_wedding_pt2,tel’ vul’k’en’ jannas’,3
мать,10,jann,янн,kld_txt_Kert1961_pro_vorona_tulena_i_dikogo_olena,tedd sɨjj jannas soag an’n’tev,3
мать,10,jeen,ēн,Переведенный корпус,kaal’l’es’ šɒɒleš n’iijtes’ što sonn šaannt jeenxem,2
мать,10,jeen,ēн,Переведенный корпус,no n’iijtaja bɨdde l’aajj jeena sonn l’aajj v’aal uc’c’ bɨdde l’aajj soon m’iil’l’te ujjne,2
мать,10,jeenn,ēнн,kld_txt_Lehtiranta_3_kɒn’t’_moajnas,telagast l’ii jeennsant ɲiɲɲč i num’m’p,1
мать,10,jeen’,ēнҍ,Переведенный корпус,jeen’en’es’ kueht’as’ sɨjj ejj eft vuer vɨggen’ kaal’l’es’ n’iijt keeɲɲle rajja,1
мать,10,jeen’n’,ēннҍ,kld_txt_KarNC_wedding_pt2,tudde jeen’n’b’eel’ gɒr’r’,7
мать,10,jeen’n’,ēннҍ,Переведенный корпус,jeen’n’b’eel’l’ sraaze ejj šɒbšeškuadda n’iijjtb’eel’es’,7
мать,10,jeen’n’,ēннҍ,Переведенный корпус,rɒdne n’iijtes’ meenn ejj lɨk soon paje pueraht a n’iijjtb’eel’l’ xošš i pugg per̥t m’iil’l’te lɨke jeen’n’b’eel’l’ soonen’ paje ɒr̥r̥tedd ja cele p’iijve m’iil’l’te ševraht,7
мать,10,jeen’n’,ēннҍ,Переведенный корпус,i nɨd’d’ sɨjj jiil’l’en’ jeen’n’b’eel’l’ n’iijten’es’ eft vued’d’en’ ja poorren’ ja ɒrren’ paje k’iide rɨs's't'e ja pɒɒknedden’,7
мать,10,jeen’n’,ēннҍ,Переведенный корпус,jeen’n’p’eel’l’ sernna soon ejj šɒbša i paje jur’te kooxxt bɨ vɨjxe n’iijjtp’eel’ per̥tes’ pɒɒge,7
мать,10,jeen’n’,ēннҍ,Переведенный корпус,kues’s’ jeen’n’b’eel’l’ ja soon rɒdne n’iijjt kullsen’ tenn bajas sɨjj čofta s’eennden’,7
мать,10,jeen’n’,ēннҍ,Переведенный корпус,jeen’n’b’eel’l’ sraaze šummguud’e kaallsa ell,7
мать,10,jen',енҍ,kld_txt_Kert1961_nuemmel_piras,nɨt't’ jen'xem p’iiras pugg påddede gå’ n'uemmel' p’iiras.,1
мать,10,jenn,енн,kld_txt_Kert1961_pro_vorona_tulena_i_dikogo_olena,jennes’ činguud’e porrmuž,1
мать,10,jen’n’,еннҍ,kld_txt_KarNC_wedding_pt2,jen’n’es’ nɨšše c’al̥l̥k,1
мать.acc.sg,1,jeen’,ēнҍ,,,1
мать.dim.nom.sg,1,jaann,я̄нн,,,2
мать.gen.sg,2,jaan,я̄н,kld_txt_Lehtiranta_3_kɒn’t’_moajnas,kooz kuud’d’ex jaanant ɲiɲč,1
мать.gen.sg,2,jeen’,ēнҍ,kld_txt_Kert1961_pro_vorona_tulena_i_dikogo_olena,sɨjj karrev p’alpnev moast jeen’es’ gɒrre,1
мать.nom.pl,1,jeen’,ēнҍ,,,1
мать.nom.sg,2,jeen’n’,ēннҍ,kld_txt_Lehtiranta_3_kɒn’t’_moajnas,jeen’n’es’ c’aal̥l̥k,3
мать.nom.sg,2,jeen’n’,ēннҍ,Переведенный корпус,jeen’n’ n’iijtes’ el’l’ej,3
мать.nom.sg,2,jeen’n’,ēннҍ,Переведенный корпус,jur’te kaal’l’es’ vaal’l’te nɨzan kuu šendahč go rɒdne jeen’n’ n’iijtaja a vɨjte muddanaalla,3
мать.nom.sg,2,jenn,енн,kld_txt_Genetz1891,aǯes' jennes’ moakksen' moakksen' ja t’eeŋ'k pud'den',1
медведь,3,taal,та̄л,Переведенный корпус,tedd paake kohče iǯ’as’ tenn оlmе taalenes'.,2
медведь,3,taal,та̄л,kld_txt_Lehtiranta_2_r’iim’ɲ_i_taale_moajnas,ten(n) kuejjke l’ii taalest ja k’eet’kest ja ɲuem’m’lest vuen’ex s’eejjp čte s’eejp kuedd(e)jen jaavvra,2
медведь,3,taall,та̄лл,Переведенный корпус,ext s'err nɨm'm'p' tɨvnede taallen’ ja el'k'e pl'ass'je.,1
медведь,3,toall,тоалл,kld_txt_Lehtiranta_1_r’iim’ɲ_moajnas,r’iimmɲ saarrn toalle,1
медведь.NOM.SG,1,taall,та̄лл,,,1
медведь.acc.sg,1,taal,та̄л,,,2
медведь.nom.sg,1,taall,та̄лл,,,17
медведь.sg.nom,1,taall,та̄лл,,,10
медведя,1,taal,та̄л,,,1
медведя.acc.sg,1,taal,та̄л,,,1
медленно,4,m'aalk,мя̄лк,kld_txt_Kert1961_rybolovstvo_20210223,tes't bɨdd sugge m'aalka,1
медленно,4,milgn,мылгн,Переведенный корпус,p’eervi veeze pɨjj sun’n’t’ad tell pɨjj tell avda pɨjj i tɒɒjv maŋŋa pɨjj ja’vr i joge lɒɒnd аl’gev milgnes kal’l’me,2
медленно,4,milgn,мылгн,Переведенный корпус,vеeze mudda ege pɨjj udlenne mudda ege milgnes,2
медленно,4,m’iilg,мӣлг,Переведенный корпус,čuujgem saav’ex’eguejm meenem peejnem m’iilgnes ur’d’eel,1
медленно,4,m’iil’g’n’,мӣлгььн,Переведенный корпус,kɨdda veeʒ m’iil’g’n’es’ sunt p’eejjv paššt čuuddem,1
между,1,keske,кэскэ,,,1
между.LOC,1,kes’kes’,кэськесь,,,1
менять,1,vuajx,вуайх,,,1
мера.ACC.SG,1,tuer’v,туэрьв,,,1
мерзнуть,1,kallm,каллм,,,1
место,5,pɒɒjk,поа̄йк,Переведенный корпус,čeexxč puadd m’iine pɒɒjkes najabres dekaаbr mаanas,1
место,5,pɒɒj̥k,поа̄йк,Переведенный корпус,tagda mɨjj iiǯ pɒɒj̥kan urdan snemajedem tel’e al’g’em jɒddjem saav’exal’n valas,1
место,5,saij,саый,kld_txt_Kert1961_byl_o_ljajne,mudḓa saijes’t лi̮kkɛ pi̮rr kuɛd˙ krepas’t˙ murɛn˙,1
место,5,saj,сай,kld_GGM_SG_map_202308D,koolm sajes’ n’eel’j sajes’ даже vɨd sajes’ per̥t l’eev,10
место,5,saj,сай,kld_GGM_SG_map_202308D,koolm sajes’ n’eel’j sajes’ даже vɨd sajes’ per̥t l’eev,10
место,5,saj,сай,kld_GGM_SG_map_202308D,koolm sajes’ n’eel’j sajes’ даже vɨd sajes’ per̥t l’eev,10
место,5,saj,сай,kld_GGM_SG_map_202308D,vɨd(d) sajes’ sɨj l’eev,10
место,5,saj,сай,Переведенный корпус,k’eez’et nuut’ mugga sajen kas’s’* jolla kieb’g’** l’ii nol’ges*** pɒn’n’,10
место,5,saj,сай,Переведенный корпус,i nɨd’d’ pradalžaetsa kaaždɨ eeg’en’ raaznɨ p’iirras raaznɨ sajen šel’l’ev kuul’e,10
место,5,saj,сай,Переведенный корпус,keskes’t’ koollset’ kuud’et’ mugga al’a saja a vuul’em’b’eel’l’ lɨgget raajk,10
место,5,saj,сай,kld_txt_Kert1961_pro_vorona_tulena_i_dikogo_olena,an’ k’iij sajes’t ɒrr,10
место,5,saj,сай,kld_txt_Kert1961_pro_vorona_tulena_i_dikogo_olena,tool sajes’t luuj̥ke,10
место,5,saj,сай,Переведенный корпус,sonn nɨdd žal'ej ujjne n'iijjtes' kaallsa n'iijt sajes' vapteg ja cɒɒr al'k ahk'en' što lunten' ižes' pɒɒssvudes',10
место,5,sajj,сайй,kld_SAM_SG_map_20230815,и vuajj mudda sajja muaj... vuajj,12
место,5,sajj,сайй,kld_SAM_SG_map_20230815,vaš’š’ sajja,12
место,5,sajj,сайй,Переведенный корпус,tel’l’ nuut’ pɨjet veennse i suggev kuel’l’e šɨl’l’e mudda sajja,12
место,5,sajj,сайй,Переведенный корпус,pɒstxet’ koogg l’eev čuuʒes’ b’eda bɨdd jenna vaan’n’c’e i čuuʒe kooppče eft sajja,12
место,5,sajj,сайй,Переведенный корпус,ja tel’e čuujjglem puudem tenn sajja kas’s’ mɨjj l’iijem kuedda sɒɒn puuʒe ja lɨlmɨ pɒp činnen mɨjje vkuusnɨ p’eerg,12
место,5,sajj,сайй,kld_txt_KarNC_wedding_pt2,vot mugga sajja pud’em,12
место,5,sajj,сайй,Переведенный корпус,kas't' luuhp’el' l'aajj koanta sonn meenne sajja čuur'v'et' n'al'mes' ompan vuuv’s'e,12
место,5,sajj,сайй,Переведенный корпус,sarneškud'e Mar’r'j Uvvan n’iijjt kaallseguejm c'aal̥l̥k kooz čuur'v’et' pɨjje tenn sajja koappče čuer'v' gar',12
место,5,sajj,сайй,kld_txt_Kert1961_pro_vorona_tulena_i_dikogo_olena,ja kɒmmel’ n’iijtes’ š’iidenč sajja,12
место,5,sajj,сайй,Переведенный корпус,k’aas’s’et’ sama mooǯes’ ja š’iig puuʒet’ ja vɨge mun n’iijta vaarra ja kuud’e tenn še sajja kooz kuud’d’ex’ iižant n’iijt,12
место,5,sajj,сайй,Переведенный корпус,tel’ čuud’d’čuer’r’v jore luuv’t al’n er’(t) sajje,12
место,5,sajj,сайй,Переведенный корпус,olme kuaggn’en’ eft sajja,12
место.acc/gen.sg?,1,saj,сай,,,1
место.для.сна,1,lɒjt,лоайт,,,1
место.для.сна.acc.sg,1,lɒjt,лоайт,,,1
месяц,3,maan,ма̄н,Переведенный корпус,i kɨdda asob’ena maajj maanes’ meennev ab’r’ kɨddaab’r’,6
месяц,3,maan,ма̄н,Переведенный корпус,aavguust maanas s’eent’aabr maanas akt’aabr maanas j’eerg l’eev loosses,6
месяц,3,maan,ма̄н,Переведенный корпус,aavguust maanas s’eent’aabr maanas akt’aabr maanas j’eerg l’eev loosses,6
месяц,3,maan,ма̄н,Переведенный корпус,aavguust maanas s’eent’aabr maanas akt’aabr maanas j’eerg l’eev loosses,6
месяц,3,maan,ма̄н,Переведенный корпус,mennev tɒɒjv šurr ab’r’ a s’eent’aabres akt’aabr maanas a’lg uže pɨjje veeze,6
месяц,3,maan,ма̄н,Переведенный корпус,kuddlɒg’g’ kualmante ɨg’es’ janvari maanas’ munn učenekam’i avcand klaases’ vɨjjl’em čiirre puuʒeguejm,6
месяц,3,mann,манн,Переведенный корпус,kuul’ k’eez’et tanna kues’s’ son mann učitivaet paal’l’ tag nazɨvaemɨ paal’l’,1
месяц,3,mаan,ман,Переведенный корпус,čeexxč puadd m’iine pɒɒjkes najabres dekaаbr mаanas,1
метель.nom.pl,1,al’m’,альм,,,1
метр,1,m’etr,метр,,,2
метр.gen.pl,1,m’etrav,метрав,,,1
метров,1,m’etrav,метрав,,,1
мех.nom.sg,1,seeks,сэ̄кс,,,1
мешок,2,v'eer̥c,вēҏц,kld_txt_Kert1961_rybolovstvo_20210223,sɨjj voal'l'ten' taahkta oakkše nɨjp skoba ja v'eer̥cet',1
мешок,2,v’eer̥c,вēҏц,kld_txt_Kert1961_rybolovstvo_20210223,pɨjjen' v’eer̥cet' t’iivvt paar̥ket',1
мешок.gen.sg,1,v’eer̥c,вēҏц,,,1
мещать.pst.3sg,1,viireš’t’,вӣрэшьт,,,1
мимо,1,raj,рай,,,2
младший,1,nuur,нӯр,,,1
много,7,jeen,ēн,Переведенный корпус,ɒd’d’em’vuajva tuul’l’ej alavud’d’e l’ii jeena koollm čuud’d’e m’etredde,4
много,7,jeen,ēн,Переведенный корпус,soonn l’ii algadan jeena tooxnedde m’etredde,4
много,7,jeen,ēн,kld_txt_KarNC_deers,soost l’aajj kon’ešna puaz jeena,4
много,7,jeen,ēн,kld_txt_KarNC_deers,a jeena al’l’a kolxozes’t’,4
много,7,jeenna,ēнна,Переведенный корпус,parna jeenna lɒɒvvlen raaznɨ laavlet ruušas saames,3
много,7,jeenna,ēнна,kld_txt_Lehtiranta_1_r’iim’ɲ_moajnas,r’iimmɲ saarrn čte jeenna l’ii tuujje tuun s’eel’g kɨr’j(e)xe(ẟ),3
много,7,jeenna,ēнна,kld_txt_Lehtiranta_1_r’iim’ɲ_moajnas,bɨdd kuun’n’de(ẟ) jeenna muurre ja p’aasstaγe(j)d bed pooɲ(e)[f],3
много,7,jeenne,ēннэ,Переведенный корпус,kuul’ pɒppalet raaznɨ nalla laanas jeenne no kuul’ abɨčna val’d’et pooves,6
много,7,jeenne,ēннэ,Переведенный корпус,p’ees’s’ muur raadet mugga štobi soonn ejj vuajče muurrtje l’aahč bi rɒvas ja muulehče jeenne vuek’s’ i ejj sojnehče,6
много,7,jeenne,ēннэ,kld_txt_KarNC_deers,samo jeenne n’eel’l’jlɒg’g’e veer’t’ puaze,6
много,7,jeenne,ēннэ,kld_txt_KarNC_deers,maŋŋades’t’ daže kolxoz kues’s’ kolxos’s’e ɨštem jeenne ɨg’g’e meene,6
много,7,jeenne,ēннэ,Переведенный корпус,kaallas ɒrrev kultlev ujnev per'e jeenne c’iig puud’e,6
много,7,jeenne,ēннэ,kld_txt_Kert1961_pro_vorona_tulena_i_dikogo_olena,jeenne poore puujt ja vuenč,6
много,7,jen,ен,kld_txt_Genetz1891,no l'aaɲč at't' kul mɨn’n’e t’iiŋ’k’e(j)t’ ejj bɨdd jenamp,3
много,7,jen,ен,kld_txt_Kert1961_byl_o_ljajne,l’k̭i͔ jena i̮ije mil’tɛ vodḓɛtɛ,3
много,7,jen,ен,kld_txt_Kert1961_byl_o_ljajne,i sama jenmus tōл pul’l’ɐv suллɛs’,3
много,7,jenna,енна,Переведенный корпус,pɒstxet’ koogg l’eev čuuʒes’ b’eda bɨdd jenna vaan’n’c’e i čuuʒe kooppče eft sajja,1
много,7,jenne,еннэ,Переведенный корпус,k’iih’čev sɨjj jennege l’ii olmn’ed’d’e tam’p’e,1
много,7,jennɛ,енн,kld_txt_Kert1961_byl_o_ljajne,tɛi bale ruc jennɛ såmi͔t˙ kontl’i͔n˙,2
много,7,jennɛ,енн,kld_txt_Kert1961_byl_o_ljajne,ex’x’tɛš́ pud˙d˙i͔n˙ jennɛ ruhce,2
может,1,možet,можэт,,,1
может_быть,1,vaj,вай,,,1
можно,1,vuajj,вуайй,,,2
можно.npst.3sg,1,vuajj,вуайй,,,1
молить,1,mooll,мо̄лл,,,1
молодой,3,nur,нур,kld_txt_Kert1961_nuemmel_piras,nurmuss el'ke robxušše lɨhke p’eecet’.,1
молодой,3,nuur,нӯр,kld_txt_Kert1961_pro_vorona_tulena_i_dikogo_olena,tes’t kalsenč vuud’e nɨm’m’p ɨj ja kualmant p’eejv’ vaan’n’cel’ nuurmuss n’iijjtas kuessa,1
молодой,3,ɲur,нур,Переведенный корпус,muur’r’t’e ɲurkem tuurket' ja š’iid’d’e lɒjt kuadda,1
молодой?,1,nuurr,нӯрр,,,1
монашка,1,monaška,монашка,,,2
море,2,meer’r’,мэ̄ррь,Переведенный корпус,jeerka olmanč vaan’n’c joaddsel’ meer’r’e,4
море,2,meer’r’,мэ̄ррь,Переведенный корпус,i vaa(l’)l’t’ n’ik’ee soon meer’r’e,4
море,2,meer’r’,мэ̄ррь,Переведенный корпус,sonn c’eel̥’l̥’k’ joaddslagul meer’r’e,4
море,2,meer’r’,мэ̄ррь,Переведенный корпус,i vaa(l’)l’t’ n’ik’ee mun meer’r’e,4
море,2,m’eer,мēр,Переведенный корпус,soonn puadd m’eer(e) gor’r’en i pɨht keelmas ɲues’s’ jeerg,1
море.gen.sg,1,m’eer,мēр,,,1
мороз,3,muuɲ,мӯн,Переведенный корпус,tedd l’aajj muuɲkaallsa muuɲkaallsa t’iirvxede n’iijten’ sonn vuessta,9
мороз,3,muuɲ,мӯн,Переведенный корпус,tedd l’aajj muuɲkaallsa muuɲkaallsa t’iirvxede n’iijten’ sonn vuessta,9
мороз,3,muuɲ,мӯн,Переведенный корпус,t’iirrv t’iirrv muuɲkaallsa,9
мороз,3,muuɲ,мӯн,Переведенный корпус,muuɲkaallsa šɒlšuve taate sonn kaal’l’mde n’iijta da čofta n’iijjt l’aajj š’iig ja mooǯe cɒɒge sonn n’iijjta v’iil’l’k’es’ p’eeck štobɨ ejj kelmče,9
мороз,3,muuɲ,мӯн,Переведенный корпус,muuɲkaallsa son’n’e c’eel̥’k’e što v’aal puadd,9
мороз,3,muuɲ,мӯн,Переведенный корпус,n’iijjt l’aajj tenn vuer caagga muuɲkaallsa laaj̥et’ v’iil’l’k’es’ p’eeck v’iil’l’k’es’ mooǯes’ p’imat’,9
мороз,3,muuɲ,мӯн,Переведенный корпус,ejj pued vaje muuɲkaallsa lɒɒj̥eguejm il’i cɒɒr al'l'k soon gɒrra,9
мороз,3,muuɲ,мӯн,Переведенный корпус,kues’s’ muuɲkaallsa puud'e sonn el'ge šumme soon eel,9
мороз,3,muuɲ,мӯн,Переведенный корпус,muuɲkaallsa s'eenntel' soon eel,9
мороз,3,muuɲe,мӯнэ,Переведенный корпус,mudda vuer puud’e muuɲekaallsa ja pɨt’e n’iijjta laaj̥et i šuurr ɨš’s’t’e t’iivvt kɒl’eguejm,1
мороз,3,muuɲɲg’,мӯннҍг,Переведенный корпус,ɨšteht’ iiǯant n’iijt sɒɒne eel ja vɨje vaarra i kuud’e soon tɒge an’ muuɲɲg’en’ kallm čal’m mune jeve kičehče soon eel p’eel’j jeve kullehče soone jiin,1
мороз.gen.sg,1,muuɲ,мӯн,,,1
мотня,2,poov,по̄в,Переведенный корпус,kuul’ pɒppalet raaznɨ nalla laanas jeenne no kuul’ abɨčna val’d’et pooves,1
мотня,2,povv,повв,kld_txt_Kert1961_rybolovstvo_20210223,štop luštɨj povve k'iirrknahč pɨjje kul̥p,1
мотня.acc,1,poov,по̄в,,,1
мотня.gen.sg,1,poov,по̄в,,,1
моча.nom.sg,1,kooɲɲč,ко̄ннч,,,5
мочиться,1,konč,конч,,,1
мочь,6,vu(e)jj,ву(э)йй,kld_txt_Lehtiranta_1_r’iim’ɲ_moajnas,juelγeɲen d’i(i) juelγeɲen men(n) vexxteɲɲe vu(e)jjbed’d’e kar’r’e(ẟ),1
мочь,6,vua,вуа,Переведенный корпус,a pɨht’e peer̥r̥te jeer’es nɨzan sonn peele uššte vuajj pɒbbxe nɨzan kuu ejj vuaɲč vuajxe rɒdne jeen’ soon n’iijtaja,1
мочь,6,vuaj,вуай,Переведенный корпус,suem’p’ k’aaǯ’a kooret naak’ štobe l’aahč štobi vuajehček oojjke k’iid’ i l’aahč š’iiγ’ čuujjke,3
мочь,6,vuaj,вуай,Переведенный корпус,p’ees’s’ muur raadet mugga štobi soonn ejj vuajče muurrtje l’aahč bi rɒvas ja muulehče jeenne vuek’s’ i ejj sojnehče,3
мочь,6,vuaj,вуай,kld_txt_KarNC_wedding_pt2,a ničego š’iig l’ii ad’d’ vuaja saarrne,3
мочь,6,vuajj,вуайй,kld_txt_Genetz1891,olmuj c'aal̥l̥ka što m'ii l'aak tonn v’iɨggolmejt egg vuajje mune kab’b’er' t’iivvte(d),1
мочь,6,vuej,вуэй,Переведенный корпус,k’eev’l’ vuejet lɨhke i p’ees’s’ muures’t’,1
мочь,6,vuejj,вуэйй,kld_SAM_SG_map_20230815,vuejjev bɨ... kuuššk l’aan’č,6
мочь,6,vuejj,вуэйй,Переведенный корпус,saam’ oollme toože c’eel̥’l̥’k’ev vuejjev c’eel̥’l̥’k’e man’te l’aaɲč jeerrk jeggda tunn p’eejv,6
мочь,6,vuejj,вуэйй,Переведенный корпус,l’eev nu mugga p’r’im’eetav kojt m’iil’d’es i vuejjev c’eel̥’l̥’k’e,6
мочь,6,vuejj,вуэйй,Переведенный корпус,no(o) mudda vuer vuejjev i jev toočna / no(o) vesenom vuejjev c’eel̥’l̥’k’e,6
мочь,6,vuejj,вуэйй,Переведенный корпус,no(o) mudda vuer vuejjev i jev toočna / no(o) vesenom vuejjev c’eel̥’l̥’k’e,6
мочь,6,vuejj,вуэйй,kld_txt_Lehtiranta_1_r’iim’ɲ_moajnas,vajšeɲɲe vuejjep kar’r’eẟ,6
мочь.nom.sg,1,vuajj,вуайй,,,1
мочь.npst.3sg,1,vuajj,вуайй,,,15
мочь.npst.cng,3,vuaj,вуай,Переведенный корпус,p’eejva l’eev što al’mes’ kopč(e)neddev peevl p’eejjv kues’s’ ejj vuaj meenne ab’b’r’ ab’b’r’ ejj vuaj i veeʒ a vuajj prosta meenne i veeʒ,2
мочь.npst.cng,3,vuaj,вуай,Переведенный корпус,p’eejva l’eev što al’mes’ kopč(e)neddev peevl p’eejjv kues’s’ ejj vuaj meenne ab’b’r’ ab’b’r’ ejj vuaj i veeʒ a vuajj prosta meenne i veeʒ,2
мочь.npst.cng,3,vuej,вуэй,kld_txt_KarNC_wedding_pt2,mɨjj jeb’b’ vuej jeb’b’ ujn ɲ’iimeenn ɲuuxxčem’ ejj lɒɒčk saarrne,2
мочь.npst.cng,3,vuej,вуэй,kld_txt_KarNC_wedding_pt2,c’aal̥l̥k: mustgul čal’m’ jev ujn t’iinet’ emm vuej vɨgge,2
мочь.npst.cng,3,vuejt,вуэйт,kld_txt_Lehtiranta_1_r’iim’ɲ_moajnas,čte emm vuejt lɨggse(ẟ),1
мочь.prs.cng,1,vuej,вуэй,,,1
муж,2,kujj,куйй,Переведенный корпус,a go kujje vuul'l'kkud'e,1
муж,2,kuujj,кӯйй,kld_txt_Kert1961_jeerrkja_oollmej_bajas,kɒmpa luša/lɨšše soon vaaltahč kuujje,5
муж,2,kuujj,кӯйй,kld_txt_Kert1961_jeerrkja_oollmej_bajas,jesl’e kɒmpaɲe paar’r’n vaallt mun kuujje tanna munn lɨgga nɨd’d’ što ruuc m’iinet’ jev kɒn’t,5
муж,2,kuujj,кӯйй,kld_txt_Kert1961_pro_vorona_tulena_i_dikogo_olena,vɒl’te keessktamuss n’iijd kuujje,5
муж,2,kuujj,кӯйй,kld_txt_Kert1961_pro_vorona_tulena_i_dikogo_olena,tel’ koollm n’ijd pugg vɨjjten’ kuujje,5
муж,2,kuujj,кӯйй,Переведенный корпус,tonn l’aax mɨn’n’e čofta m’iil’l’e vɨjd mɨn’n’e kuujje,5
мужик,3,kaallas,ка̄ллас,kld_txt_Genetz1891,iinc'ejk koc'c'ejen kaallaseɲč ja aaka,1
мужик,3,kaalls,ка̄ллс,kld_txt_Itkonen1931_6_page254,val’d’e kaallsa paar’n’en’es’,10
мужик,3,kaalls,ка̄ллс,kld_txt_Kert1961_pro_vorona_tulena_i_dikogo_olena,kaallsenč suaŋe kuadda,10
мужик,3,kaalls,ка̄ллс,kld_txt_Kert1961_pro_vorona_tulena_i_dikogo_olena,kaallsenč ejj t’iid’ mene i poorre,10
мужик,3,kaalls,ка̄ллс,kld_txt_Kert1961_pro_vorona_tulena_i_dikogo_olena,kaallsenč puud’e,10
мужик,3,kaalls,ка̄ллс,kld_txt_Kert1961_pro_vorona_tulena_i_dikogo_olena,kaallsenč puud’e,10
мужик,3,kaalls,ка̄ллс,kld_txt_Lehtiranta_2_r’iim’ɲ_i_taale_moajnas,kaallseɲǯ revvej vesst muurre(ẟ),10
мужик,3,kaalls,ка̄ллс,kld_txt_Lehtiranta_2_r’iim’ɲ_i_taale_moajnas,kaallseɲǯ kuud’e(j) l’eeššeẟ,10
мужик,3,kaalls,ка̄ллс,kld_txt_Lehtiranta_3_kɒn’t’_moajnas,aag’est l’aaj kɒn’n’t kaallsen,10
мужик,3,kaalls,ка̄ллс,Переведенный корпус,n’iijjta paar’r’n’ ponrav’dede i cɒɒr al’l’k’ i kaallsa n’iijjt nɒɒj̥j̥tledden’ i jeel’ešuud’d’en’ š’iiggten’n’e i tenna rajja jeellev i m’iinet’ kuessa kɒhčev,10
мужик,3,kaalls,ка̄ллс,Переведенный корпус,jeen’n’b’eel’l’ sraaze šummguud’e kaallsa ell,10
мужик,3,kals,калс,kld_txt_Kert1961_pro_vorona_tulena_i_dikogo_olena,tes’t kalsenč vuud’e nɨm’m’p ɨj ja kualmant p’eejv’ vaan’n’cel’ nuurmuss n’iijjtas kuessa,2
мужик,3,kals,калс,kld_txt_Kert1961_pro_vorona_tulena_i_dikogo_olena,kalsenč poore juge poore juge,2
мужик.GEN.SG,1,kaallas,ка̄ллас,,,1
мужик.NOM.SG,1,kaal’l’es’,ка̄ллесь,,,1
мужик.acc.sg,1,kaallas,ка̄ллас,,,1
мужик.gen.sg,1,kaallas,ка̄ллас,,,1
мужик.nom.sg,3,kaal’l’es,ка̄ллес,kld_txt_Lehtiranta_2_r’iim’ɲ_i_taale_moajnas,jeerrka kaal’l’es vuje(j)[a] kuul’l’k’eer’r’sen,4
мужик.nom.sg,3,kaal’l’es,ка̄ллес,kld_txt_Lehtiranta_2_r’iim’ɲ_i_taale_moajnas,kaal’l’es vuje(j) vuje(j),4
мужик.nom.sg,3,kaal’l’es,ка̄ллес,kld_txt_Lehtiranta_2_r’iim’ɲ_i_taale_moajnas,kaal’l’es jeeske(j) i moac’e(j),4
мужик.nom.sg,3,kaal’l’es,ка̄ллес,Переведенный корпус,kaal’l’es jur’te jur’te paš’š’e nɒɒj̥j̥tlede vɒɒl’te v’iir’es’ nɨzan,4
мужик.nom.sg,3,kaal’l’es’,ка̄ллесь,kld_txt_Lehtiranta_2_r’iim’ɲ_i_taale_moajnas,kaal’l’es’ voal’te(j) r’iim’ɲ,4
мужик.nom.sg,3,kaal’l’es’,ка̄ллесь,Переведенный корпус,j’iil’e eexxt kaal’l’es’ n’iijtenes’,4
мужик.nom.sg,3,kaal’l’es’,ка̄ллесь,Переведенный корпус,kaal’l’es’ šɒɒleš n’iijtes’ što sonn šaannt jeenxem,4
мужик.nom.sg,3,kaal’l’es’,ка̄ллесь,Переведенный корпус,jur’te kaal’l’es’ vaal’l’te nɨzan kuu šendahč go rɒdne jeen’n’ n’iijtaja a vɨjte muddanaalla,4
мужик.nom.sg,3,kal'l'es',каллесь,kld_txt_Kert1961_nuemmel_piras,kal'l'es' jall pere n'uezel't pejjel' p’eejv' ja pejjel’ p’eejv' š’iigten’n’e.,2
мужик.nom.sg,3,kal'l'es',каллесь,kld_txt_Kert1961_nuemmel_piras,kal'l'es' iǯ lɨkke kul'xes' lafkes' migjen’,2
мужчина,1,kaalls,ка̄ллс,,,1
мужчина.GEN.SG,1,kaalls,ка̄ллс,,,1
мужчина.NOM.SG,2,kaal’l’es’,ка̄ллесь,Переведенный корпус,jeen’en’es’ kueht’as’ sɨjj ejj eft vuer vɨggen’ kaal’l’es’ n’iijt keeɲɲle rajja,3
мужчина.NOM.SG,2,kaal’l’es’,ка̄ллесь,Переведенный корпус,a kaal’l’es’ n’iijjt cele p’eejve m’iil’l’te lɨke sonn i č’aaz’ gɒrre vɒrrad sonn i p’eerk kɨppt i laammpset’ por̥tad i muur’et’ kuennt d’i šeel’d’et’ pass,3
мужчина.NOM.SG,2,kaal’l’es’,ка̄ллесь,Переведенный корпус,eex’x’teš’ kaal’l’es’ puud’e vaar’es’ mɒɒst,3
мужчина.NOM.SG,2,kal’l’es’,каллесь,Переведенный корпус,kal’l’es’ gɒr’jede šɒɒlaš n’iijtes’,1
мужчина.nom.sg,1,kaal'l'es',ка̄ллесь,,,1
мужчина.старше.30.лет,2,kaalls,ка̄ллс,Переведенный корпус,sarneškud'e Mar’r'j Uvvan n’iijjt kaallseguejm c'aal̥l̥k kooz čuur'v’et' pɨjje tenn sajja koappče čuer'v' gar',1
мужчина.старше.30.лет,2,kaals,ка̄лс,Переведенный корпус,Oalkembel't uks tueg jeg'g'e šuurr keelten’ ja karvul'l'e mune kuuht'e kaalse koolmet' sutket',1
мужчина.старше.30.лет.nom.pl,1,kaallas,ка̄ллас,,,3
мучать,1,muhc,муххц,,,1
мучить,1,muhc,муххц,,,1
мучить.npst.3sg,1,muehc,муэххц,,,1
мучить.pst.3sg,1,muehc?”,муэххц?”,,,1
мчаться,1,kacc,кадц,,,1
мы,2,mɨjj,мыйй,kld_txt_KarNC_deers,maŋ’ŋ’ per’e l’aajj šiig mɨjje,1
мы,2,m’iin,мӣн,kld_txt_KarNC_deers,no m’iines’t’ puaz paj nɨt’t’e jiil’e no m’iinen’ puaz paj vuameškuud’e,6
мы,2,m’iin,мӣн,kld_txt_KarNC_deers,no m’iines’t’ puaz paj nɨt’t’e jiil’e no m’iinen’ puaz paj vuameškuud’e,6
мы,2,m’iin,мӣн,kld_txt_KarNC_deers,m’iinen’ v’iil’jangɒn’c’ pɨɲɲen’,6
мы,2,m’iin,мӣн,kld_txt_KarNC_deers,maŋŋa m’iines’t’ puaz peejjneškuud’e pajjas šenteškuud’e laššneškuud’e,6
мы,2,m’iin,мӣн,kld_txt_KarNC_deers,ad’d’ m’iines’t’ kolxozes’t cuez šende vɨddemp’lɒg’g’ tɒfant,6
мы,2,m’iin,мӣн,kld_txt_Kert1961_jeerrkja_oollmej_bajas,jesl’e kɒmpaɲe paar’r’n vaallt mun kuujje tanna munn lɨgga nɨd’d’ što ruuc m’iinet’ jev kɒn’t,6
мы.nom,1,mɨjj,мыйй,,,1
мыс,1,ɲɒɒrg,ноа̄рг,,,1
мыть,1,peez,пэ̄з,,,2
мыть.NPST.3SG,1,pass,пасс,,,1
мышь,2,saahp’p’l’iŋ’g,са̄ххппьлиӈьг,kld_txt_Lehtiranta_1_r’iim’ɲ_moajnas,taall poore saahp’p’l’iŋ’ga i evdas vaan’n’ʒel,1
мышь,2,saap’p[d]’l’iŋ’g,са̄ппь[д]лиӈьг,kld_txt_Lehtiranta_1_r’iim’ɲ_moajnas,r’iimmɲ saarrn čte saap’p[d]’l’iŋ’geɲǯ l’ii ɲues’s’,1
мясо,1,vueɲɲč,вуэннч,,,1
мясо.acc.sg,2,vuenč,вуэнч,kld_txt_Kert1961_pro_vorona_tulena_i_dikogo_olena,paaštguud’e ja kɨptguud’e vuenč,2
мясо.acc.sg,2,vuenč,вуэнч,kld_txt_Kert1961_pro_vorona_tulena_i_dikogo_olena,jeenne poore puujt ja vuenč,2
мясо.acc.sg,2,vueɲč,вуэнч,Переведенный корпус,aavdem čaajet p’eerget kɨp’t’em pɒɒštem vueɲč,1
мёрзнуть,3,kaal’l’m,ка̄лльм,Переведенный корпус,kuuddej n’iijjt vaarra kaal’l’mluvve d’ii eebbas ooxxte ɒre vaar’ kes’kes’,3
мёрзнуть,3,kaal’l’m,ка̄лльм,Переведенный корпус,vuur’t’e vuur’t’e až’es’ ejj t’eedda sonn ejj jur’r’t’ma što vuel’l’k'teš soon kaal’l’me vaar’es’,3
мёрзнуть,3,kaal’l’m,ка̄лльм,Переведенный корпус,muuɲkaallsa šɒlšuve taate sonn kaal’l’mde n’iijta da čofta n’iijjt l’aajj š’iig ja mooǯe cɒɒge sonn n’iijjta v’iil’l’k’es’ p’eeck štobɨ ejj kelmče,3
мёрзнуть,3,kal’l’m’,калльм,kld_txt_KarNC_wedding_pt2,a moostgul puuvl kal’l’m’ev”,1
мёрзнуть,3,kelm,кэлм,Переведенный корпус,muuɲkaallsa šɒlšuve taate sonn kaal’l’mde n’iijta da čofta n’iijjt l’aajj š’iig ja mooǯe cɒɒge sonn n’iijjta v’iil’l’k’es’ p’eeck štobɨ ejj kelmče,1
мёрзнуть.NPST.3SG,1,kallm,каллм,,,1
мёрзнуть.npst.3sg,1,kal’l’m’.,калльм.,,,1
на,5,al'n',альн,kld_txt_Kert1961_nuemmel_piras,al'kes'kånc jiillen’ son čaapat al'n',1
на,5,al’n,альн,Переведенный корпус,tel’ čuud’d’čuer’r’v jore luuv’t al’n er’(t) sajje,2
на,5,al’n,альн,Переведенный корпус,i tedd jore luuv’t’ al’n ersajje,2
на,5,al’n’,альн,kld_txt_Kert1961_pro_vorona_tulena_i_dikogo_olena,jurrt an’ xot’ eft ver aǯes’(t) vuadd kɒn’t’ tuul’j al’n’,1
на,5,eel,э̄л,Переведенный корпус,maŋŋades kues’s’ nuuht’eš k’iirxnet’ pued’et’ nuut’ kooz’et olk eel,4
на,5,eel,э̄л,kld_txt_Kert1961_pro_vorona_tulena_i_dikogo_olena,sonn vuages’t p’iiŋk eel leeg voal’te,4
на,5,eel,э̄л,kld_txt_Lehtiranta_1_r’iim’ɲ_moajnas,r’iimmɲ por’de eele muure(j)d i saarrn,4
на,5,eel,э̄л,Переведенный корпус,a nɨm’p’ puadd i vuejj i šurnant paar’n’ eel štɒ munn puada toon konta men guejka most tovruž kon’tex,4
на,5,ɛ̄л,,kld_txt_Kert1961_byl_o_ljajne,uks ɛ̄л pakɛ pi̮ije šur kɛлd,1
на.DAT,1,eel,э̄л,,,4
на.LOC,1,al’n,альн,,,1
на.dat,2,eel,э̄л,kld_GGM_SG_map_202308D,tɒge paak’e eel,9
на.dat,2,eel,э̄л,Переведенный корпус,pugg maal’c’eguejm eel vel kolek’eegg cɒɒg’g’en saav’ex’et doobrat ja vuud’d’en b’eda š’iiggten’n’e,9
на.dat,2,eel,э̄л,kld_txt_Kert1961_jeerrkja_oollmej_bajas,kiihče jaav’r’ eel,9
на.dat,2,eel,э̄л,kld_txt_Kert1961_rybolovstvo_20210223,nuut' kɒʒen' oolke eel,9
на.dat,2,eel,э̄л,kld_txt_Lehtiranta_2_r’iim’ɲ_i_taale_moajnas,tɨj(j) c’aal̥l̥k iššte koal’l’te eel,9
на.dat,2,eel,э̄л,Переведенный корпус,ɨštet' n'iijt saan eel ja vɨjjel' vaarra,9
на.dat,2,eel,э̄л,Переведенный корпус,kues’s’ muuɲkaallsa puud'e sonn el'ge šumme soon eel,9
на.dat,2,eel,э̄л,Переведенный корпус,muuɲkaallsa s'eenntel' soon eel,9
на.dat,2,eel,э̄л,Переведенный корпус,pɒɒze soon eel keellm vujnegen' ja kallmed soon,9
на.dat,2,ell,элл,Переведенный корпус,jeen’n’b’eel’l’ sraaze šummguud’e kaallsa ell,1
на.loc,4,al'n,альн,Переведенный корпус,a sɒɒne al'n ujnes' ižes' kallma n'iijt,1
на.loc,4,al’n,альн,kld_SAM_SG_map_20230815,al’n или,4
на.loc,4,al’n,альн,kld_txt_KarNC_wedding_pt2,a uks al’n tam’p’e ɒret s’iinet’ jev luušt ceel̥l̥kev:,4
на.loc,4,al’n,альн,kld_txt_KarNC_wedding_pt2,a munngul šen’te dak šen’tedas mustgul puvle al’n nugge dak mus(t)gul pugnen’dekke,4
на.loc,4,al’n,альн,kld_txt_Kert1961_jeerrkja_oollmej_bajas,oollme eel’l’ken’ saarrne parnaguejm štobe kɒmpaɲe paar’r’n soon al’n nɒɒj̥j̥tlede(h)č,4
на.loc,4,al’n’,альн,Пkld_txt_Kert1961_suška škur,tuul’j al’n’ vuajj vued’d’e il’i kuarre maal’c’et’ ja rɒvvet’ a kɒmmsen’ kuaret’ tubɨrket’ p’imat’ buurket’,1
на.loc,4,al’n…,альн…,kld_SAM_SG_map_20230815,pevl l’eev paak’ al’n… lus’s’en’,1
на_улицу,1,olk,олк,,,1
навстречу,2,vuessta,вуэсста,Переведенный корпус,tel’(?) olmanč puadd son’n’e vuessta vaan’n’c,6
навстречу,2,vuessta,вуэсста,Переведенный корпус,ejj eesstma sonn xar’a vuel’l’k’te kued’es’ vel’l’ej son’n’e vuessta aahk’ ja el’g’e šume kaallses’ eel,6
навстречу,2,vuessta,вуэсста,Переведенный корпус,tedd l’aajj muuɲkaallsa muuɲkaallsa t’iirvxede n’iijten’ sonn vuessta,6
навстречу,2,vuessta,вуэсста,Переведенный корпус,pɒɒss aaka v'iižes' vuessta,6
навстречу,2,vuessta,вуэсста,Переведенный корпус,a narot pugg vuessta,6
навстречу,2,vuessta,вуэсста,Переведенный корпус,tel’ i v’iž’e narot pugg vuessta,6
навстречу,2,vuus’,вӯсь,Переведенный корпус,vɨjem vuus’ lujav’r’urrte,1
над,1,al’n’,альн,,,1
над.PSTP,1,al’n’,альн,,,1
надевать,3,caagg,ца̄гк,Переведенный корпус,n’iijjt l’aajj tenn vuer caagga muuɲkaallsa laaj̥et’ v’iil’l’k’es’ p’eeck v’iil’l’k’es’ mooǯes’ p’imat’,1
надевать,3,cɒɒg’g’,цоа̄гкь,Переведенный корпус,parna cɒɒg’g’en maal’c’et tobɨrket p’imat,1
надевать,3,čɒɒg,чоа̄г,Переведенный корпус,čɒɒgem saav’ex’et koollm oollme kuuddjen činne p’eerg vel,1
надеть,3,cɒɒg,цоа̄г,Переведенный корпус,muuɲkaallsa šɒlšuve taate sonn kaal’l’mde n’iijta da čofta n’iijjt l’aajj š’iig ja mooǯe cɒɒge sonn n’iijjta v’iil’l’k’es’ p’eeck štobɨ ejj kelmče,1
надеть,3,cɒɒg',цоа̄гь,Переведенный корпус,ja cɒɒg'e sama moǯes' vaaptek oasset man'te sos l'iijjen',1
надеть,3,cɒɒg’g’,цоа̄гкь,Переведенный корпус,pugg maal’c’eguejm eel vel kolek’eegg cɒɒg’g’en saav’ex’et doobrat ja vuud’d’en b’eda š’iiggten’n’e,1
надеяться,1,naad’jedd,на̄дедт,,,1
надо,2,bedd,бэдт,Переведенный корпус,c’eel̥’l̥’k’ev vuul’l’k’e bedd ooʒe,1
надо,2,bɨdd,быдт,Переведенный корпус,pɒstxet’ koogg l’eev čuuʒes’ b’eda bɨdd jenna vaan’n’c’e i čuuʒe kooppče eft sajja,2
надо,2,bɨdd,быдт,kld_txt_Lehtiranta_1_r’iim’ɲ_moajnas,bɨdd tar’r’vmuure(j)d kuattksen,2
назад,2,moast,моаст,kld_txt_Itkonen1931_6_page254,num’m’p cuer̥’r̥’t’ c’eel̥’k’e što vɨgga bɨdd moast,5
назад,2,moast,моаст,kld_txt_Kert1961_pro_vorona_tulena_i_dikogo_olena,sɨjj karrev p’alpnev moast jeen’es’ gɒrre,5
назад,2,moast,моаст,kld_txt_Kert1961_pro_vorona_tulena_i_dikogo_olena,tel’ moast puud’e,5
назад,2,moast,моаст,kld_txt_Lehtiranta_2_r’iim’ɲ_i_taale_moajnas,vaan’n’cel moast čuukke m’iil’l’te,5
назад,2,moast,моаст,kld_txt_Lehtiranta_2_r’iim’ɲ_i_taale_moajnas,vaan’n’cel moast,5
назад,2,mɒɒst,моа̄ст,Переведенный корпус,ɨštem laavleguejm vɨjjl’em mɒɒst,2
назад,2,mɒɒst,моа̄ст,Переведенный корпус,puudem mɨjj mɒɒst s’ijjda,2
называемый,1,,,,,1
найти,4,koavn,коавн,kld_txt_Lehtiranta_2_r’iim’ɲ_i_taale_moajnas,koavne(j) r’iim’ɲes,2
найти,4,koavn,коавн,Переведенный корпус,maŋŋa nɨm’m’p’ paar’r’n’ koavnšuve,2
найти,4,koavvn’,коаввьн,kld_txt_Itkonen1931_6_page254,koavvn’en’ kued’e vaar’es’t’,2
найти,4,koavvn’,коаввьн,kld_txt_Itkonen1931_6_page254,voal’l’t’en’ ja koavvn’en’ s’iin’et’ kaallas paar’n’en’es’,2
найти,4,kåvn,квн,kld_txt_Kert1961_byl_o_ljajne,alkes’ kåvnɛn˙ tampɛ kånnta,1
найти,4,kɒɒvvn,коа̄ввн,kld_txt_KarNC_wedding_pt2,a kɒɒvvnep’,1
найти.npst.3sg,1,kåvvn,кввн,,,1
налить,1,vɒɒll,воа̄лл,,,2
намереваться,1,tɨvv,тывв,,,1
напевать,1,kɨkk,кыкк,,,1
наполнить,1,t’iivvt,тӣввт,,,1
наполнить?,1,moann,моанн,,,1
например,1,nap’r’im’eer,напьримēр,,,1
народ,2,narod,народ,Переведенный корпус,kooxxt kuuht paar’n’ pɨn’n’jen’ narodes’,1
народ,2,narod’d’,народтҍ,Переведенный корпус,narod’d’e bɨdd sirred,2
народ,2,narod’d’,народтҍ,Переведенный корпус,bedd narod’d’e sɒg lɨhke,2
народ.nom.sg,1,narot,нарот,,,3
народ.nom.sg?,1,narot,нарот,,,1
наружа,1,olk,олк,,,1
наружу,1,olk,олк,,,1
насмехаться,1,luun'n',лӯннҍ,,,1
настоящий,1,eellm,э̄ллм,,,9
находиться,1,ɒrr,оарр,,,1
начать,19,alk,алк,kld_txt_Genetz1891,sonn ejj alka pag'g'e(δ) voal'te(j) taale k'aassad'd'e muursoane vuella kuaddas’ vaancel’,1
начать,19,allk,аллк,kld_txt_KarNC_deers,jev allka pɨɲɲe ja nɨd’d’ paj jiil’l’eš kolxoz rajja,1
начать,19,al’g’,альг,Переведенный корпус,puuʒet pugg kornem ja ɨldem tool ja al’g’em aavvde čaaj činne p’eerg,2
начать,19,al’g’,альг,Переведенный корпус,tagda mɨjj iiǯ pɒɒj̥kan urdan snemajedem tel’e al’g’em jɒddjem saav’exal’n valas,2
начать,19,a’lg,альг,Переведенный корпус,mennev tɒɒjv šurr ab’r’ a s’eent’aabres akt’aabr maanas a’lg uže pɨjje veeze,1
начать,19,eel'l'k,э̄лльк,kld_txt_Kert1961_rybolovstvo_20210223,nuur'r' puud'e eel'l'keš' sɨvl' luuš'š'te,2
начать,19,eel'l'k,э̄лльк,kld_txt_Kert1961_rybolovstvo_20210223,ja eel'l'ken' nuut' poon'n'e,2
начать,19,eel’l’k,э̄лльк,kld_txt_Kert1961_jeerrkja_oollmej_bajas,oollme eel’l’ken’ saarrne parnaguejm štobe kɒmpaɲe paar’r’n soon al’n nɒɒj̥j̥tlede(h)č,3
начать,19,eel’l’k,э̄лльк,kld_txt_Kert1961_rybolovstvo_20210223,ja eel’l’ken' paar̥ket' skoban kaar'r'te ja nɨjpen' vuullе,3
начать,19,eel’l’k,э̄лльк,kld_txt_Kert1961_rybolovstvo_20210223,eel’l’ken' cɨhca pɨjje nuut',3
начать,19,eel’l’k’,э̄лльк,kld_txt_KarNC_deers,kues’s’ kolxoz šeende tel’ eel’l’k’en’,2
начать,19,eel’l’k’,э̄лльк,kld_txt_KarNC_wedding,puud’d’en’ žen’ex’ eel’l’k’en’ svat’jedde,2
начать,19,el'g,эльг,Переведенный корпус,kues’s’ muuɲkaallsa puud'e sonn el'ge šumme soon eel,1
начать,19,el'k,эльк,kld_txt_Kert1961_nuemmel_piras,nurmuss el'ke robxušše lɨhke p’eecet’.,2
начать,19,el'k,эльк,kld_txt_Kert1961_rybolovstvo_20210223,tanna eexxt olme tuerrpem muuren' el'ke tuerrpe,2
начать,19,el'k',эльк,Переведенный корпус,ext s'err nɨm'm'p' tɨvnede taallen’ ja el'k'e pl'ass'je.,1
начать,19,el’g,эльг,Переведенный корпус,vuulklešuude evdes’ vaan’c’e vaar’ m’iil’l’te n’iijjt el’ge soon moolle štobɨ ejj kuedeče sonn ooxxte vaarra,1
начать,19,el’g’,эльг,kld_txt_KarNC_deers,ja tel’ el’g’em’ pɨɲɲe iiž’a saam’,2
начать,19,el’g’,эльг,Переведенный корпус,ejj eesstma sonn xar’a vuel’l’k’te kued’es’ vel’l’ej son’n’e vuessta aahk’ ja el’g’e šume kaallses’ eel,2
начать,19,el’k’,эльк,Переведенный корпус,tel’ sug’g’eš i el’k’en’ s’in’et’ ar’jeguejm taagge(d),1
начать,19,l’k,льк,kld_txt_Kert1961_byl_o_ljajne,l’kɛn˙ porrɛ rūc,1
начать,19,l’k̭,льк,kld_txt_Kert1961_byl_o_ljajne,l’k̭i͔ jena i̮ije mil’tɛ vodḓɛtɛ,1
начать,19,l’k’,льк,kld_txt_Kert1961_byl_o_ljajne,l’k’i͔n˙ kuextas jel’l’e,1
начать,19,ɒɒlk,оа̄лк,kld_txt_KarNC_deers,m’iin ruup’p’s’es’ čuma ɒɒlkxuv’v’en’ tala kolxozes’t’,1
начать,19,ɛl’k,льк,kld_txt_Kert1961_byl_o_ljajne,sonn vål’ti͔ ɛl’ki͔ sinɛt˙ kusxɛ,3
начать,19,ɛl’k,льк,kld_txt_Kert1961_byl_o_ljajne,i ɛl’ki͔ sinɛt˙ kån’n’tɛ,3
начать,19,ɛl’k,льк,kld_txt_Kert1961_byl_o_ljajne,kuɛs’s’ tabhuve ɛl’ki͔ pirses odze:,3
начать,19,аl’g,льг,Переведенный корпус,p’eervi veeze pɨjj sun’n’t’ad tell pɨjj tell avda pɨjj i tɒɒjv maŋŋa pɨjj ja’vr i joge lɒɒnd аl’gev milgnes kal’l’me,1
начать.npst.3sg,1,allk,аллк,,,1
не,1,ejj,эйй,,,1
не_нужно,2,ibe,ыбэ,kld_txt_Lehtiranta_3_kɒn’t’_moajnas,ibe mɨn’n’e tuun ɲiɲɲč,2
не_нужно,2,ibe,ыбэ,kld_txt_Lehtiranta_3_kɒn’t’_moajnas,ibe num’m’p,2
не_нужно,2,iib’e,ӣбе,kld_txt_Genetz1891,iib’e,1
небо,3,allm,аллм,kld_txt_Genetz1891,no saam’m’l'aɲč čac’c’k allma,2
небо,3,allm,аллм,kld_txt_Genetz1891,allma k’iihč,2
небо,3,al’m,альм,Переведенный корпус,p’eejva l’eev što al’mes’ kopč(e)neddev peevl p’eejjv kues’s’ ejj vuaj meenne ab’b’r’ ab’b’r’ ejj vuaj i veeʒ a vuajj prosta meenne i veeʒ,1
небо,3,al’m’,альм,Переведенный корпус,čeexxč saam oollme saarnev puadd nim’b čislas’ aavgustes kues’s’ p’eervi vuer oolme ujnas al’m’es tas’t’,3
небо,3,al’m’,альм,Переведенный корпус,vɨjem mɨjj rast laan’d’ lɒɒn’d’e m’iil’l’d’e čuujav’r’ čel’čedvɒɒr’e a al’m’es l’aajj b’eda mooǯes vɒɒvkez,3
небо,3,al’m’,альм,Переведенный корпус,kuus’s’t’en al’m’es taas’t’,3
невеста.NOM.SG,1,kɒɒbsess,коа̄бсэсс,,,1
невод,2,nuut',нӯтҍ,kld_txt_Kert1961_rybolovstvo_20210223,ja allk luuš'š'te nɨm'm'p' p'eel' nuut',1
невод,2,nuut’,нӯтҍ,Переведенный корпус,vele šɨl’et kuul’e nuut’en’,2
невод,2,nuut’,нӯтҍ,Переведенный корпус,tel’e eeltnet nɨm’m’pe red’d’en’ rɨnnte i nuut’ k’eez’et k’iid’eguejm ele že eexxt olme veensen nuur’e vokgoarre nuehta a kut’es’ kut’ kuuxxt oollme kut’ p’iirаs nuut’ čoovvgev,2
невод(ить),1,nuut',нӯтҍ,,,1
невод.acc,1,nuut',нӯтҍ,,,1
невод.acc.ag,1,nuut’,нӯтҍ,,,1
невод.acc.sg,2,nuut',нӯтҍ,kld_txt_Kert1961_rybolovstvo_20210223,nuut' oolkes k'iis's'eš veennse ja suldeš'[a] loahpket',8
невод.acc.sg,2,nuut',нӯтҍ,kld_txt_Kert1961_rybolovstvo_20210223,nostme k'eessev' nuut',8
невод.acc.sg,2,nuut',нӯтҍ,kld_txt_Kert1961_rybolovstvo_20210223,ja eel'l'ken' nuut' poon'n'e,8
невод.acc.sg,2,nuut',нӯтҍ,kld_txt_Kert1961_rybolovstvo_20210223,kues's' nuut' veennse pɨjjen' nuur'et' ja k'iivtet' moannen',8
невод.acc.sg,2,nuut',нӯтҍ,kld_txt_Kert1961_rybolovstvo_20210223,kues's' k’iihčev što vuajj nuut' pɨjje,8
невод.acc.sg,2,nuut',нӯтҍ,kld_txt_Kert1961_rybolovstvo_20210223,eel’l’ken' cɨhca pɨjje nuut',8
невод.acc.sg,2,nuut',нӯтҍ,kld_txt_Kert1961_rybolovstvo_20210223,maŋŋa taaz sɨz k’iissen' nuut',8
невод.acc.sg,2,nuut',нӯтҍ,kld_txt_Kert1961_rybolovstvo_20210223,nuut' kɒʒen' oolke eel,8
невод.acc.sg,2,nuut’,нӯтҍ,Переведенный корпус,tel’ k’aaǯa a kut’as’ kes’s’ luuštal nuut’ tavas,8
невод.acc.sg,2,nuut’,нӯтҍ,Переведенный корпус,tel’ nuut’ k’eezet,8
невод.acc.sg,2,nuut’,нӯтҍ,Переведенный корпус,pɨetamu tav’v’en nuut’ šaalgtet,8
невод.acc.sg,2,nuut’,нӯтҍ,Переведенный корпус,veenses čaс’k’et jaakr ja nuut’ tuubet n’eskol’ka raaz,8
невод.acc.sg,2,nuut’,нӯтҍ,Переведенный корпус,tel’e eeltnet nɨm’m’pe red’d’en’ rɨnnte i nuut’ k’eez’et k’iid’eguejm ele že eexxt olme veensen nuur’e vokgoarre nuehta a kut’es’ kut’ kuuxxt oollme kut’ p’iirаs nuut’ čoovvgev,8
невод.acc.sg,2,nuut’,нӯтҍ,Переведенный корпус,tel’l’ nuut’ pɨjet veennse i suggev kuel’l’e šɨl’l’e mudda sajja,8
невод.acc.sg,2,nuut’,нӯтҍ,Переведенный корпус,k’eez’et nuut’ mugga sajen kas’s’* jolla kieb’g’** l’ii nol’ges*** pɒn’n’,8
невод.acc.sg,2,nuut’,нӯтҍ,Переведенный корпус,maŋŋades kues’s’ nuuht’eš k’iirxnet’ pued’et’ nuut’ kooz’et olk eel,8
невод.gen.sg,1,nuut',нӯтҍ,,,1
невод.nom.sg,2,nuuht',нӯххьт,kld_txt_Kert1961_rybolovstvo_20210223,kues's' nuuht' puud'e rɨnnte,4
невод.nom.sg,2,nuuht',нӯххьт,kld_txt_Kert1961_rybolovstvo_20210223,nuuht' per'e l'ii v'iillke,4
невод.nom.sg,2,nuuht',нӯххьт,kld_txt_Kert1961_rybolovstvo_20210223,nuuht' cɨhcej š'iiggten'n'e,4
невод.nom.sg,2,nuuht',нӯххьт,kld_txt_Kert1961_rybolovstvo_20210223,kues's' nuuht' kɒššk,4
невод.nom.sg,2,nuuht’,нӯххьт,Переведенный корпус,nuuht’ l’ii kug’g’es’ vuud’en m’etrav koollm ɲeel’l’j čuud’e,2
невод.nom.sg,2,nuuht’,нӯххьт,Переведенный корпус,vuajj nuuht’ bɨtt i uʒ’a,2
неводить,4,nueht,нуэххт,Переведенный корпус,tel’e eeltnet nɨm’m’pe red’d’en’ rɨnnte i nuut’ k’eez’et k’iid’eguejm ele že eexxt olme veensen nuur’e vokgoarre nuehta a kut’es’ kut’ kuuxxt oollme kut’ p’iirаs nuut’ čoovvgev,1
неводить,4,nuuht',нӯххьт,kld_txt_Kert1961_rybolovstvo_20210223,parna bɨdd vuul'l'ke nuuht'e,1
неводить,4,nuuht’,нӯххьт,Переведенный корпус,maŋŋades kues’s’ nuuht’eš k’iirxnet’ pued’et’ nuut’ kooz’et olk eel,1
неводить,4,nuut’,нӯтҍ,Переведенный корпус,nu nuut’et olme koollm ɲeel’l’j,2
неводить,4,nuut’,нӯтҍ,Переведенный корпус,nuut’et kooxxt jaav’res nɨt’t’e i joks,2
немного,2,sada,сада,kld_txt_Lehtiranta_1_r’iim’ɲ_moajnas,r’iimmɲ saarrn čte kuun’d(‘)(e) kuun’d(‘)(e) v’aalen sada,3
немного,2,sada,сада,kld_txt_Lehtiranta_1_r’iim’ɲ_moajnas,kuun’d(‘)sest sada,3
немного,2,sada,сада,kld_txt_Lehtiranta_1_r’iim’ɲ_moajnas,čte vuur’r’del sada,3
немного,2,saẟa,са̄,kld_txt_Lehtiranta_2_r’iim’ɲ_i_taale_moajnas,ɒrseg’g’e(ẟ) v’aal saẟa,1
немного?,1,saada,са̄да,,,1
несколько,2,n’eeskol’ka,нēсколькя,Переведенный корпус,al’l’m’ bɨvaet n’eeskol’ka p’eejjve,1
несколько,2,n’eskol’ka,несколькя,Переведенный корпус,veenses čaс’k’et jaakr ja nuut’ tuubet n’eskol’ka raaz,1
нести,10,kuennt,куэннт,kld_txt_KarNC_wedding,kuennt možet pɨht tam’b’e štof ven’n’e’ ja pɨht čuarb’eel’l’ vueɲɲče,1
нести,10,kuunt,кӯнт,kld_txt_Lehtiranta_2_r’iim’ɲ_i_taale_moajnas,kuunteč vaarra,1
нести,10,kuun’d(‘),кӯнҍд(‘),kld_txt_Lehtiranta_1_r’iim’ɲ_moajnas,kuun’d(‘)e kuun’d(‘)e saarrn,12
нести,10,kuun’d(‘),кӯнҍд(‘),kld_txt_Lehtiranta_1_r’iim’ɲ_moajnas,kuun’d(‘)e kuun’d(‘)e saarrn,12
нести,10,kuun’d(‘),кӯнҍд(‘),kld_txt_Lehtiranta_1_r’iim’ɲ_moajnas,kuun’d(‘)e kuun’d(‘)e saarrn,12
нести,10,kuun’d(‘),кӯнҍд(‘),kld_txt_Lehtiranta_1_r’iim’ɲ_moajnas,kuun’d(‘)e kuun’d(‘)e saarrn,12
нести,10,kuun’d(‘),кӯнҍд(‘),kld_txt_Lehtiranta_1_r’iim’ɲ_moajnas,r’iimmɲ saarrn čte kuun’d(‘)(e) kuun’d(‘)(e) v’aalen sada,12
нести,10,kuun’d(‘),кӯнҍд(‘),kld_txt_Lehtiranta_1_r’iim’ɲ_moajnas,r’iimmɲ saarrn čte kuun’d(‘)(e) kuun’d(‘)(e) v’aalen sada,12
нести,10,kuun’d(‘),кӯнҍд(‘),kld_txt_Lehtiranta_1_r’iim’ɲ_moajnas,taall kuun’d(‘)e kuun’d(‘)e saarrn,12
нести,10,kuun’d(‘),кӯнҍд(‘),kld_txt_Lehtiranta_1_r’iim’ɲ_moajnas,taall kuun’d(‘)e kuun’d(‘)e saarrn,12
нести,10,kuun’d(‘),кӯнҍд(‘),kld_txt_Lehtiranta_1_r’iim’ɲ_moajnas,kuun’d(‘)sest sada,12
нести,10,kuun’d(‘),кӯнҍд(‘),kld_txt_Lehtiranta_1_r’iim’ɲ_moajnas,taall kuun’d(‘)e kuun’d(‘)e k’aačč[e],12
нести,10,kuun’d(‘),кӯнҍд(‘),kld_txt_Lehtiranta_1_r’iim’ɲ_moajnas,taall kuun’d(‘)e kuun’d(‘)e k’aačč[e],12
нести,10,kuun’d(‘),кӯнҍд(‘),kld_txt_Lehtiranta_1_r’iim’ɲ_moajnas,taall kuun’d(‘)e muure(j)d i pooɲe p’aasstaγed,12
нести,10,kuun’d(’),кӯнҍд('),kld_txt_Lehtiranta_1_r’iim’ɲ_moajnas,taall kuun’d(’)e kuun’d(’)e saarrn,2
нести,10,kuun’d(’),кӯнҍд('),kld_txt_Lehtiranta_1_r’iim’ɲ_moajnas,taall kuun’d(’)e kuun’d(’)e saarrn,2
нести,10,kuun’n't,кӯннҍт,kld_txt_Kert1961_rybolovstvo_20210223,kuun’n'ten' lаk'k' v’eer't čaaz',1
нести,10,kuun’n’d,кӯннҍд,kld_txt_Lehtiranta_1_r’iim’ɲ_moajnas,evdas kuun’n’dguuδ’e r’iim’ɲ(e),3
нести,10,kuun’n’d,кӯннҍд,kld_txt_Lehtiranta_1_r’iim’ɲ_moajnas,taall poore ɲuem’m’(e)l(‘)a ja evdas kuun’n’dxuuδ’e r’iim’ɲ(e),3
нести,10,kuun’n’d,кӯннҍд,kld_txt_Lehtiranta_1_r’iim’ɲ_moajnas,bɨdd kuun’n’de(ẟ) jeenna muurre ja p’aasstaγe(j)d bed pooɲ(e)[f],3
нести,10,kuun’n’d(‘),кӯннҍд(‘),kld_txt_Lehtiranta_1_r’iim’ɲ_moajnas,taall vaal’de r’iim’ɲ ja kuun’n’d(‘)kuuδ’e,1
нести,10,kuun’n’t,кӯннҍт,Переведенный корпус,aalt kuun’n’tev vuuz’et,2
нести,10,kuun’n’t,кӯннҍт,kld_txt_Genetz1891,ruuv’t kuajv kuut’as kuun’n’ten’,2
нести,10,pɨht,пыххт,kld_txt_Genetz1891,tal’ pɨhten’ kolmas ruuv’t kuajv saaml’eɲče,2
нести,10,pɨht,пыххт,Переведенный корпус,tonn mej pueres' čaann eg'g' pɨhta m'iinne lɒj̥et' kɒl'l'et' ja mooǯes' šolk ɒɒsset',2
нести,10,vɨgg,выгк,Переведенный корпус,jeen’en’es’ kueht’as’ sɨjj ejj eft vuer vɨggen’ kaal’l’es’ n’iijt keeɲɲle rajja,1
нести.NPST.3SG,1,kuennt,куэннт,,,1
нести.NPST.SG,1,kuennt,куэннт,,,1
нести.cng.pst,1,kun’t,кунҍт,,,1
нести.npst.3sg,1,kuent,куэнт,,,1
нет,1,нет,нет,,,1
ни,1,n’i,ни,,,2
нигде,1,nikas’t˙,ныкасьт˙,,,1
нижний,1,čuar,чуар,,,1
низ,2,val,вал,Переведенный корпус,pɨjet nɨt’t’ štobe sɨjj l’iihčen’ seekksem m’eedas tes’t’ vuajj kues’s’ l’eev seekks m’eedas vuajj čuujjke udlen’n’e a kues’s’ pejjne paahka to rueppt seeks ejj jɒdd valas k’irse,1
низ,2,vuul’,вӯль,Переведенный корпус,keskes’t’ koollset’ kuud’et’ mugga al’a saja a vuul’em’b’eel’l’ lɨgget raajk,1
ничего,1,ničego,ныцэго,,,1
ничком,2,kɒm,коам,kld_txt_Kert1961_pro_vorona_tulena_i_dikogo_olena,ɨjas kɒmladd vued’d’e tol’ke mušt,1
ничком,2,kɒmm,коамм,kld_txt_Kert1961_pro_vorona_tulena_i_dikogo_olena,ja kɒmmel’ n’iijtes’ š’iidenč sajja,1
ничком?,1,kɒmme,коаммэ,,,1
но,2,no,но,Переведенный корпус,kuul’ pɒppalet raaznɨ nalla laanas jeenne no kuul’ abɨčna val’d’et pooves,7
но,2,no,но,Переведенный корпус,no p’ervimi pueddev ɲuvč ja čueɲɲe ja cizga rušas son kаǯet ‘punačka’,7
но,2,no,но,Переведенный корпус,no p’ervɨ vs’evo p’ees’s’ muure p’ees’s’ muure tag b’eda uʒ’xa,7
но,2,no,но,kld_txt_Genetz1891,no l'aaɲč at't' kul mɨn’n’e t’iiŋ’k’e(j)t’ ejj bɨdd jenamp,7
но,2,no,но,kld_txt_KarNC_deers,no peeljuve tɒn’n’e ɒɒj̥j̥kv’eer’t’ puaze,7
но,2,no,но,kld_txt_Kert1961_pro_vorona_tulena_i_dikogo_olena,nuer’j poorrem luus kus’k’ ja jug’g’enalšem kuul’ raašk no per’a meenn karnses’t,7
но,2,no,но,Переведенный корпус,no n’iijtaja bɨdde l’aajj jeena sonn l’aajj v’aal uc’c’ bɨdde l’aajj soon m’iil’l’te ujjne,7
но,2,no(o),но(о),Переведенный корпус,no(o) mudda vuer vuejjev i jev toočna / no(o) vesenom vuejjev c’eel̥’l̥’k’e,2
но,2,no(o),но(о),Переведенный корпус,no(o) mudda vuer vuejjev i jev toočna / no(o) vesenom vuejjev c’eel̥’l̥’k’e,2
новость.nom.sg,1,soagg,соагк,,,1
новый,1,ood’,о̄дҍ,,,1
новый.ATT,1,odd,одт,,,1
нога,2,juelγ,юел,kld_txt_Lehtiranta_1_r’iim’ɲ_moajnas,juelγeɲen d’i(i) juelγeɲen men(n) vexxteɲɲe vu(e)jjbed’d’e kar’r’e(ẟ),2
нога,2,juelγ,юел,kld_txt_Lehtiranta_1_r’iim’ɲ_moajnas,juelγeɲen d’i(i) juelγeɲen men(n) vexxteɲɲe vu(e)jjbed’d’e kar’r’e(ẟ),2
нога,2,jul’k,йюльк,kld_txt_Kert1961_byl_o_ljajne,tɛl’ tabɛt˙ ruhcлa jul’kɛn˙ ja c’aḽḽk:,1
нога.gen.sg,1,juul'k’,ю̄льк,,,1
нога.nom.pl,1,jul’k,йюльк,,,1
нога.nom.sg,1,juul’g’,ю̄льг,,,1
нож,2,ni̮ip,нӣп,kld_txt_Kert1961_byl_o_ljajne,tɛs’t˙ L’ain šur ni̮ipɛn˙ ter̭pe cepɛt˙ čūd˙čur’v’i̮s’,1
нож,2,nɨjp,ныйп,kld_txt_Kert1961_rybolovstvo_20210223,ja eel’l’ken' paar̥ket' skoban kaar'r'te ja nɨjpen' vuullе,1
нож.acc.sg,1,nɨjp,ныйп,,,1
нож.асс.sg,1,nɨjp,ныйп,,,1
носить.caus,1,uj̥d,уйд,,,1
ночь,3,i̮ij,ӣй,kld_txt_Kert1961_byl_o_ljajne,l’k̭i͔ jena i̮ije mil’tɛ vodḓɛtɛ,1
ночь,3,ɨgg,ыгк,kld_txt_Kert1961_pro_vorona_tulena_i_dikogo_olena,a ɨgga soon muhcguude mov’jas,1
ночь,3,ɨj,ый,kld_txt_Kert1961_pro_vorona_tulena_i_dikogo_olena,ɨjas kɒmladd vued’d’e tol’ke mušt,1
ночь.acc.sg,1,ɨj,ый,,,1
ноябрь,1,najabr,найабр,,,1
ну,3,no,но,kld_txt_Genetz1891,no sonn oašte paal̥’l̥’k’tuvv,11
ну,3,no,но,kld_txt_Genetz1891,no saam’m’l'aɲč čac’c’k allma,11
ну,3,no,но,kld_txt_Genetz1891,no pugg,11
ну,3,no,но,kld_txt_KarNC_deers,no m’iines’t’ puaz paj nɨt’t’e jiil’e no m’iinen’ puaz paj vuameškuud’e,11
ну,3,no,но,kld_txt_KarNC_deers,no m’iines’t’ puaz paj nɨt’t’e jiil’e no m’iinen’ puaz paj vuameškuud’e,11
ну,3,no,но,kld_txt_KarNC_wedding_pt2,no ladno mɨjj zamorske kupcagul jɒd’d’ep’ m’iinen’ l’eev pugg l’ekarstva mɨjjgul an’n’t’ep’ tɨjjegul,11
ну,3,no,но,kld_txt_KarNC_wedding_pt2,čaapex kal’l’m’ no l’eev m’iines’t’ lɨhcep’gul,11
ну,3,no,но,kld_txt_KarNC_wedding_pt2,no lɨhce”,11
ну,3,no,но,kld_txt_Lehtiranta_2_r’iim’ɲ_i_taale_moajnas,no vɨl’l’kep vuaŋŋke(ẟ),11
ну,3,no,но,kld_txt_Lehtiranta_2_r’iim’ɲ_i_taale_moajnas,no vɨl’l’kep с’aal̥l̥k,11
ну,3,no,но,kld_txt_Lehtiranta_2_r’iim’ɲ_i_taale_moajnas,no taall k’eet’t’k ja ɲuem’m’el oorren oorren,11
ну,3,nu,ну,Переведенный корпус,nu sp’erva luuš’t’et saajmet čuallma el’e že ɲɒɒrges tavas kas’s’ kuul’l’ dolžan meenne paal’ bajas paal’ bajas,11
ну,3,nu,ну,Переведенный корпус,nu nuut’et olme koollm ɲeel’l’j,11
ну,3,nu,ну,Переведенный корпус,taal’l’va veеʒ bɨvaet keess’em i bɨvaet i čovta keessem nu t’eennet kuuddlag’g’ keǯǯemlag’g’ sajn’tim’eetrav,11
ну,3,nu,ну,Переведенный корпус,nu vot nap’r’im’eer / vot kooxxt / jesl’e m’eer gor’r’en’ kas’s’ puadd tav(’)v(’)al p’iiŋŋk / pɨjjen’ s’eenkes’ peevl l’ee∅ / to saam’ saarrnev što l’aaɲč tav(’)v(’)al p’iiŋŋg ja ɲues’s’ jeerrk / vuajj pued’d’e c’iigg jeerrk,11
ну,3,nu,ну,kld_txt_Genetz1891,nu tal'e čaaʒ’jel'l'e puud'e saaml’eɲče c'aal̥l̥ka,11
ну,3,nu,ну,kld_txt_Genetz1891,nu moast vaan’n’cel’(e),11
ну,3,nu,ну,kld_txt_Genetz1891,nu c'aal̥l̥k kaaz’x’es’,11
ну,3,nu,ну,kld_txt_Genetz1891,nu sonn oaššte čec’k’e,11
ну,3,nu,ну,kld_txt_KarNC_deers,nu kues's' pastex' vooddeddev vooddeddev,11
ну,3,nu,ну,kld_txt_KarNC_wedding_pt2,nu at’t’ munn tala kooz,11
ну,3,nu,ну,Переведенный корпус,nu vot i vuul’l’k’en’,11
ну,3,ну,ну,kld_GGM_SG_map_202308D,ну и jogg kɒllk i paak’ <нрзб> l’eev,5
ну,3,ну,ну,kld_GGM_SG_map_202308D,ну tel’ l’ii jaav’v’r’,5
ну,3,ну,ну,kld_GGM_SG_map_202308D,ну tɒge voarred ton’n’e tam’b’e тоже,5
ну,3,ну,ну,kld_SAM_SG_map_20230815,ну tes’t l’aajj,5
ну,3,ну,ну,kld_SAM_SG_map_20230815,ну vuajj nɨd’d’ pejjde,5
ну?,1,nu,ну,,,1
ну_и,2,dɨ,ды,kld_txt_Genetz1891,dɨ moaze vaan'cel'(e),3
ну_и,2,dɨ,ды,kld_txt_Genetz1891,dɨ soage t’iiŋ’k’et’,3
ну_и,2,dɨ,ды,kld_txt_Genetz1891,dɨ moaz(e) puadd,3
ну_и,2,d’i,ди,Переведенный корпус,a kaal’l’es’ n’iijjt cele p’eejve m’iil’l’te lɨke sonn i č’aaz’ gɒrre vɒrrad sonn i p’eerk kɨppt i laammpset’ por̥tad i muur’et’ kuennt d’i šeel’d’et’ pass,1
нужно,2,bedd,бэдт,Переведенный корпус,bedd narod’d’e sɒg lɨhke,1
нужно,2,bɨdd,быдт,kld_SAM_SG_map_20230815,tɨjje bɨdd meenne kualmant sɨjjta,21
нужно,2,bɨdd,быдт,kld_SAM_SG_map_20230815,valas bɨdd jɒd’d’e,21
нужно,2,bɨdd,быдт,kld_SAM_SG_map_20230815,bɨdd meenne čuekas m’iil’l’te kug’g’,21
нужно,2,bɨdd,быдт,kld_SAM_SG_map_20230815,bɨdd,21
нужно,2,bɨdd,быдт,kld_SAM_SG_map_20230815,tenn sɨjdes’ bɨdd meenne,21
нужно,2,bɨdd,быдт,kld_SAM_SG_map_20230815,jog m’iil’l’te bɨdd pajas peejjne,21
нужно,2,bɨdd,быдт,Переведенный корпус,tenn soonn v’aarr koošškad i koollset’ lɨhk nɨt’t’ kooxxt son’n’e bɨdd,21
нужно,2,bɨdd,быдт,Переведенный корпус,a mudda a lɨhkev kuk’a el’e an’exa k’iihčev kooxxt iiž’es’ rooŋ’ŋ’k’ i meenn kugga bɨdd,21
нужно,2,bɨdd,быдт,Переведенный корпус,koollset’ bɨdd vel suum’p’et’,21
нужно,2,bɨdd,быдт,kld_txt_Genetz1891,no l'aaɲč at't' kul mɨn’n’e t’iiŋ’k’e(j)t’ ejj bɨdd jenamp,21
нужно,2,bɨdd,быдт,kld_txt_Itkonen1931_6_page254,num’m’p cuer̥’r̥’t’ c’eel̥’k’e što vɨgga bɨdd moast,21
нужно,2,bɨdd,быдт,kld_txt_KarNC_wedding,tel’ značit согласились značit svad’ba bɨdd s’iirre,21
нужно,2,bɨdd,быдт,kld_txt_KarNC_wedding_pt2,at’t’ ju pug lɨhce bɨddgul,21
нужно,2,bɨdd,быдт,kld_txt_Kert1961_rybolovstvo_20210223,parna bɨdd vuul'l'ke nuuht'e,21
нужно,2,bɨdd,быдт,kld_txt_Kert1961_rybolovstvo_20210223,tes't bɨdd sugge m'aalka,21
нужно,2,bɨdd,быдт,kld_txt_Kert1961_rybolovstvo_20210223,bɨdd soon cɨhce.,21
нужно,2,bɨdd,быдт,kld_txt_Lehtiranta_1_r’iim’ɲ_moajnas,bɨdd kuun’n’de(ẟ) jeenna muurre ja p’aasstaγe(j)d bed pooɲ(e)[f],21
нужно,2,bɨdd,быдт,Переведенный корпус,no n’iijtaja bɨdde l’aajj jeena sonn l’aajj v’aal uc’c’ bɨdde l’aajj soon m’iil’l’te ujjne,21
нужно,2,bɨdd,быдт,Переведенный корпус,no n’iijtaja bɨdde l’aajj jeena sonn l’aajj v’aal uc’c’ bɨdde l’aajj soon m’iil’l’te ujjne,21
нужно,2,bɨdd,быдт,Переведенный корпус,narod’d’e bɨdd sirred,21
нужно,2,bɨdd,быдт,Переведенный корпус,eexxt paar’r’n c’aal̥l̥k munn vuelka tol’ke mon’n’e tovruš bɨdd,21
нюхать,2,ap’p’s’,аппьс,kld_txt_Kert1961_pro_vorona_tulena_i_dikogo_olena,čofta l’ii eellm oollme leeg loosse ap’p’s’e,2
нюхать,2,ap’p’s’,аппьс,kld_txt_Kert1961_pro_vorona_tulena_i_dikogo_olena,čofta l’ii eellm oollme leeg loosse ap’p’s’e,2
нюхать,2,eps’,эпьс,kld_txt_Kert1961_pro_vorona_tulena_i_dikogo_olena,ja eellm ollma leeg eps’e,1
о,1,bajas,байас,,,5
об,1,bajas,байас,,,1
об/к,1,vesst,вэсст,,,1
оба,1,kuhte,куххтэ,,,1
обещать,1,ɒɒš’s’t,оа̄шсььт,,,1
облака.nom.pl,1,pevl,пэвл,,,1
облако.ACC.SG,1,peelv,пэ̄лв,,,1
облако.NOM.SG,1,peellv,пэ̄ллв,,,1
облако.nom.pl,2,peevl,пэ̄вл,Переведенный корпус,p’eejva l’eev što al’mes’ kopč(e)neddev peevl p’eejjv kues’s’ ejj vuaj meenne ab’b’r’ ab’b’r’ ejj vuaj i veeʒ a vuajj prosta meenne i veeʒ,2
облако.nom.pl,2,peevl,пэ̄вл,Переведенный корпус,nu vot nap’r’im’eer / vot kooxxt / jesl’e m’eer gor’r’en’ kas’s’ puadd tav(’)v(’)al p’iiŋŋk / pɨjjen’ s’eenkes’ peevl l’ee∅ / to saam’ saarrnev što l’aaɲč tav(’)v(’)al p’iiŋŋg ja ɲues’s’ jeerrk / vuajj pued’d’e c’iigg jeerrk,2
облако.nom.pl,2,pevl,пэвл,kld_SAM_SG_map_20230815,pevl l’eev paak’ al’n… lus’s’en’,2
облако.nom.pl,2,pevl,пэвл,kld_SAM_SG_map_20230815,pevl,2
облако.nom.sg,1,pellv,пэллв,,,1
обратно,6,moast,моаст,kld_txt_Genetz1891,nu moast vaan’n’cel’(e),1
обратно,6,moaz,моаз,kld_txt_Kert1961_rybolovstvo_20210223,tanna sulden' moaze,2
обратно,6,moaz,моаз,kld_txt_Kert1961_rybolovstvo_20210223,ja jɒddjen' moaze,2
обратно,6,moaz(e),моаз(э),kld_txt_Genetz1891,dɨ moaz(e) puadd,1
обратно,6,moaze,моазэ,kld_txt_Genetz1891,čaz'jelle moaze jaavvra čoaŋe,3
обратно,6,moaze,моазэ,kld_txt_Genetz1891,olmeɲč tatte moaze vaancel kuaddas’,3
обратно,6,moaze,моазэ,kld_txt_Genetz1891,dɨ moaze vaan'cel'(e),3
обратно,6,mɒst,моаст,kld_txt_KarNC_wedding_pt2,ja tel’ ɨšštev jugge juggev tel’ mɒst vuul’l’k’ev,3
обратно,6,mɒst,моаст,kld_txt_KarNC_wedding_pt2,meennev mɒst tel’ jev kug’g’ tam’p’e ɒres’t’ tel’ pued’d’ev vaal’l’te a soonn c’aal̥l̥k:,3
обратно,6,mɒst,моаст,kld_txt_KarNC_wedding_pt2,tel’ žen’ix’ mɒst ujted peer̥’r̥’te,3
обратно,6,mɒɒst,моа̄ст,Переведенный корпус,eex’x’teš’ kaal’l’es’ puud’e vaar’es’ mɒɒst,2
обратно,6,mɒɒst,моа̄ст,Переведенный корпус,pɨd’d’e sonn n’iijtes’ vaarra ɨšteht’ soon p’eez’ vuella a iiǯ vɨxxta vɨjjel’ mɒɒst štobɨ ejj ujjine n’iijtes’ sɒr’m’,2
обстругивать,1,vuul,вӯл,,,1
объём.acc.sg,1,abjom,абйом,,,1
обычно,2,abična,абычна,Переведенный корпус,kɨdd puadd k’eež’es’ martes’ abična apr’eles’,1
обычно,2,abɨčna,абычна,Переведенный корпус,kuul’ pɒppalet raaznɨ nalla laanas jeenne no kuul’ abɨčna val’d’et pooves,1
овца,2,laammps,ла̄ммпс,Переведенный корпус,a kaal’l’es’ n’iijjt cele p’eejve m’iil’l’te lɨke sonn i č’aaz’ gɒrre vɒrrad sonn i p’eerk kɨppt i laammpset’ por̥tad i muur’et’ kuennt d’i šeel’d’et’ pass,1
овца,2,laamps,ла̄мпс,kld_txt_Genetz1891,sɨjj al'kes kočsen tonst m’ii l'ii pampel'e(j)t l'eeštaɲč pugg laampse(j)t pore,1
овца.acc.sg,1,laammpas,ла̄ммпас,,,2
овца.gen.sg,1,laammpas,ла̄ммпас,,,1
ого,1,oxo,охо,,,2
огонь,2,tool,то̄л,kld_txt_Lehtiranta_1_r’iim’ɲ_moajnas,toolest s’eel’l’g puul’l’eškuud’e ja saarrn,1
огонь,2,tooll,то̄лл,kld_txt_Itkonen1931_6_page254,el’l’ij n’i toollsajj,1
огонь.acc.pl,1,tool,то̄л,,,1
огонь.acc.sg,1,tool,то̄л,,,1
огонь.gen.sg,1,tool,то̄л,,,2
огонь.nom.pl,1,tōл,то,,,2
огонь.nom.sg,1,tooll,то̄лл,,,1
огорчаться,1,gɒr’jed,гоаред,,,1
одевать,1,tuvvn,туввн,,,1
одеваться,1,tɨv,тыв,,,1
одежда,2,oass,оасс,Переведенный корпус,ja cɒɒg'e sama moǯes' vaaptek oasset man'te sos l'iijjen',1
одежда,2,ɒɒss,оа̄сс,Переведенный корпус,parna pugg ujjden peer̥’r̥’t’e tuvvnedden mudda ɒɒsseguejm,3
одежда,2,ɒɒss,оа̄сс,Переведенный корпус,mooǯes’ ɒɒsseguejm sonn šende v’aal mooǯ’da i š’iiga,3
одежда,2,ɒɒss,оа̄сс,Переведенный корпус,tonn mej pueres' čaann eg'g' pɨhta m'iinne lɒj̥et' kɒl'l'et' ja mooǯes' šolk ɒɒsset',3
одеться,2,tuvv,тувв,Переведенный корпус,akka n'iijjt vaarra tuvvnede poahksenne,1
одеться,2,tuvvn,туввн,Переведенный корпус,vaar’ l’ee∅ tuvvnadma taal’l’v n’iijjden’,1
один,10,eexxt,э̄ххт,Переведенный корпус,eexxt kudda rɨnnte,11
один,10,eexxt,э̄ххт,Переведенный корпус,eexxt sugg a nɨm’m’p lueššt nuut’,11
один,10,eexxt,э̄ххт,Переведенный корпус,tel’e eeltnet nɨm’m’pe red’d’en’ rɨnnte i nuut’ k’eez’et k’iid’eguejm ele že eexxt olme veensen nuur’e vokgoarre nuehta a kut’es’ kut’ kuuxxt oollme kut’ p’iirаs nuut’ čoovvgev,11
один,10,eexxt,э̄ххт,kld_txt_Itkonen1931_6_page254,eexxt cuer̥’r̥’t’ c’eel̥’k’e,11
один,10,eexxt,э̄ххт,Переведенный корпус,eexxt vuerr oollme t'iid'sen' što ruhc puadd kuelnegg čuhpe ja saam’et’ puket’ koan'te,11
один,10,eexxt,э̄ххт,kld_txt_Kert1961_rybolovstvo_20210223,alla kuuddej eexxt olme,11
один,10,eexxt,э̄ххт,kld_txt_Kert1961_rybolovstvo_20210223,tanna eexxt olme tuerrpem muuren' el'ke tuerrpe,11
один,10,eexxt,э̄ххт,Переведенный корпус,j’iil’e eexxt kaal’l’es’ n’iijtenes’,11
один,10,eexxt,э̄ххт,Переведенный корпус,eexxt paar’r’n c’aal̥l̥k munn vuelka tol’ke mon’n’e tovruš bɨdd,11
один,10,eexxt,э̄ххт,Переведенный корпус,tol’k’e eexxt pɨssp’jeken’č,11
один,10,eexxt,э̄ххт,Переведенный корпус,k’iih’čev eexxt,11
один,10,eex’x’t,э̄ххьт,Переведенный корпус,saajmet k’iičet sutken eex’x’teš’,3
один,10,eex’x’t,э̄ххьт,kld_txt_Kert1961_jeerrkja_oollmej_bajas,eex’x’teš’(t’) nɨm’(p’)b’aalla jaav’r’ puud’d’en’ ruuc,3
один,10,eex’x’t,э̄ххьт,Переведенный корпус,eex’x’teš’ kaal’l’es’ puud’e vaar’es’ mɒɒst,3
один,10,eex’x’t’,э̄ххьт,Переведенный корпус,eex’x’t’eš’ raj vɨje mooǯes’ paar’r’n’ tedd l’aajj cɒɒr al’l’k’,1
один,10,efft,эффт,kld_txt_KarNC_deers,každe ɨg’g’e paj effte kooppčen’ puuʒet’,1
один,10,eft,эфт,kld_txt_Genetz1891,sonn taabed’d' kuajv eften’ kiiden’,3
один,10,eft,эфт,kld_txt_Genetz1891,sonn taabed’d’e kuajv eften’ kiid’en’,3
один,10,eft,эфт,kld_txt_KarNC_deers,a sɨjj paj eftes’t’ jiil’l’en’,3
один,10,ext,эхт,Переведенный корпус,ext s'err nɨm'm'p' tɨvnede taallen’ ja el'k'e pl'ass'je.,1
один,10,exxt,эххт,kld_txt_Kert1961_pro_vorona_tulena_i_dikogo_olena,exxte maann kualmant ɨg’g’ nɨmmpa nɨm’m’p’ ɨg’g’,2
один,10,exxt,эххт,Переведенный корпус,n’i exxt ejj kueddjenǯ,2
один,10,ooxxt,о̄ххт,Переведенный корпус,kuuddej n’iijjt vaarra kaal’l’mluvve d’ii eebbas ooxxte ɒre vaar’ kes’kes’,1
один,10,ooxxte,о̄ххтэ,Переведенный корпус,k’iil’te n’iijjt Mar'r'j’ Uvvan n’iijjt jiil'l'e uc'c' sɨjtes't' ooxxte,1
один,10,xt,хт,kld_txt_Kert1961_byl_o_ljajne,xt al’l’k l’ai,1
один.NOM,1,exxt,эххт,,,1
один.OBL,1,eft,эфт,,,2
один.acc,1,eft,эфт,,,1
один.gen.sg,1,eft,эфт,,,5
один.nom.sg,1,eexxt,э̄ххт,,,9
один.obl,1,av’t,авьт,,,1
однажды,1,ex’x’tɛš́,эххтҍҍш,,,1
одолеть,1,tuujj,тӯйй,,,1
озеро,7,ja(a)v(v)r,я(а)в(в)р,kld_GGM_SG_map_202308D,jev l’eev v(‘)aal jevla šuurr ja(a)v(v)ra v’aal l’ii,1
озеро,7,jaavr,я̄вр,kld_GGM_SG_map_202308D,tam’b’e l’ii uc’c’ jaavra,3
озеро,7,jaavr,я̄вр,kld_GGM_SG_map_202308D,tam’b’eel’l’ al’l’ak šuurr jaavra,3
озеро,7,jaavr,я̄вр,kld_SAM_SG_map_20230815,jaavrenč,3
озеро,7,jaavvr,я̄ввр,kld_txt_Genetz1891,sonn paarna mene(j) jaavvra jordan jus't'e kukxel'l'e čaaʒ'jelle,4
озеро,7,jaavvr,я̄ввр,kld_txt_Genetz1891,čaz'jelle moaze jaavvra čoaŋe,4
озеро,7,jaavvr,я̄ввр,kld_txt_Kert1961_jeerrkja_oollmej_bajas,a ruuc uže vɨjjten’ jaavvra,4
озеро,7,jaavvr,я̄ввр,kld_txt_Lehtiranta_2_r’iim’ɲ_i_taale_moajnas,ten(n) kuejjke l’ii taalest ja k’eet’kest ja ɲuem’m’lest vuen’ex s’eejjp čte s’eejp kuedd(e)jen jaavvra,4
озеро,7,jaav’r,я̄вьр,Переведенный корпус,nuut’et kooxxt jaav’res nɨt’t’e i joks,1
озеро,7,jaav’r’,я̄вьр,kld_GGM_SG_map_202308D,jaav’r’es’ jɒdd jogg pajas,5
озеро,7,jaav’r’,я̄вьр,kld_GGM_SG_map_202308D,jaav’r’es’,5
озеро,7,jaav’r’,я̄вьр,kld_GGM_SG_map_202308D,šuurr jaav’r’es’,5
озеро,7,jaav’r’,я̄вьр,kld_GGM_SG_map_202308D,suulle l’eev jaav’r’es’e,5
озеро,7,jaav’r’,я̄вьр,kld_SAM_SG_map_20230815,jaav’r’es’ jes’ jɒdjax sɨjjta,5
озеро,7,javr,явр,kld_GGM_SG_map_202308D,tɒge uc’c’ javra lun’n’ l’ii sɨjjt,1
озеро,7,javvr,яввр,kld_GGM_SG_map_202308D,sonn тоже jɒdd... kɒllk šuurr javvra,2
озеро,7,javvr,яввр,kld_SAM_SG_map_20230815,vans jɒddaj jog m’iil’l’te javvra,2
озеро.acc.sg,2,jaavr,я̄вр,kld_txt_Genetz1891,sonn saaml'a paar’r’n’ ɵvvtel’ mene tun g'ačča jaavr,1
озеро.acc.sg,2,jaavr',я̄вьр,kld_txt_Genetz1891,tonn mank tun g'ačča jaavr' evvtel' mune,1
озеро.gen.sg,4,jaav’r,я̄вьр,kld_txt_Kert1961_jeerrkja_oollmej_bajas,kues’s’ meene koollm p’eejv i šeeŋŋ vɒɒze i pugg oollme ujnsen’ što kaasska jaav’r ɒrr k’eed’k suel,1
озеро.gen.sg,4,jaav’r’,я̄вьр,kld_SAM_SG_map_20230815,jaav’r’ lus’s’en’,3
озеро.gen.sg,4,jaav’r’,я̄вьр,kld_txt_Kert1961_jeerrkja_oollmej_bajas,eex’x’teš’(t’) nɨm’(p’)b’aalla jaav’r’ puud’d’en’ ruuc,3
озеро.gen.sg,4,jaav’r’,я̄вьр,kld_txt_Kert1961_jeerrkja_oollmej_bajas,kiihče jaav’r’ eel,3
озеро.gen.sg,4,jav’r,явьр,kld_SAM_SG_map_20230815,jav’r gɒrre,1
озеро.gen.sg,4,jāvr’,явьр,kld_txt_Kert1961_byl_o_ljajne,vån’ci͔ pud˙i͔ šur jāvr’ лuz kehč:,2
озеро.gen.sg,4,jāvr’,явьр,kld_txt_Kert1961_byl_o_ljajne,jāvr’ tuggɛn˙ vez’da pul’l’ɐv tōл,2
озеро.nom.pl,2,jav’r’,явьр,Переведенный корпус,jav’r’ i vuaja pugg kal’l’mev,1
озеро.nom.pl,2,ja’vr,явьр,Переведенный корпус,p’eervi veeze pɨjj sun’n’t’ad tell pɨjj tell avda pɨjj i tɒɒjv maŋŋa pɨjj ja’vr i joge lɒɒnd аl’gev milgnes kal’l’me,1
озеро.nom.sg,2,jaav’v’r’,я̄ввьр,kld_GGM_SG_map_202308D,tam’b’e l’ii jaav’v’r’,8
озеро.nom.sg,2,jaav’v’r’,я̄ввьр,kld_GGM_SG_map_202308D,значит jaav’v’r’,8
озеро.nom.sg,2,jaav’v’r’,я̄ввьр,kld_GGM_SG_map_202308D,ну tel’ l’ii jaav’v’r’,8
озеро.nom.sg,2,jaav’v’r’,я̄ввьр,kld_GGM_SG_map_202308D,šuurr jaav’v’r’,8
озеро.nom.sg,2,jaav’v’r’,я̄ввьр,kld_SAM_SG_map_20230815,tes’ta l’aajj jaav’v’r’,8
озеро.nom.sg,2,jaav’v’r’,я̄ввьр,kld_SAM_SG_map_20230815,tes’ta тоже l’aajj jaav’v’r’,8
озеро.nom.sg,2,jaav’v’r’,я̄ввьр,kld_SAM_SG_map_20230815,jaav’v’r’ l’ii,8
озеро.nom.sg,2,jaav’v’r’,я̄ввьр,kld_SAM_SG_map_20230815,al’l’a jaav’v’r’,8
озеро.nom.sg,2,jav’v’r’,яввьр,kld_SAM_SG_map_20230815,jav’v’r’,1
около,4,kuur,кӯр,Переведенный корпус,a vennas s’inen’ l’iijen’ rɨnt kuures’t,1
около,4,luz,луз,kld_txt_Kert1961_rybolovstvo_20210223,vaallt nuur' k'eeǯ' k'aass ja voanncat nostem luz nuut' p'eel',1
около,4,veer’t’,вэ̄рьт,kld_txt_KarNC_deers,samo jeenne n’eel’l’jlɒg’g’e veer’t’ puaze,1
около,4,v’eer't,вēрьт,kld_txt_Kert1961_rybolovstvo_20210223,kuun’n'ten' lаk'k' v’eer't čaaz',1
около.DAT,1,guurre,гӯррэ,,,1
октябрь,1,akt’aabr,акьтя̄бр,,,2
олененок,1,vuuz’,вӯзь,,,1
олень,3,puaz,пуаз,kld_txt_KarNC_deers,no m’iines’t’ puaz paj nɨt’t’e jiil’e no m’iinen’ puaz paj vuameškuud’e,3
олень,3,puaz,пуаз,kld_txt_KarNC_deers,no peeljuve tɒn’n’e ɒɒj̥j̥kv’eer’t’ puaze,3
олень,3,puaz,пуаз,kld_txt_KarNC_deers,samo jeenne n’eel’l’jlɒg’g’e veer’t’ puaze,3
олень,3,puudz,пӯдз,kld_txt_KarNC_deers,puudzet’ paj jeb’b’ pɨɲɲma paj svol’no jiil’em čeexxča kooppčev vooddeddev,1
олень,3,puuʒ,пӯдж,Переведенный корпус,kɨdda puuʒe taggev čuer’v’et’,18
олень,3,puuʒ,пӯдж,Переведенный корпус,vuus’ ɲues’s’ jeer’r’k’e puuʒe / čuez b’eda čofta s’iirran i b’eda čofta puuʒe karrev,18
олень,3,puuʒ,пӯдж,Переведенный корпус,vuus’ ɲues’s’ jeer’r’k’e puuʒe / čuez b’eda čofta s’iirran i b’eda čofta puuʒe karrev,18
олень,3,puuʒ,пӯдж,Переведенный корпус,kuddlɒg’g’ kualmante ɨg’es’ janvari maanas’ munn učenekam’i avcand klaases’ vɨjjl’em čiirre puuʒeguejm,18
олень,3,puuʒ,пӯдж,Переведенный корпус,vɨjem puuʒet mɨjj vɒɒl’d’em p’eerg m’il’l’d’e maal’c’et p’imat’ tobɨrket saav’ex’et poolxet’ saallvas koompas t’etradet’ fataparaat ɒɒkše i vɨjjl’em čiirre,18
олень,3,puuʒ,пӯдж,Переведенный корпус,puuʒet pugg kornem ja ɨldem tool ja al’g’em aavvde čaaj činne p’eerg,18
олень,3,puuʒ,пӯдж,Переведенный корпус,kornem puuʒet,18
олень,3,puuʒ,пӯдж,Переведенный корпус,ja tel’e čuujjglem puudem tenn sajja kas’s’ mɨjj l’iijem kuedda sɒɒn puuʒe ja lɨlmɨ pɒp činnen mɨjje vkuusnɨ p’eerg,18
олень,3,puuʒ,пӯдж,Переведенный корпус,puuʒet pugg š’iiggten’n’e kɒɒrem sɒɒnet,18
олень,3,puuʒ,пӯдж,Переведенный корпус,v koolas mɨjj sraazaže puuʒet m’iine uj̥deš vaarra,18
олень,3,puuʒ,пӯдж,kld_txt_KarNC_deers,sɨjj jiil’l’en’ puuʒet’ pɨɲɲen’ i tel’ meenn k’eez’ kɨd kuun’t’x’ev i čeexxča kooppčev,18
олень,3,puuʒ,пӯдж,kld_txt_KarNC_deers,každe ɨg’g’e paj effte kooppčen’ puuʒet’,18
олень,3,puuʒ,пӯдж,kld_txt_KarNC_deers,ad’d’ kon’ešno parnedes’ tože pɨɲɲev puuʒet’,18
олень,3,puuʒ,пӯдж,kld_txt_Kert1961_pro_vorona_tulena_i_dikogo_olena,a šiid puuʒe tuul’j,18
олень,3,puuʒ,пӯдж,kld_txt_Kert1961_pro_vorona_tulena_i_dikogo_olena,k’aassxen’ puuʒedes’,18
олень,3,puuʒ,пӯдж,Переведенный корпус,luuj̥j̥knelle ɨšteht’ n’iijtes’ sɒne eel ja vɨjjel’ lɒttkna puuʒje al’n vaarra,18
олень,3,puuʒ,пӯдж,Переведенный корпус,k'as's'et' sama mooǯes' jiijv puuʒet',18
олень,3,puuʒ,пӯдж,Переведенный корпус,kues’s’ ɨddev mooǯes' sɒɒn k'aassxa v’iil'l'kes' cɒɒr puuʒeguejm,18
олень.nom.sg,1,puaz,пуаз,,,3
олень.nom.sg?,1,puaz,пуаз,,,1
он,1,sonn,сонн,,,5
он(а).acc,1,soon,со̄н,,,2
он(а).gen,1,soon,со̄н,,,2
он(а).loc,1,sost,сост,,,2
он(а).nom,1,sonn,сонн,,,4
он.gen.3sg,1,son,сон,,,1
он.loc,1,soost,со̄ст,,,1
он.nom,1,soonn,со̄нн,,,3
он.nom.sg,1,sonn,сонн,,,1
они,3,sin,сын,kld_txt_Kert1961_byl_o_ljajne,i ɛl’ki͔ sinɛt˙ kån’n’tɛ,1
они,3,sɨjj,сыйй,Переведенный корпус,sɨjj pɨsseguejm voan’n’cen’ m'eh'cte,1
они,3,s’iin,сӣн,kld_txt_KarNC_deers,a s’iinet’ sɨjj pɨɲɲev,3
они,3,s’iin,сӣн,kld_txt_KarNC_deers,p’ervo l’aajj s’iinen’ puaz,3
они,3,s’iin,сӣн,kld_txt_Kert1961_jeerrkja_oollmej_bajas,oollme meennen’ tenn n’iijjta aanne štobe sonn lɨgga(h)č nɨd’d’ kooxxt bɨ ruuce jev p’eezče s’iine gɒrre,3
они.gen,1,s’iinn,сӣнн,,,1
они.nom,2,sijj,сыйй,kld_txt_Kert1961_jeerrkja_oollmej_bajas,sijj kooxxt pɒɒl’l’te vuujjen’ nɨd’d’e k’eed’d’kluvven’,1
они.nom,2,sɨjj,сыйй,kld_txt_KarNC_deers,sɨjj jiil’l’en’ puuʒet’ pɨɲɲen’ i tel’ meenn k’eez’ kɨd kuun’t’x’ev i čeexxča kooppčev,6
они.nom,2,sɨjj,сыйй,kld_txt_KarNC_deers,sɨjj jiil’l’en’ j’iil’l’en nɨd’d’ paj j’iil’l’en’,6
они.nom,2,sɨjj,сыйй,kld_txt_KarNC_deers,a s’iinet’ sɨjj pɨɲɲev,6
они.nom,2,sɨjj,сыйй,kld_txt_KarNC_deers,a sɨjj paj eftes’t’ jiil’l’en’,6
они.nom,2,sɨjj,сыйй,kld_txt_Kert1961_pro_vorona_tulena_i_dikogo_olena,sɨjj karrev p’alpnev moast jeen’es’ gɒrre,6
они.nom,2,sɨjj,сыйй,kld_txt_Kert1961_pro_vorona_tulena_i_dikogo_olena,sɨjj jev moac’,6
опрокинутый,1,kɒmm,коамм,,,2
опять,3,ap’et,апет,Переведенный корпус,paar’r’n’ ap’et samastr’eles’ pejjel’ n’ul i nɨm’p r’eškel’,1
опять,3,avda,авда,Переведенный корпус,p’eervi veeze pɨjj sun’n’t’ad tell pɨjj tell avda pɨjj i tɒɒjv maŋŋa pɨjj ja’vr i joge lɒɒnd аl’gev milgnes kal’l’me,1
опять,3,avvta,аввта,kld_txt_Genetz1891,pake(j) avvta kuajv taahke(δ),6
опять,3,avvta,аввта,kld_txt_Genetz1891,avvta kuajjva taahk’eš pɨht’en’ vɨdds kuajv,6
опять,3,avvta,аввта,kld_txt_Genetz1891,avvta vuul’ke(j) v’iil’g’es’ k’eeddke kuajjve(δ),6
опять,3,avvta,аввта,kld_txt_KarNC_wedding_pt2,tegʼgʼe avvta nɨšše jev luš'tʼ,6
опять,3,avvta,аввта,kld_txt_KarNC_wedding_pt2,avvta tezges nɨšʼšʼe vɒɒllenʼ čoonnte lɨhcenʼ,6
опять,3,avvta,аввта,kld_txt_KarNC_wedding_pt2,nemmpeš(’t’) vɨggl’ev tože sama avvta,6
осень,2,čeexxč,чэ̄ххч,Переведенный корпус,čeexxč saam oollme saarnev puadd nim’b čislas’ aavgustes kues’s’ p’eervi vuer oolme ujnas al’m’es tas’t’,6
осень,2,čeexxč,чэ̄ххч,Переведенный корпус,čeexxčа tɒɒjv b’eda poddal tavval,6
осень,2,čeexxč,чэ̄ххч,Переведенный корпус,čeexxč puadd m’iine pɒɒjkes najabres dekaаbr mаanas,6
осень,2,čeexxč,чэ̄ххч,Переведенный корпус,čeexxčа b’eda tɒɒjv m’eennev al’m’,6
осень,2,čeexxč,чэ̄ххч,kld_txt_KarNC_deers,sɨjj jiil’l’en’ puuʒet’ pɨɲɲen’ i tel’ meenn k’eez’ kɨd kuun’t’x’ev i čeexxča kooppčev,6
осень,2,čeexxč,чэ̄ххч,kld_txt_KarNC_deers,puudzet’ paj jeb’b’ pɨɲɲma paj svol’no jiil’em čeexxča kooppčev vooddeddev,6
осень,2,čexxč,чэххч,Переведенный корпус,čexxča l’eev čexxč lɒɒhpe kɨdda kɨdd lɒɒhpe k’ees’s’a k’ees’s’ lɒɒhpe,1
осень.nom.sg,1,čexxč,чэххч,,,1
осенью,2,čeexxč,чэ̄ххч,Переведенный корпус,čeares tenn veeze kon pɨjet čeexxčа ted veeʒ pukk b’eda l’ii roovas i čaares vesenom taal’l’va mennev paje al’m’ al’m’,1
осенью,2,čexxčа,чэххч,Переведенный корпус,čaar pugg pakrɨvaetsa čaar pukk tuvvnadd čexxčа veezen,1
особенно,1,asob’ena,асобена,,,1
оставаться,1,kudd,кудт,,,1
оставить,7,kudd,кудт,kld_txt_Kert1961_byl_o_ljajne,ahkes’ kuddi̮i kuadḓa jel’l’e,1
оставить,7,kued,куэд,Переведенный корпус,vuulklešuude evdes’ vaan’c’e vaar’ m’iil’l’te n’iijjt el’ge soon moolle štobɨ ejj kuedeče sonn ooxxte vaarra,1
оставить,7,kuedd,куэдт,Переведенный корпус,ja tel’e čuujjglem puudem tenn sajja kas’s’ mɨjj l’iijem kuedda sɒɒn puuʒe ja lɨlmɨ pɒp činnen mɨjje vkuusnɨ p’eerg,5
оставить,7,kuedd,куэдт,kld_txt_Lehtiranta_2_r’iim’ɲ_i_taale_moajnas,s’eejjp kueddej koal’l’t(e)ja,5
оставить,7,kuedd,куэдт,kld_txt_Lehtiranta_2_r’iim’ɲ_i_taale_moajnas,ten(n) kuejjke l’ii taalest ja k’eet’kest ja ɲuem’m’lest vuen’ex s’eejjp čte s’eejp kuedd(e)jen jaavvra,5
оставить,7,kuedd,куэдт,kld_txt_Lehtiranta_3_kɒn’t’_moajnas,kueddaj tun’n’e kooɲɲčkuun’n’ i kooɲɲčtuul’l’j,5
оставить,7,kuedd,куэдт,Переведенный корпус,n’i exxt ejj kueddjenǯ,5
оставить,7,kuud'd',кӯдтҍ,Переведенный корпус,go soon jev vaarra jɒɒddxeš kuud'd'e,1
оставить,7,kuudd,кӯдт,Переведенный корпус,čɒɒgem saav’ex’et koollm oollme kuuddjen činne p’eerg vel,3
оставить,7,kuudd,кӯдт,kld_txt_Kert1961_rybolovstvo_20210223,alla kuuddej eexxt olme,3
оставить,7,kuudd,кӯдт,Переведенный корпус,kues’s’ sonn kuuddej vaares' sonn paje kiičnede,3
оставить,7,kuud’,кӯдҍ,Переведенный корпус,keskes’t’ koollset’ kuud’et’ mugga al’a saja a vuul’em’b’eel’l’ lɨgget raajk,3
оставить,7,kuud’,кӯдҍ,kld_txt_Lehtiranta_2_r’iim’ɲ_i_taale_moajnas,kaallseɲǯ kuud’e(j) l’eeššeẟ,3
оставить,7,kuud’,кӯдҍ,Переведенный корпус,k’aas’s’et’ sama mooǯes’ ja š’iig puuʒet’ ja vɨge mun n’iijta vaarra ja kuud’e tenn še sajja kooz kuud’d’ex’ iižant n’iijt,3
оставить,7,kuud’d’,кӯдтҍ,kld_txt_Lehtiranta_3_kɒn’t’_moajnas,kooz kuud’d’ex jaanant ɲiɲč,3
оставить,7,kuud’d’,кӯдтҍ,Переведенный корпус,k’aas’s’et’ sama mooǯes’ ja š’iig puuʒet’ ja vɨge mun n’iijta vaarra ja kuud’e tenn še sajja kooz kuud’d’ex’ iižant n’iijt,3
оставить,7,kuud’d’,кӯдтҍ,Переведенный корпус,a jeer’es’ oollme kuud’d’jen’ venset’,3
оставлять,1,kuudd,кӯдт,,,1
оставлять.IMP.SG,1,kuud’e,кӯде,,,1
останавливать.npst.3sg,1,cavvc,цаввц,,,1
остановиться,1,jeesk,ēск,,,2
остаться,1,kudj,кудй,,,1
остаться.pst.3sg,1,kuddej,кудтэй,,,1
остров,3,suull,сӯлл,kld_GGM_SG_map_202308D,tam’b’eel’l’ suulle l’eev,3
остров,3,suull,сӯлл,kld_GGM_SG_map_202308D,suulle l’eev jaav’r’es’e,3
остров,3,suull,сӯлл,Переведенный корпус,jil’e saam’ narot k’ilt suullest’,3
остров,3,suullj,сӯллй,kld_SAM_SG_map_20230815,suulljes’,1
остров,3,suлл,су,kld_txt_Kert1961_byl_o_ljajne,i sama jenmus tōл pul’l’ɐv suллɛs’,1
остров.gen.sg,3,suul,сӯл,Переведенный корпус,k’iilt suul al’n’ kues’s’t’ ruup’p’s’es’ pellv,1
остров.gen.sg,3,suull,сӯлл,kld_SAM_SG_map_20230815,suull m’iil’l’te,2
остров.gen.sg,3,suull,сӯлл,kld_SAM_SG_map_20230815,veennsen’ vuajj meenne suull… pɨrr suull,2
остров.gen.sg,3,suull…,сӯлл…,kld_SAM_SG_map_20230815,veennsen’ vuajj meenne suull… pɨrr suull,1
остров.nom.sg,1,suel,суэл,,,5
острый,1,čoogg,чо̄гк,,,1
отвести,2,vɨg'g',выгкь,Переведенный корпус,vot munn t’iinet' spas’s’je vojnas't' rucet' vɨg'g'e paak' tuug’g’en',1
отвести,2,vɨgg,выгк,kld_txt_KarNC_wedding_pt2,c’aal̥l̥k: mustgul čal’m’ jev ujn t’iinet’ emm vuej vɨgge,1
отвечать,1,mainsi,маынсы,,,1
отец,3,aǯ,адж,kld_txt_KarNC_wedding_pt2,tel’ vɨggev aǯages,3
отец,3,aǯ,адж,kld_txt_KarNC_wedding_pt2,aǯas’ nɨšše,3
отец,3,aǯ,адж,kld_txt_Kert1961_pro_vorona_tulena_i_dikogo_olena,n’iijjt š’iid’e aǯas’ kɒn’tket,3
отец,3,aǯ’,аджь,kld_txt_KarNC_deers,ad’d’ l’iijjen’ konešno sɒɒmen’ aǯ’san ja d’eed’san,2
отец,3,aǯ’,аджь,kld_txt_KarNC_deers,aǯ’san l’aajj čuud’(d’) p’eel’l’em’p’ l’aajj,2
отец,3,ež,эж,kld_txt_Kert1961_pro_vorona_tulena_i_dikogo_olena,luuj̥ke ja eženes’ jɒddseleškud’e,1
отец.ACC.SG,1,až’,ажь,,,1
отец.dim.acc.sg,1,aǯ,адж,,,1
отец.gen.sg,2,až,аж,kld_txt_Kert1961_pro_vorona_tulena_i_dikogo_olena,paarna vuagglen’ ažes’ m’iil’l’te,1
отец.gen.sg,2,až’,ажь,kld_txt_Kert1961_pro_vorona_tulena_i_dikogo_olena,ja vɨjjl’en’ až’es’ kuadda,2
отец.gen.sg,2,až’,ажь,kld_txt_Lehtiranta_3_kɒn’t’_moajnas,jeel’ c’aal̥l̥k alkɲam meen(e) až’ant m’iil’l’te,2
отец.nom,1,aǯ,адж,,,2
отец.nom.pl,1,až’,ажь,,,1
отец.nom.sg,2,aǯ,адж,kld_txt_Genetz1891,aǯes' jennes’ moakksen' moakksen' ja t’eeŋ'k pud'den',2
отец.nom.sg,2,aǯ,адж,kld_txt_Kert1961_nuemmel_piras,aǯes' kuddej n'al'jant vuassa,2
отец.nom.sg,2,aǯ’,аджь,kld_txt_Lehtiranta_3_kɒn’t’_moajnas,kooz vɨl’ke(j) muun(e) aǯ’,1
открыть,1,av’d,авьд,,,1
откуда,1,kas’s’,кассь,,,1
отнести,3,vɨg,выг,kld_txt_Itkonen1931_6_page254,vɨge kaallas kued’e gur’r’e,3
отнести,3,vɨg,выг,kld_txt_KarNC_deers,gaz'eta sɨjje toage vɨget,3
отнести,3,vɨg,выг,Переведенный корпус,k’aas’s’et’ sama mooǯes’ ja š’iig puuʒet’ ja vɨge mun n’iijta vaarra ja kuud’e tenn še sajja kooz kuud’d’ex’ iižant n’iijt,3
отнести,3,vɨgg,выгк,kld_txt_Itkonen1931_6_page254,num’m’p cuer̥’r̥’t’ c’eel̥’k’e što vɨgga bɨdd moast,2
отнести,3,vɨgg,выгк,kld_txt_KarNC_deers,vr'em'aden'n'e vɨggev pajše v'es'lamuše l'ehč,2
отнести,3,vɨγ,вы,kld_txt_Lehtiranta_2_r’iim’ɲ_i_taale_moajnas,vɨγe(j) r’iim’ɲ,1
отправить,1,jodd,йёдт,,,1
отправиться,2,vel’k’,вэльк,kld_txt_Kert1961_pro_vorona_tulena_i_dikogo_olena,ja vel’k’e puarsamus n’iijda kuessa,1
отправиться,2,vuel’l’k’,вуэлльк,Переведенный корпус,ejj eesstma sonn xar’a vuel’l’k’te kued’es’ vel’l’ej son’n’e vuessta aahk’ ja el’g’e šume kaallses’ eel,1
отпускать,1,luušt,лӯшт,,,1
отпускать.npst.3sg,1,lueššt,луэшшт,,,1
отрывать.npst.3sg,1,rɒdd,роадт,,,1
отёл,1,ut'ol,утёл,,,1
охота,6,m'eh'c,меххьц,Переведенный корпус,sɨjj pɨsseguejm voan’n’cen’ m'eh'cte,1
охота,6,mec’,мэць,kld_txt_Kert1961_byl_o_ljajne,kuɛs’s’ mec’ɛs’ pud˙i͔,1
охота,6,m’aacc,мя̄дц,kld_txt_Lehtiranta_3_kɒn’t’_moajnas,kɒn’n’t vɨl’ge(j) m’aacca,1
охота,6,m’aahc,мя̄ххц,Переведенный корпус,kues’s’ koollas ja saav’ex’ l’eev lɨhkma olma kuu šɒbašt m’aahca soonn čuejjk s’iineguejm b’eda udlen’n’e,2
охота,6,m’aahc,мя̄ххц,kld_txt_Kert1961_pro_vorona_tulena_i_dikogo_olena,kɒn’n’t’ kues’s’ vuul’ke m’aahca c’iil̥’ke koabkas,2
охота,6,m’ahc,мяххц,kld_txt_Kert1961_byl_o_ljajne,a idž vul’ki m’ahca,1
охота,6,m’eec’,мēць,kld_txt_Lehtiranta_3_kɒn’t’_moajnas,kɒn’n’t puud’e(j) m’eec’est,1
охотиться,1,mehc,мэххц,,,1
очень,8,b’eda,беда,Переведенный корпус,kɨdd l’ii b’eda v’essel paal’l’,22
очень,8,b’eda,беда,Переведенный корпус,ab’b’r l’ii gal nuurr abb’r tedd kues’es b’eda čaaʒ’ veeʒ mann kɨdda,22
очень,8,b’eda,беда,Переведенный корпус,k’ees’s’a tɒɒijv l’eev b’eda žor p’eejv,22
очень,8,b’eda,беда,Переведенный корпус,muddavuer kuu žor p’eejve l’eev ab’r’ meennev i b’eda redka k’ees’s’a muddavuer tol’ka men(a)s veeʒ,22
очень,8,b’eda,беда,Переведенный корпус,čeexxčа tɒɒjv b’eda poddal tavval,22
очень,8,b’eda,беда,Переведенный корпус,čeexxčа b’eda tɒɒjv m’eennev al’m’,22
очень,8,b’eda,беда,Переведенный корпус,čeares tenn veeze kon pɨjet čeexxčа ted veeʒ pukk b’eda l’ii roovas i čaares vesenom taal’l’va mennev paje al’m’ al’m’,22
очень,8,b’eda,беда,Переведенный корпус,taal’l’va / taal’l’va veeʒ l’ii b’eda mooǯe i vaar’es’ l’ii b’eda mooǯe,22
очень,8,b’eda,беда,Переведенный корпус,taal’l’va / taal’l’va veeʒ l’ii b’eda mooǯe i vaar’es’ l’ii b’eda mooǯe,22
очень,8,b’eda,беда,Переведенный корпус,vuus’ ɲues’s’ jeer’r’k’e puuʒe / čuez b’eda čofta s’iirran i b’eda čofta puuʒe karrev,22
очень,8,b’eda,беда,Переведенный корпус,vuus’ ɲues’s’ jeer’r’k’e puuʒe / čuez b’eda čofta s’iirran i b’eda čofta puuʒe karrev,22
очень,8,b’eda,беда,Переведенный корпус,pɒstxet’ koogg l’eev čuuʒes’ b’eda bɨdd jenna vaan’n’c’e i čuuʒe kooppče eft sajja,22
очень,8,b’eda,беда,Переведенный корпус,vuus’ ɲues’s’ jeer’r’k’e cɨzga laavvlev b’eda čuud’d’,22
очень,8,b’eda,беда,Переведенный корпус,kues’s’ koollas ja saav’ex’ l’eev lɨhkma olma kuu šɒbašt m’aahca soonn čuejjk s’iineguejm b’eda udlen’n’e,22
очень,8,b’eda,беда,Переведенный корпус,l’aajj b’eda v’ees’s’el’,22
очень,8,b’eda,беда,Переведенный корпус,vɨjem mɨjj rast laan’d’ lɒɒn’d’e m’iil’l’d’e čuujav’r’ čel’čedvɒɒr’e a al’m’es l’aajj b’eda mooǯes vɒɒvkez,22
очень,8,b’eda,беда,Переведенный корпус,l’aajj b’eda v’ees’s’el’ i š’iig vɨjem,22
очень,8,b’eda,беда,Переведенный корпус,vued’d’e l’aajj b’eda š’iig,22
очень,8,b’eda,беда,Переведенный корпус,pugg maal’c’eguejm eel vel kolek’eegg cɒɒg’g’en saav’ex’et doobrat ja vuud’d’en b’eda š’iiggten’n’e,22
очень,8,b’eda,беда,Переведенный корпус,no p’ervɨ vs’evo p’ees’s’ muure p’ees’s’ muure tag b’eda uʒ’xa,22
очень,8,b’eda,беда,Переведенный корпус,mɨjj tenn paxodes jiil’em b’eda druužna,22
очень,8,b’eda,беда,Переведенный корпус,i tenn v’eečres kuu l’aajj kug’g’ meene m’iine b’eda mooǯten’n’e,22
очень,8,per'e,пэре,kld_txt_KarNC_deers,ad'd' l'ii per'e š'iig',5
очень,8,per'e,пэре,kld_txt_KarNC_deers,pastex' vood'd'ede mugga l'ii per'e šiig',5
очень,8,per'e,пэре,Переведенный корпус,pl'assej taall mooǯtenne per'e,5
очень,8,per'e,пэре,Переведенный корпус,kaallas ɒrrev kultlev ujnev per'e jeenne c’iig puud’e,5
очень,8,per'e,пэре,kld_txt_Kert1961_rybolovstvo_20210223,nuuht' per'e l'ii v'iillke,5
очень,8,pere,пэрэ,kld_txt_Kert1961_nuemmel_piras,kal'l'es' jall pere n'uezel't pejjel' p’eejv' ja pejjel’ p’eejv' š’iigten’n’e.,1
очень,8,per’e,пэре,kld_txt_KarNC_deers,maŋ’ŋ’ per’e l’aajj šiig mɨjje,1
очень,8,pɛr’a,пьря,kld_txt_Kert1961_byl_o_ljajne,idžɛs’es’ kize pɛr’a perk,1
очень,8,čofta,чофта,Переведенный корпус,vuus’ ɲues’s’ jeer’r’k’e puuʒe / čuez b’eda čofta s’iirran i b’eda čofta puuʒe karrev,9
очень,8,čofta,чофта,Переведенный корпус,vuus’ ɲues’s’ jeer’r’k’e puuʒe / čuez b’eda čofta s’iirran i b’eda čofta puuʒe karrev,9
очень,8,čofta,чофта,Переведенный корпус,puer’es oollme saarrnev što vuus’ ɲues’s’ jeer’r’k’e siin’et’ čofta muehc,9
очень,8,čofta,чофта,kld_txt_Kert1961_pro_vorona_tulena_i_dikogo_olena,čofta l’ii eellm olma/oollma leegg loosse,9
очень,8,čofta,чофта,kld_txt_Kert1961_pro_vorona_tulena_i_dikogo_olena,čofta l’ii eellm oollme leeg loosse ap’p’s’e,9
очень,8,čofta,чофта,kld_txt_Kert1961_pro_vorona_tulena_i_dikogo_olena,čofta l’ii eellm oollme leeg loosse ap’p’s’e,9
очень,8,čofta,чофта,Переведенный корпус,muuɲkaallsa šɒlšuve taate sonn kaal’l’mde n’iijta da čofta n’iijjt l’aajj š’iig ja mooǯe cɒɒge sonn n’iijjta v’iil’l’k’es’ p’eeck štobɨ ejj kelmče,9
очень,8,čofta,чофта,Переведенный корпус,tonn l’aax mɨn’n’e čofta m’iil’l’e vɨjd mɨn’n’e kuujje,9
очень,8,čofta,чофта,Переведенный корпус,kues’s’ jeen’n’b’eel’l’ ja soon rɒdne n’iijjt kullsen’ tenn bajas sɨjj čofta s’eennden’,9
очень,8,čovta,човта,Переведенный корпус,k’ees’s’ m’iine jaallmušš el’l’e čovta kuehk’,2
очень,8,čovta,човта,Переведенный корпус,taal’l’va veеʒ bɨvaet keess’em i bɨvaet i čovta keessem nu t’eennet kuuddlag’g’ keǯǯemlag’g’ sajn’tim’eetrav,2
очень,8,čoxta,чохта,Переведенный корпус,k’eev’l’ lɨgget nɨt’t’ štobe soonn čoxta veeʒe ejj vuajče,1
очищать,1,čel,чэл,,,1
ошесток,1,oš’eestk,ошēстк,,,1
падать,4,jor,йёр,Переведенный корпус,kɨp’t’em uttet kɨp’t’em utt tuul’xem čaaj poorem ja jorem vued’d’e,3
падать,4,jor,йёр,Переведенный корпус,tel’ čuud’d’čuer’r’v jore luuv’t al’n er’(t) sajje,3
падать,4,jor,йёр,Переведенный корпус,i tedd jore luuv’t’ al’n ersajje,3
падать,4,jorn,йёрн,Переведенный корпус,sonn c’aal̥l̥k viǯ’ rostaka palka! meejt’ jornax,1
падать,4,keerrkt,кэ̄рркт,kld_txt_Lehtiranta_2_r’iim’ɲ_i_taale_moajnas,r’iim’m’ɲ l’ii keerrkteɲǯ,1
падать,4,vɨr,выр,Переведенный корпус,mugga čaaʒ’ veeʒ vɨrant,1
палец,1,cep,цэп,,,1
палка,3,k’eelt,кēлт,Переведенный корпус,i k’eelteguejm di pugg vessten’,1
палка,3,palka!,палка!,Переведенный корпус,sonn c’aal̥l̥k viǯ’ rostaka palka! meejt’ jornax,1
палка,3,poolx,по̄лх,Переведенный корпус,vɨjem puuʒet mɨjj vɒɒl’d’em p’eerg m’il’l’d’e maal’c’et p’imat’ tobɨrket saav’ex’et poolxet’ saallvas koompas t’etradet’ fataparaat ɒɒkše i vɨjjl’em čiirre,1
палка.acc.sg,1,kɛлd,кд,,,1
палка_для_невода,1,šaalg,ша̄лг,,,1
парень,5,paarn,па̄рн,kld_txt_Genetz1891,voal'te(j) s'irre(δ) paarna(j)n' vuejve(j)t’ rɒdd,5
парень,5,paarn,па̄рн,kld_txt_Genetz1891,sonn paarna mene(j) jaavvra jordan jus't'e kukxel'l'e čaaʒ'jelle,5
парень,5,paarn,па̄рн,kld_txt_Lehtiranta_3_kɒn’t’_moajnas,jeel’ pɨj(e) paarnaj kooɲɲčtuul’j vuus’s’temp’aalla kued’(e),5
парень,5,paarn,па̄рн,kld_txt_Lehtiranta_3_kɒn’t’_moajnas,paarnɲam paarnɲam kooz tun(n) vɨl’l’gex,5
парень,5,paarn,па̄рн,kld_txt_Lehtiranta_3_kɒn’t’_moajnas,paarnɲam paarnɲam kooz tun(n) vɨl’l’gex,5
парень,5,paar’n,па̄рьн,Переведенный корпус,čuud’d’čuer’r’v pajnal s’aamn’es’ pel̥t paar’net’ an’ paar’r’ne poaččev,1
парень,5,paar’n’,па̄рьн,kld_txt_Itkonen1931_6_page254,voal’l’t’en’ ja koavvn’en’ s’iin’et’ kaallas paar’n’en’es’,3
парень,5,paar’n’,па̄рьн,kld_txt_Itkonen1931_6_page254,val’d’e kaallsa paar’n’en’es’,3
парень,5,paar’n’,па̄рьн,kld_txt_Itkonen1931_6_page254,a kaallas paar’n’en’es’ put’t’ej kued’e gur’r’e,3
парень,5,paar’r’n,па̄ррьн,Переведенный корпус,paar’r’n k’iičes’t’ tooge i mudda goarra k’iihč’ što viiǯed el’l’a kooz,3
парень,5,paar’r’n,па̄ррьн,Переведенный корпус,čuud’d’čuer’r’v pajnal s’aamn’es’ pel̥t paar’net’ an’ paar’r’ne poaččev,3
парень,5,paar’r’n,па̄ррьн,Переведенный корпус,paar’r’n pɨje samastr’eles’ sonne rannta dii luušte,3
парень,5,parn,парн,kld_txt_Kert1961_jeerrkja_oollmej_bajas,sonn šɒbešt kuuht parna,2
парень,5,parn,парн,kld_txt_Kert1961_jeerrkja_oollmej_bajas,oollme eel’l’ken’ saarrne parnaguejm štobe kɒmpaɲe paar’r’n soon al’n nɒɒj̥j̥tlede(h)č,2
парень.gen.sg,2,paar’n,па̄рьн,kld_txt_Lehtiranta_3_kɒn’t’_moajnas,eellmoollme paar’n kooɲɲč,1
парень.gen.sg,2,paar’n’,па̄рьн,Переведенный корпус,kooxxt kuuht paar’n’ pɨn’n’jen’ narodes’,2
парень.gen.sg,2,paar’n’,па̄рьн,Переведенный корпус,a nɨm’p’ puadd i vuejj i šurnant paar’n’ eel štɒ munn puada toon konta men guejka most tovruž kon’tex,2
парень.nom.sg,2,paar’r’n,па̄ррьн,kld_txt_Kert1961_jeerrkja_oollmej_bajas,a ɲikɒmpa paar’r’n soon ejj šɒbša,7
парень.nom.sg,2,paar’r’n,па̄ррьн,kld_txt_Kert1961_jeerrkja_oollmej_bajas,jesl’e kɒmpaɲe paar’r’n vaallt mun kuujje tanna munn lɨgga nɨd’d’ što ruuc m’iinet’ jev kɒn’t,7
парень.nom.sg,2,paar’r’n,па̄ррьн,kld_txt_Kert1961_jeerrkja_oollmej_bajas,oollme eel’l’ken’ saarrne parnaguejm štobe kɒmpaɲe paar’r’n soon al’n nɒɒj̥j̥tlede(h)č,7
парень.nom.sg,2,paar’r’n,па̄ррьн,kld_txt_Kert1961_jeerrkja_oollmej_bajas,eexxt paar’r’n ɒɒš’s’tjuve nɒɒj̥j̥tledde,7
парень.nom.sg,2,paar’r’n,па̄ррьн,kld_txt_Lehtiranta_3_kɒn’t’_moajnas,kas’t i koon m’iissteg tuug’g’en’ eellmoollme paar’r’n tuun(en) šɨll,7
парень.nom.sg,2,paar’r’n,па̄ррьн,Переведенный корпус,eexxt paar’r’n c’aal̥l̥k munn vuelka tol’ke mon’n’e tovruš bɨdd,7
парень.nom.sg,2,paar’r’n,па̄ррьн,Переведенный корпус,s’iirren’ s’iirren’ paar’r’n taabxuve,7
парень.nom.sg,2,paar’r’n’,па̄ррьн,kld_txt_Genetz1891,sonn saaml'a paar’r’n’ ɵvvtel’ mene tun g'ačča jaavr,6
парень.nom.sg,2,paar’r’n’,па̄ррьн,Переведенный корпус,maŋŋa nɨm’m’p’ paar’r’n’ koavnšuve,6
парень.nom.sg,2,paar’r’n’,па̄ррьн,Переведенный корпус,paar’r’n’ ap’et samastr’eles’ pejjel’ n’ul i nɨm’p r’eškel’,6
парень.nom.sg,2,paar’r’n’,па̄ррьн,Переведенный корпус,paar’r’n’ kiičes’t’ kas’t’ l’ijj nɨm’m’p’ paar’r’n’,6
парень.nom.sg,2,paar’r’n’,па̄ррьн,Переведенный корпус,paar’r’n’ kiičes’t’ kas’t’ l’ijj nɨm’m’p’ paar’r’n’,6
парень.nom.sg,2,paar’r’n’,па̄ррьн,Переведенный корпус,paar’r’n’ v’i ǯ'el’ pajas,6
парень.pl,1,parna,парна,,,1
пасти,2,pɨɲ,пын,kld_txt_KarNC_deers,munndet(t) vaanas pɨɲɲe a pɨɲe el’j v’iil’ja,1
пасти,2,pɨɲɲ,пынн,kld_txt_KarNC_deers,sɨjj jiil’l’en’ puuʒet’ pɨɲɲen’ i tel’ meenn k’eez’ kɨd kuun’t’x’ev i čeexxča kooppčev,9
пасти,2,pɨɲɲ,пынн,kld_txt_KarNC_deers,puudzet’ paj jeb’b’ pɨɲɲma paj svol’no jiil’em čeexxča kooppčev vooddeddev,9
пасти,2,pɨɲɲ,пынн,kld_txt_KarNC_deers,a s’iinet’ sɨjj pɨɲɲev,9
пасти,2,pɨɲɲ,пынн,kld_txt_KarNC_deers,ja tel’ el’g’em’ pɨɲɲe iiž’a saam’,9
пасти,2,pɨɲɲ,пынн,kld_txt_KarNC_deers,m’iinen’ v’iil’jangɒn’c’ pɨɲɲen’,9
пасти,2,pɨɲɲ,пынн,kld_txt_KarNC_deers,munndet(t) vaanas pɨɲɲe a pɨɲe el’j v’iil’ja,9
пасти,2,pɨɲɲ,пынн,kld_txt_KarNC_deers,jev allka pɨɲɲe ja nɨd’d’ paj jiil’l’eš kolxoz rajja,9
пасти,2,pɨɲɲ,пынн,kld_txt_KarNC_deers,muddmen’ l’iijjen’ maŋŋa kues’s’ pɨɲɲeškuud’d’en’,9
пасти,2,pɨɲɲ,пынн,kld_txt_KarNC_deers,ad’d’ kon’ešno parnedes’ tože pɨɲɲev puuʒet’,9
пастух,1,pɒstx,поастх,,,1
пастух.nom.pl,2,pastex,пастэх,Переведенный корпус,pastex jaad’sellav čiirre,1
пастух.nom.pl,2,pastex',пастэхь,kld_txt_KarNC_deers,nu kues's' pastex' vooddeddev vooddeddev,2
пастух.nom.pl,2,pastex',пастэхь,kld_txt_KarNC_deers,pooddlev kues's' pastex' ut'olas't il'e k'es's'a pooddlev,2
пастух.nom.sg,1,pastex',пастэхь,,,1
патефон.nom.pl,1,pat'efon,патефон,,,1
первы,1,p’eervi,пēрвы,,,1
первый,2,p’eervi,пēрвы,Переведенный корпус,p’eervi veeze pɨjj sun’n’t’ad tell pɨjj tell avda pɨjj i tɒɒjv maŋŋa pɨjj ja’vr i joge lɒɒnd аl’gev milgnes kal’l’me,1
первый,2,p’ervɨ,первы,Переведенный корпус,no p’ervɨ vs’evo p’ees’s’ muure p’ees’s’ muure tag b’eda uʒ’xa,1
первыми,1,p’ervimi,первымы,,,1
перед,2,evd,эвд,Переведенный корпус,vuulklešuude evdes’ vaan’c’e vaar’ m’iil’l’te n’iijjt el’ge soon moolle štobɨ ejj kuedeče sonn ooxxte vaarra,1
перед,2,vuus’,вӯсь,Переведенный корпус,vuus’ ɲues’s’ jeer’r’k’e puuʒe / čuez b’eda čofta s’iirran i b’eda čofta puuʒe karrev,3
перед,2,vuus’,вӯсь,Переведенный корпус,vuus’ ɲues’s’ jeer’r’k’e cɨzga laavvlev b’eda čuud’d’,3
перед,2,vuus’,вӯсь,Переведенный корпус,puer’es oollme saarrnev što vuus’ ɲues’s’ jeer’r’k’e siin’et’ čofta muehc,3
передний,2,eevvt,э̄ввт,kld_txt_Lehtiranta_2_r’iim’ɲ_i_taale_moajnas,eevvtjeer’r’k pe’lte(j),1
передний,2,evd,эвд,Переведенный корпус,iince kɒʒjem vɨjjl’em evdas,1
передний?,2,poššem,пошшэм,kld_txt_Kert1961_pro_vorona_tulena_i_dikogo_olena,siirrev poššemb’el’t kued’,2
передний?,2,poššem,пошшэм,kld_txt_Kert1961_pro_vorona_tulena_i_dikogo_olena,ja kɒdes’t poššemb’alla kued’,2
передний?,2,pɒššem,поашшэм,kld_txt_Kert1961_pro_vorona_tulena_i_dikogo_olena,a pɒššemb’elt kued kerrnev kuuht kɒn’t’ parna,1
перекладина,1,oolk,о̄лк,,,2
перекладина.gen.sg,1,olk,олк,,,1
переноска,1,p’e’r’enoska,переноска,,,2
песня,2,laavl,ла̄вл,Переведенный корпус,parna jeenna lɒɒvvlen raaznɨ laavlet ruušas saames,2
песня,2,laavl,ла̄вл,Переведенный корпус,ɨštem laavleguejm vɨjjl’em mɒɒst,2
песня,2,luuvvt,лӯввт,kld_txt_Kert1961_pro_vorona_tulena_i_dikogo_olena,kued al’n’ kuuxxt kaar’nes’ al’ka kiersellev ja luuvvtjev,1
петь,5,laavvl,ла̄ввл,Переведенный корпус,vuus’ ɲues’s’ jeer’r’k’e cɨzga laavvlev b’eda čuud’d’,1
петь,5,lavle,лавлэ,Переведенный корпус,kɨdda lavleškued’d’ev vežda cizga,1
петь,5,luvt,лувт,Переведенный корпус,kaallas ujnev čeed c’iig i kultlev kooxxt sonn luvtaj ja saarrn nɨd’d’ ruahč[15] jes’k’e jeem’m’n’e kɨr’r’t’,1
петь,5,luvvt,луввт,kld_txt_Kert1961_pro_vorona_tulena_i_dikogo_olena,luvvtjev paj jeem’m’n’e vuessta vuegg,1
петь,5,lɒɒvvl,лоа̄ввл,Переведенный корпус,parna jeenna lɒɒvvlen raaznɨ laavlet ruušas saames,1
пецк.acc.sg,1,p’eeck,пēцк,,,1
печаль,1,vɒɒjv,воа̄йв,,,1
печаль.NOM.SG,1,vajjv,ваййв,,,1
печок.ACC.SG,1,p’eeck,пēцк,,,1
печь,2,p’eec,пēц,kld_txt_Kert1961_nuemmel_piras,nurmuss el'ke robxušše lɨhke p’eecet’.,1
печь,2,p’ehc,пеххц,kld_txt_Kert1961_nuemmel_piras,ja p’ehctuer’v pornen’ l’eejp axxtan,1
пим,1,p’ima,пима,,,2
пимы,1,p’ima,пима,,,2
пить,3,jug,йюг,kld_txt_KarNC_wedding_pt2,tel’ ɨšštev vɨn’n’ juggueddev,3
пить,3,jug,йюг,kld_txt_Kert1961_nuemmel_piras,juge vɨn surmguades't’ pore p’eerk kuemmer' sɨz'n’.,3
пить,3,jug,йюг,kld_txt_Kert1961_pro_vorona_tulena_i_dikogo_olena,kalsenč poore juge poore juge,3
пить,3,jugg,йюгк,kld_txt_KarNC_wedding_pt2,ja tel’ ɨšštev jugge juggev tel’ mɒst vuul’l’k’ev,8
пить,3,jugg,йюгк,kld_txt_KarNC_wedding_pt2,ja tel’ ɨšštev jugge juggev tel’ mɒst vuul’l’k’ev,8
пить,3,jugg,йюгк,kld_txt_KarNC_wedding_pt2,telʼ en’nʼt’enʼ sonʼnʼe cʼeer̥’k’ vɒɒllenʼ jugge.,8
пить,3,jugg,йюгк,kld_txt_KarNC_wedding_pt2,vɒɒzen’ čil’met’ ja vɨn’e jugge ja,8
пить,3,jugg,йюгк,kld_txt_KarNC_wedding_pt2,tel’ juggev juggev,8
пить,3,jugg,йюгк,kld_txt_KarNC_wedding_pt2,tel’ juggev juggev,8
пить,3,jugg,йюгк,kld_txt_Kert1961_nuemmel_piras,al'kes'kånc juggen’ vɨn kukseguejm,8
пить,3,jugg,йюгк,kld_txt_Kert1961_pro_vorona_tulena_i_dikogo_olena,jaannat ejj maahtenč poorre ejj maahtenč jugge,8
пить,3,jux,йюх,kld_txt_Kert1961_pro_vorona_tulena_i_dikogo_olena,puudenč aǯat tonn soon por̥t juxt,1
пить.pst.3sg,1,jug,йюг,,,1
плавать,1,vujj,вуйй,,,2
плакать,3,luujjk,лӯййк,kld_txt_KarNC_wedding_pt2,tɒvvrež ušte prɒššed an’ an’ luujjksev,1
плакать,3,luuj̥j̥k,лӯййк,kld_txt_KarNC_wedding_pt2,tel’ ɒšte luuj̥j̥kmušš meene,3
плакать,3,luuj̥j̥k,лӯййк,kld_txt_KarNC_wedding_pt2,luuj̥j̥kem peer̥r̥t meene puud’e,3
плакать,3,luuj̥j̥k,лӯййк,Переведенный корпус,luuj̥j̥knelle ɨšteht’ n’iijtes’ sɒne eel ja vɨjjel’ lɒttkna puuʒje al’n vaarra,3
плакать,3,luuj̥k,лӯйк,kld_txt_Kert1961_pro_vorona_tulena_i_dikogo_olena,tool sajes’t luuj̥ke,2
плакать,3,luuj̥k,лӯйк,kld_txt_Kert1961_pro_vorona_tulena_i_dikogo_olena,luuj̥ke ja eženes’ jɒddseleškud’e,2
плакать.npst.3sg,1,luej̥j̥k,луэййк,,,1
плата,1,paal̥’l̥’k’,па̄ӆӆьк,,,2
платить,1,moakks,моаккс,,,2
платок.acc.sg,2,rɨb’b’ex’,рыбпехь,kld_txt_KarNC_wedding_pt2,tel’ koorren’ rɨb’b’ex’ son’n’e,1
платок.acc.sg,2,rɨpʼpʼexʼ,рыппэх,kld_txt_KarNC_wedding_pt2,čaapxe rɨpʼpʼexʼ koorʼrʼenʼ,1
платье,1,plaat’ja,пла̄тя,,,1
плохое.NOM.SG,1,ɲues’s’,нуэссь,,,1
плохой,2,n'uez,нюез,kld_txt_Kert1961_nuemmel_piras,kal'l'es' jall pere n'uezel't pejjel' p’eejv' ja pejjel’ p’eejv' š’iigten’n’e.,1
плохой,2,ɲues’s’,нуэссь,Переведенный корпус,soonn puadd m’eer(e) gor’r’en i pɨht keelmas ɲues’s’ jeerg,4
плохой,2,ɲues’s’,нуэссь,kld_txt_Lehtiranta_1_r’iim’ɲ_moajnas,r’iimmɲ saarrn čte saap’p[d]’l’iŋ’geɲǯ l’ii ɲues’s’,4
плохой,2,ɲues’s’,нуэссь,kld_txt_Lehtiranta_1_r’iim’ɲ_moajnas,vuer’r’veɲǯ l’ii ɲues’s’,4
плохой,2,ɲues’s’,нуэссь,kld_txt_Lehtiranta_1_r’iim’ɲ_moajnas,r’iimmɲ saarrn čte ɲuem’m’l(‘)eɲǯ l’ii ɲues’s’,4
плохой.attr,1,ɲues’s’,нуэссь,,,5
плыть,5,suld,сулд,kld_txt_Kert1961_rybolovstvo_20210223,suldeš' kaas's'te kues's' nuut' kaas’s'tet',1
плыть,5,sulden’,сулдэнҍ,Переведенный корпус,roddjes vensedes’ venset’ čadca di sulden’,1
плыть,5,vuj,вуй,kld_txt_Lehtiranta_2_r’iim’ɲ_i_taale_moajnas,jeerrka kaal’l’es vuje(j)[a] kuul’l’k’eer’r’sen,7
плыть,5,vuj,вуй,kld_txt_Lehtiranta_2_r’iim’ɲ_i_taale_moajnas,kaal’l’es vuje(j) vuje(j),7
плыть,5,vuj,вуй,kld_txt_Lehtiranta_2_r’iim’ɲ_i_taale_moajnas,kaal’l’es vuje(j) vuje(j),7
плыть,5,vuj,вуй,kld_txt_Lehtiranta_2_r’iim’ɲ_i_taale_moajnas,vujest vujest,7
плыть,5,vuj,вуй,kld_txt_Lehtiranta_2_r’iim’ɲ_i_taale_moajnas,vujest vujest,7
плыть,5,vuj,вуй,kld_txt_Lehtiranta_2_r’iim’ɲ_i_taale_moajnas,vuje(j) vuje(j),7
плыть,5,vuj,вуй,kld_txt_Lehtiranta_2_r’iim’ɲ_i_taale_moajnas,vuje(j) vuje(j),7
плыть,5,vujj,вуйй,kld_txt_Lehtiranta_2_r’iim’ɲ_i_taale_moajnas,pɨje(j) vujjem k’eer’r’es l’eek’k’e,2
плыть,5,vujj,вуйй,kld_txt_Lehtiranta_2_r’iim’ɲ_i_taale_moajnas,pɨje(j) maŋ’ŋ’k’eer’r’sa i vujjel,2
плыть,5,vuujj,вӯйй,kld_txt_Kert1961_jeerrkja_oollmej_bajas,sijj kooxxt pɒɒl’l’te vuujjen’ nɨd’d’e k’eed’d’kluvven’,1
плыть.npst.3sg,1,vuejj,вуэйй,,,1
плыть?,1,suld,сулд,,,1
плясать,2,pl'ass,пьлясс,Переведенный корпус,pl'assej taall mooǯtenne per'e,1
плясать,2,pl'ass',пьляссь,Переведенный корпус,ext s'err nɨm'm'p' tɨvnede taallen’ ja el'k'e pl'ass'je.,1
по,2,mil’tɛ,мыльт,kld_txt_Kert1961_byl_o_ljajne,l’k̭i͔ jena i̮ije mil’tɛ vodḓɛtɛ,1
по,2,m’iil’l’te,мӣлльте,kld_SAM_SG_map_20230815,čuekas m’iil’l’te meenne vuajj meenne,22
по,2,m’iil’l’te,мӣлльте,kld_SAM_SG_map_20230815,vans jɒddaj jog m’iil’l’te javvra,22
по,2,m’iil’l’te,мӣлльте,kld_SAM_SG_map_20230815,suull m’iil’l’te,22
по,2,m’iil’l’te,мӣлльте,kld_SAM_SG_map_20230815,čuekas m’iil’l’te meenax meenax,22
по,2,m’iil’l’te,мӣлльте,kld_SAM_SG_map_20230815,bɨdd meenne čuekas m’iil’l’te kug’g’,22
по,2,m’iil’l’te,мӣлльте,kld_SAM_SG_map_20230815,sadamadda činčb’e(e)l’ta tel’ jɒdax čuekas m’iil’l’te,22
по,2,m’iil’l’te,мӣлльте,kld_SAM_SG_map_20230815,jog m’iil’l’te ja jɒdjax,22
по,2,m’iil’l’te,мӣлльте,kld_SAM_SG_map_20230815,čuuhke m’iil’l’te,22
по,2,m’iil’l’te,мӣлльте,kld_SAM_SG_map_20230815,jog m’iil’l’te bɨdd pajas peejjne,22
по,2,m’iil’l’te,мӣлльте,kld_txt_Genetz1891,oxo tel’ jesk mune m’iil’l’te l’ii,22
по,2,m’iil’l’te,мӣлльте,kld_txt_Kert1961_pro_vorona_tulena_i_dikogo_olena,eft ufs m’iil’l’te voarrat kɒn’n’t’ nɨm’m’p’ n’iijjt,22
по,2,m’iil’l’te,мӣлльте,kld_txt_Kert1961_pro_vorona_tulena_i_dikogo_olena,paa(r’)r’n’an pued’d’e mon m’iil’l’te,22
по,2,m’iil’l’te,мӣлльте,kld_txt_Kert1961_pro_vorona_tulena_i_dikogo_olena,aahk’ veel’l’ej olkes’ paarrnes’ m’iil’l’te,22
по,2,m’iil’l’te,мӣлльте,kld_txt_Kert1961_pro_vorona_tulena_i_dikogo_olena,paarna vuagglen’ ažes’ m’iil’l’te,22
по,2,m’iil’l’te,мӣлльте,kld_txt_Lehtiranta_2_r’iim’ɲ_i_taale_moajnas,vaan’n’cel moast čuukke m’iil’l’te,22
по,2,m’iil’l’te,мӣлльте,kld_txt_Lehtiranta_3_kɒn’t’_moajnas,m’iil’l’te karrel,22
по,2,m’iil’l’te,мӣлльте,kld_txt_Lehtiranta_3_kɒn’t’_moajnas,jeel’ c’aal̥l̥k alkɲam meen(e) až’ant m’iil’l’te,22
по,2,m’iil’l’te,мӣлльте,Переведенный корпус,no n’iijtaja bɨdde l’aajj jeena sonn l’aajj v’aal uc’c’ bɨdde l’aajj soon m’iil’l’te ujjne,22
по,2,m’iil’l’te,мӣлльте,Переведенный корпус,rɒdne n’iijtes’ meenn ejj lɨk soon paje pueraht a n’iijjtb’eel’l’ xošš i pugg per̥t m’iil’l’te lɨke jeen’n’b’eel’l’ soonen’ paje ɒr̥r̥tedd ja cele p’iijve m’iil’l’te ševraht,22
по,2,m’iil’l’te,мӣлльте,Переведенный корпус,rɒdne n’iijtes’ meenn ejj lɨk soon paje pueraht a n’iijjtb’eel’l’ xošš i pugg per̥t m’iil’l’te lɨke jeen’n’b’eel’l’ soonen’ paje ɒr̥r̥tedd ja cele p’iijve m’iil’l’te ševraht,22
по,2,m’iil’l’te,мӣлльте,Переведенный корпус,a kaal’l’es’ n’iijjt cele p’eejve m’iil’l’te lɨke sonn i č’aaz’ gɒrre vɒrrad sonn i p’eerk kɨppt i laammpset’ por̥tad i muur’et’ kuennt d’i šeel’d’et’ pass,22
по,2,m’iil’l’te,мӣлльте,Переведенный корпус,vuulklešuude evdes’ vaan’c’e vaar’ m’iil’l’te n’iijjt el’ge soon moolle štobɨ ejj kuedeče sonn ooxxte vaarra,22
побывать,1,voard,воард,,,1
поводья(?).acc.sg,1,puacckas,пуадцкас,,,1
поглотить,1,vaal’d,ва̄льд,,,1
погода,1,jeer’r’k’,ēррьк,,,3
погода.acc.sg,1,jeerg,ēрг,,,1
погода.nom.pl,2,jeerg,ēрг,Переведенный корпус,kɨdda l’eev raznɨ jeerg,1
погода.nom.pl,2,j’eerg,йэ̄рг,Переведенный корпус,lujaav’r’es’ j’eerg l’eev razni,1
погода.nom.sg,1,jeerrk,ēррк,,,5
погода.pl,1,j’eerg,йэ̄рг,,,1
под.DAT,1,vuella,вуэлла,,,1
под.LOC,1,vuul’l’n,вӯлльн,,,1
под.dat,1,vuella,вуэлла,,,3
подарок,3,laaj̥,ла̄й,Переведенный корпус,mudda vuer puud’e muuɲekaallsa ja pɨt’e n’iijjta laaj̥et i šuurr ɨš’s’t’e t’iivvt kɒl’eguejm,2
подарок,3,laaj̥,ла̄й,Переведенный корпус,n’iijjt l’aajj tenn vuer caagga muuɲkaallsa laaj̥et’ v’iil’l’k’es’ p’eeck v’iil’l’k’es’ mooǯes’ p’imat’,2
подарок,3,lɒj̥,лоай,Переведенный корпус,tonn mej pueres' čaann eg'g' pɨhta m'iinne lɒj̥et' kɒl'l'et' ja mooǯes' šolk ɒɒsset',1
подарок,3,lɒɒj̥,лоа̄й,Переведенный корпус,ejj pued vaje muuɲkaallsa lɒɒj̥eguejm il’i cɒɒr al'l'k soon gɒrra,1
поднимать,1,tuub,тӯб,,,1
поднять,1,paj,пай,,,1
подняться,1,peejn,пэ̄йн,,,1
подойти,1,ɛлt,т,,,1
поймать,2,soag,соаг,kld_txt_Genetz1891,dɨ soage t’iiŋ’k’et’,1
поймать,2,soagg,соагк,kld_txt_Genetz1891,voal'te(j) soane(j)t’ vuulke(j) muure(j)t’ soagge,2
поймать,2,soagg,соагк,kld_txt_Genetz1891,el’l’a kooxxt soagge(δ),2
пойти,17,pejjd,пэййд,kld_SAM_SG_map_20230815,ну vuajj nɨd’d’ pejjde,3
пойти,17,pejjd,пэййд,kld_SAM_SG_map_20230815,pejjde,3
пойти,17,pejjd,пэййд,kld_SAM_SG_map_20230815,vuajj pejjde tenn sɨjjta,3
пойти,17,vuelk,вуэлк,kld_txt_KarNC_wedding,a toonn kooxxt vuelkax,3
пойти,17,vuelk,вуэлк,kld_txt_KarNC_wedding,vuelka,3
пойти,17,vuelk,вуэлк,Переведенный корпус,eexxt paar’r’n c’aal̥l̥k munn vuelka tol’ke mon’n’e tovruš bɨdd,3
пойти,17,vul'k,вульк,kld_txt_Genetz1891,tat’t’e v'aala vul'ke t’iiŋ’k’e gorra saaml'anč ɒrr t’iiŋ’ke(j)t’ vuerrt,1
пойти,17,vul’g’,вульг,kld_txt_KarNC_wedding_pt2,tel’ vul’g’e janna,1
пойти,17,vul’k,вульк,kld_txt_Kert1961_byl_o_ljajne,a idž vul’ki m’ahca,1
пойти,17,vul’k’,вульк,kld_txt_KarNC_wedding_pt2,tel’ vul’k’en’ jannas’,1
пойти,17,vuul'k,вӯльк,Переведенный корпус,vuul'kep lаnnа t’iin'ket’ soagne,1
пойти,17,vuul'l'k,вӯлльк,kld_txt_Kert1961_rybolovstvo_20210223,parna bɨdd vuul'l'ke nuuht'e,3
пойти,17,vuul'l'k,вӯлльк,kld_txt_Kert1961_rybolovstvo_20210223,tel' kuuht оollmе vuul'l'ken' par̥ket' soagge,3
пойти,17,vuul'l'k,вӯлльк,Переведенный корпус,a go kujje vuul'l'kkud'e,3
пойти,17,vuulk,вӯлк,kld_txt_Genetz1891,voal'te(j) soane(j)t’ vuulke(j) muure(j)t’ soagge,2
пойти,17,vuulk,вӯлк,Переведенный корпус,vuulklešuude evdes’ vaan’c’e vaar’ m’iil’l’te n’iijjt el’ge soon moolle štobɨ ejj kuedeče sonn ooxxte vaarra,2
пойти,17,vuul’k,вӯльк,kld_txt_Genetz1891,avvta vuul’ke(j) v’iil’g’es’ k’eeddke kuajjve(δ),2
пойти,17,vuul’k,вӯльк,kld_txt_Kert1961_pro_vorona_tulena_i_dikogo_olena,kɒn’n’t’ kues’s’ vuul’ke m’aahca c’iil̥’ke koabkas,2
пойти,17,vuul’k’,вӯльк,kld_txt_KarNC_deers,soonn vuul’k’e čuuʒje soonn čeed čuuʒes’t’ j’iil’e vooddede,1
пойти,17,vuul’l’k’,вӯлльк,kld_txt_KarNC_wedding_pt2,ja tel’ ɨšštev jugge juggev tel’ mɒst vuul’l’k’ev,4
пойти,17,vuul’l’k’,вӯлльк,Переведенный корпус,nu vot i vuul’l’k’en’,4
пойти,17,vuul’l’k’,вӯлльк,Переведенный корпус,vuul’l’k’en’ ooʒe olmn’ed’d’e loag’g’ mat’t’,4
пойти,17,vuul’l’k’,вӯлльк,Переведенный корпус,a tegg vuul’l’k’en’,4
пойти,17,vɨlg,вылг,kld_txt_Lehtiranta_3_kɒn’t’_moajnas,tɒge ša i mun(n) vɨlgam vuaggeẟ,1
пойти,17,vɨl’g,выльг,kld_txt_Lehtiranta_3_kɒn’t’_moajnas,kɒn’n’t vɨl’ge(j) m’aacca,1
пойти,17,vɨl’k,выльк,kld_txt_Lehtiranta_3_kɒn’t’_moajnas,kooz vɨl’ke(j) muun(e) aǯ’,1
пойти,17,vɨl’l’g,вылльг,kld_txt_Lehtiranta_3_kɒn’t’_moajnas,paarnɲam paarnɲam kooz tun(n) vɨl’l’gex,1
пойти,17,vɨl’l’k,вылльк,kld_txt_Lehtiranta_2_r’iim’ɲ_i_taale_moajnas,no vɨl’l’kep vuaŋŋke(ẟ),3
пойти,17,vɨl’l’k,вылльк,kld_txt_Lehtiranta_2_r’iim’ɲ_i_taale_moajnas,no vɨl’l’kep с’aal̥l̥k,3
пойти,17,vɨl’l’k,вылльк,kld_txt_Lehtiranta_2_r’iim’ɲ_i_taale_moajnas,vɨl’l’ken vuaŋŋke(ẟ),3
пока,2,poka,пока,kld_txt_Lehtiranta_3_kɒn’t’_moajnas,poka p’iiŋk egg vaaltče,1
пока,2,vɨs’te,высьте,kld_txt_KarNC_wedding_pt2,ɒrseg’g’e vɨs’te an’ soonn luej̥j̥k i prɒššed num’b’es’gueim k’eegg soost l’eev,1
показать,1,vuuz’x’,вӯзьх,,,1
показаться,2,ɨd'd',ыдтҍ,Переведенный корпус,tala ɒɒšštede ɨd'd'en sɒɒn,1
показаться,2,ɨdd,ыдт,Переведенный корпус,kues’s’ ɨddev mooǯes' sɒɒn k'aassxa v’iil'l'kes' cɒɒr puuʒeguejm,1
покрывается,1,pakrɨvaetsa,пакрываэтса,,,1
покрываться,1,tuvvn,туввн,,,1
пол,2,šal’d,шальд,Переведенный корпус,toolgɒr’r’en’ kɨp’ten man’n’ o šal’d,1
пол,2,šeel’d’,шэ̄льд,Переведенный корпус,a kaal’l’es’ n’iijjt cele p’eejve m’iil’l’te lɨke sonn i č’aaz’ gɒrre vɒrrad sonn i p’eerk kɨppt i laammpset’ por̥tad i muur’et’ kuennt d’i šeel’d’et’ pass,1
полено,1,keelt,кэ̄лт,,,1
ползти,1,p’eeg,пēг,,,1
полный,3,t’iivt,тӣвт,Переведенный корпус,ja pɨht’e kuv's' t’iivt veer,1
полный,3,t’iivvt,тӣввт,kld_txt_Kert1961_rybolovstvo_20210223,pɨjjen' v’eer̥cet' t’iivvt paar̥ket',2
полный,3,t’iivvt,тӣввт,Переведенный корпус,mudda vuer puud’e muuɲekaallsa ja pɨt’e n’iijjta laaj̥et i šuurr ɨš’s’t’e t’iivvt kɒl’eguejm,2
полный,3,t’iiv’v’t’,тӣввьт,Переведенный корпус,k’iičes’t’ čuel’l’m saama l’ii t’iiv’v’t’ vujjev oollme,1
половина,3,lahk’e,лаххьке,kld_txt_Genetz1891,sɨjje šan't'e al'ke lahk’eolma lahk’etaall,2
половина,3,lahk’e,лаххьке,kld_txt_Genetz1891,sɨjje šan't'e al'ke lahk’eolma lahk’etaall,2
половина,3,pʼeelʼ,пэ̄л,kld_txt_KarNC_wedding_pt2,… mɒššenʼ t’iiŋʼk’eguejm tam’p’e lʼeev pʼeelʼčudʼdʼ kopʼejkedde ili mar̥ʼr̥ʼkʼ.,1
половина,3,p’eel’l’,пēлль,kld_txt_KarNC_deers,aǯ’san l’aajj čuud’(d’) p’eel’l’em’p’ l’aajj,1
половина.acc.sg,2,lak’,лакь,kld_txt_Genetz1891,čaaʒ'jelle puude(j) t’iiŋ’ke(j)t i pɨt’e saaml’eɲče kab’b’er' sɨz lɨške(j) kab’b’er' lak’ šante,1
половина.acc.sg,2,p'eel',пēль,kld_txt_Kert1961_rybolovstvo_20210223,ja allk luuš'š'te nɨm'm'p' p'eel' nuut',2
половина.acc.sg,2,p'eel',пēль,kld_txt_Kert1961_rybolovstvo_20210223,vaallt nuur' k'eeǯ' k'aass ja voanncat nostem luz nuut' p'eel',2
половина.gen.sg,1,lаk'k',лккь,,,1
половина.nom.sg,1,p’eel’l’,пēлль,,,1
положить,1,pɨjj,пыйй,,,1
полоз,1,polx,полх,,,1
помереть,1,roahp,роаххп,,,1
помнить.imp.sg,1,mušt,мушт,,,1
понемногу,1,sadamadda,садамадта,,,1
понравиться,1,ponrav’d,понравьд,,,1
попасть,2,pɒbb,поабп,kld_txt_Lehtiranta_2_r’iim’ɲ_i_taale_moajnas,mɨn’n’e c’aal̥l̥k pɒbbeht kuul’l’,3
попасть,2,pɒbb,поабп,kld_txt_Lehtiranta_2_r’iim’ɲ_i_taale_moajnas,meejt mɨjje ejj pɒbbeht,3
попасть,2,pɒbb,поабп,kld_txt_Lehtiranta_2_r’iim’ɲ_i_taale_moajnas,tanna c’aal̥l̥k pɒbbaht kuul’l’,3
попасть,2,pɒpp,поапп,Переведенный корпус,kuul’ pɒppalet raaznɨ nalla laanas jeenne no kuul’ abɨčna val’d’et pooves,1
попасть.CNG,1,pɒɒbbel’t,поа̄бпэльт,,,1
попасться,1,pɒbbx,поабпх,,,1
поперечный,1,tueres’,туэрэсь,,,1
поперёк,2,rast,раст,kld_txt_Lehtiranta_1_r’iim’ɲ_moajnas,mun(n) i tuun(e) rast rɒd’d’(e)jam,4
поперёк,2,rast,раст,kld_txt_Lehtiranta_2_r’iim’ɲ_i_taale_moajnas,r’iim’m’ɲ koac’kej puacckas rast jeer’kest,4
поперёк,2,rast,раст,kld_txt_Lehtiranta_2_r’iim’ɲ_i_taale_moajnas,k’eet’kest meene(j) s’eejjp rast,4
поперёк,2,rast,раст,kld_txt_Lehtiranta_2_r’iim’ɲ_i_taale_moajnas,s’eejjp rast,4
поперёк,2,rɒst,роаст,Переведенный корпус,tes’t’ ufšten geagraafe munn rɒst mɒɒj(n)se parnat pugg čaar bajas kooxxt ad’d’ izmen’iilsa čaarr tejja ɨg’e kooxxt jeel’ešued’d’eš per’a i tag daale,1
поперёк?,1,tuar,туар,,,1
поплачет,1,luuj̥k,лӯйк,,,1
поправиться,1,sprovd,спровд,,,1
попутный,2,m’eed,мēд,Переведенный корпус,pɨjet nɨt’t’ štobe sɨjj l’iihčen’ seekksem m’eedas tes’t’ vuajj kues’s’ l’eev seekks m’eedas vuajj čuujjke udlen’n’e a kues’s’ pejjne paahka to rueppt seeks ejj jɒdd valas k’irse,2
попутный,2,m’eed,мēд,Переведенный корпус,pɨjet nɨt’t’ štobe sɨjj l’iihčen’ seekksem m’eedas tes’t’ vuajj kues’s’ l’eev seekks m’eedas vuajj čuujjke udlen’n’e a kues’s’ pejjne paahka to rueppt seeks ejj jɒdd valas k’irse,2
попутный,2,m’iidm,мӣдм,kld_txt_Lehtiranta_3_kɒn’t’_moajnas,puud’e(j) m’iidmeɲčp’aalla kued’(e),1
пора.nom.sg,1,paal’l’,па̄лль,,,1
порог.nom.sg,1,kuuššk,кӯшшк,,,1
посидеть,1,ɒr,оар,,,1
после,2,maŋŋa,маӈӈа,Переведенный корпус,maŋŋades kues’s’ nuuht’eš k’iirxnet’ pued’et’ nuut’ kooz’et olk eel,11
после,2,maŋŋa,маӈӈа,Переведенный корпус,p’eervi veeze pɨjj sun’n’t’ad tell pɨjj tell avda pɨjj i tɒɒjv maŋŋa pɨjj ja’vr i joge lɒɒnd аl’gev milgnes kal’l’me,11
после,2,maŋŋa,маӈӈа,kld_txt_KarNC_deers,maŋŋa m’iines’t’ puaz peejjneškuud’e pajjas šenteškuud’e laššneškuud’e,11
после,2,maŋŋa,маӈӈа,kld_txt_KarNC_deers,a iižmen’ maŋŋades’t’ges k’aahpneškuud’e,11
после,2,maŋŋa,маӈӈа,kld_txt_KarNC_deers,l’iijjen’ kon’ešno maŋŋa,11
после,2,maŋŋa,маӈӈа,kld_txt_KarNC_deers,muddmen’ l’iijjen’ maŋŋa kues’s’ pɨɲɲeškuud’d’en’,11
после,2,maŋŋa,маӈӈа,kld_txt_KarNC_deers,l’aajj čuez soost soonn? kon’ešna maŋŋa ejj šeenntma,11
после,2,maŋŋa,маӈӈа,kld_txt_KarNC_deers,maŋŋades’t’ daže kolxoz kues’s’ kolxos’s’e ɨštem jeenne ɨg’g’e meene,11
после,2,maŋŋa,маӈӈа,kld_txt_KarNC_wedding_pt2,tel’ maŋŋa tes’t’ mejt?,11
после,2,maŋŋa,маӈӈа,kld_txt_Kert1961_rybolovstvo_20210223,maŋŋa sonn poov čacck tummpl'a,11
после,2,maŋŋa,маӈӈа,kld_txt_Kert1961_rybolovstvo_20210223,maŋŋa taaz sɨz k’iissen' nuut',11
после,2,maŋ’m,маӈьм,kld_txt_KarNC_wedding_pt2,at’t’ ju maŋ’mes’ lɨhcep’,1
посуда.nom.pl?,1,as’t,асьт,,,1
потеряться,1,kaad,ка̄д,,,1
потолок,1,lɒɒg,лоа̄г,,,1
потом,1,maŋŋa,маӈӈа,,,5
потом/так,1,tel’l’,тэлль,,,1
потом?,1,tel',тэль,,,1
поход,1,paxod,паход,,,2
почему,1,meejt,мэ̄йт,,,2
почти?,1,ajt,айт,,,1
поэтому,1,pɨetamu,пыэтаму,,,1
право,2,vuel’kes’b’aall,вуэлькесьбя̄лл,kld_SAM_SG_map_20230815,vuel’kes’b’aalla,1
право,2,vuel’kes’b’e(e)l’,вуэлькесьбе(э)ль,kld_SAM_SG_map_20230815,vuel’kes’b’e(e)l’ l’ii num’m’p’ sɨjjt,3
право,2,vuel’kes’b’e(e)l’,вуэлькесьбе(э)ль,kld_SAM_SG_map_20230815,и vuel’kes’b’e(e)l’ v’aal l’aav... l’eev sɨjd,3
право,2,vuel’kes’b’e(e)l’,вуэлькесьбе(э)ль,kld_SAM_SG_map_20230815,или vuel’kes’b’e(e)l’,3
предводитель,2,čūd˙cuer’r’v’,чуд˙цуэррьв,kld_txt_Kert1961_byl_o_ljajne,čūd˙cuer’r’v’ ɛлtɛn˙ val’l’tɛ kahcad,1
предводитель,2,čūd˙čur’v’,чуд˙чурьв,kld_txt_Kert1961_byl_o_ljajne,tɛs’t˙ L’ain šur ni̮ipɛn˙ ter̭pe cepɛt˙ čūd˙čur’v’i̮s’,1
прежде,1,eevvdel’,э̄ввдэль,,,3
приблизительно,1,v’er’tɛ,верьт,,,1
прибыть,1,put’,путҍ,,,1
привести,2,pɨht’,пыххьт,kld_txt_KarNC_wedding,vɨg’g’en žen’ex’ žen’ex’ pɨht’en’ n’iijjta,3
привести,2,pɨht’,пыххьт,Переведенный корпус,čuudzes't’ pɨht’e sɨnnem sevs luuhp’el',3
привести,2,pɨht’,пыххьт,Переведенный корпус,a pɨht’e peer̥r̥te jeer’es nɨzan sonn peele uššte vuajj pɒbbxe nɨzan kuu ejj vuaɲč vuajxe rɒdne jeen’ soon n’iijtaja,3
привести,2,pɨtʼtʼ,пытт,kld_txt_KarNC_wedding_pt2,ja telʼgesden’n’egʼe čilʼmetʼ vɒsʼsʼenʼ ja telʼ jodʼdʼedde evtes’ pɨtʼtʼe sʼeessa.,1
привет,1,t’iirrv,тӣррв,,,2
привод_невода,1,ran'n't,раннҍт,,,1
привод_невода.nom,1,ran'n't,раннҍт,,,1
привязать,4,koor,ко̄р,Переведенный корпус,suem’p’ k’aaǯ’a kooret naak’ štobe l’aahč štobi vuajehček oojjke k’iid’ i l’aahč š’iiγ’ čuujjke,2
привязать,4,koor,ко̄р,kld_txt_Kert1961_rybolovstvo_20210223,sonn koore aal',2
привязать,4,koorr,ко̄рр,Переведенный корпус,meenn sɒɒnes kuuht jeer’g’ jɒd’exen’ p’eerg ja saav’ex’et koogg l’iijem koorrma saallvas sɨz’z’en’,1
привязать,4,kor,кор,Переведенный корпус,puuʒet pugg kornem ja ɨldem tool ja al’g’em aavvde čaaj činne p’eerg,2
привязать,4,kor,кор,Переведенный корпус,kornem puuʒet,2
привязать,4,kɒɒr,коа̄р,Переведенный корпус,puuʒet pugg š’iiggten’n’e kɒɒrem sɒɒnet,1
приглашать,1,kohč,коххч,,,1
придти,2,pued,пуэд,kld_txt_Kert1961_rybolovstvo_20210223,kues's' ran'n't puedeškud'e al'l't,1
придти,2,puud',пӯдҍ,kld_txt_Kert1961_rybolovstvo_20210223,kues's' nuuht' puud'e rɨnnte,1
прийти,24,joadd,ёядт,Переведенный корпус,jeerka olmanč vaan’n’c joaddsel’ meer’r’e,2
прийти,24,joadd,ёядт,Переведенный корпус,sonn c’eel̥’l̥’k’ joaddslagul meer’r’e,2
прийти,24,jodd–x,йёдт–х,Переведенный корпус,keeǯ’ kooz jodd–xax,1
прийти,24,meen,мэ̄н,kld_txt_KarNC_wedding_pt2,tel’ ɒšte luuj̥j̥kmušš meene,2
прийти,24,meen,мэ̄н,kld_txt_KarNC_wedding_pt2,luuj̥j̥kem peer̥r̥t meene puud’e,2
прийти,24,podd,подт,Переведенный корпус,čeexxčа tɒɒjv b’eda poddal tavval,1
прийти,24,poodd,по̄дт,kld_txt_KarNC_deers,pooddlev kues's' pastex' ut'olas't il'e k'es's'a pooddlev,2
прийти,24,poodd,по̄дт,kld_txt_KarNC_deers,pooddlev kues's' pastex' ut'olas't il'e k'es's'a pooddlev,2
прийти,24,pood’d’,по̄дтҍ,Переведенный корпус,sijd’es’ m’iinet pood’d’en pravažat jeen’ až’ i v’iil’j tɒɒvvrež vuep’s’ej i mudda oollme,1
прийти,24,puad,пуад,kld_SAM_SG_map_20230815,ja puadax,3
прийти,24,puad,пуад,kld_SAM_SG_map_20230815,puadax sɨjt,3
прийти,24,puad,пуад,kld_SAM_SG_map_20230815,i tel’ puadax sɨjd luz,3
прийти,24,puadd,пуадт,Переведенный корпус,tenn paxodes m’iineguejm l’iijjen puadda kar’elsk’i parna,2
прийти,24,puadd,пуадт,kld_txt_Kert1961_pro_vorona_tulena_i_dikogo_olena,kallsеnč l’ii puadda,2
прийти,24,puad’d’,пуадтҍ,Переведенный корпус,c’eel̥’l̥’k’ev kooht sɨjj pugg pud’d’en’ al’i jev pugg puad’d’enǯ,1
прийти,24,pud˙,пуд˙,kld_txt_Kert1961_byl_o_ljajne,a'h’kis’ pud˙i͔ alkes’ al’l’a nikas’t˙,3
прийти,24,pud˙,пуд˙,kld_txt_Kert1961_byl_o_ljajne,kuɛs’s’ mec’ɛs’ pud˙i͔,3
прийти,24,pud˙,пуд˙,kld_txt_Kert1961_byl_o_ljajne,vån’ci͔ pud˙i͔ šur jāvr’ лuz kehč:,3
прийти,24,pud˙d˙,пуд˙д˙,kld_txt_Kert1961_byl_o_ljajne,ex’x’tɛš́ pud˙d˙i͔n˙ jennɛ ruhce,1
прийти,24,pud’,пудҍ,kld_txt_KarNC_wedding_pt2,i vot mɨjj pud’em zamorskoj kupca pugg l’eev kebtuvvma,2
прийти,24,pud’,пудҍ,kld_txt_KarNC_wedding_pt2,vot mugga sajja pud’em,2
прийти,24,pud’d’,пудтҍ,Переведенный корпус,c’eel̥’l̥’k’ev kooht sɨjj pugg pud’d’en’ al’i jev pugg puad’d’enǯ,1
прийти,24,puedd,пуэдт,Переведенный корпус,kɨdda pueddev ɲuvč čueɲɲe i mudda loond,3
прийти,24,puedd,пуэдт,Переведенный корпус,no p’ervimi pueddev ɲuvč ja čueɲɲe ja cizga rušas son kаǯet ‘punačka’,3
прийти,24,puedd,пуэдт,kld_txt_Kert1961_pro_vorona_tulena_i_dikogo_olena,ujnsen aajjes’ pueddem karsen kued’ luz ja xoŋkerguud’d’en’,3
прийти,24,puedʼdʼ,пуэдт,kld_txt_KarNC_wedding_pt2,a mɨjjgul zamorskoj kupca lep puedʼdʼep dak toon lehcepgul”,1
прийти,24,pued’,пуэдҍ,Переведенный корпус,maŋŋades kues’s’ nuuht’eš k’iirxnet’ pued’et’ nuut’ kooz’et olk eel,1
прийти,24,pued’d’,пуэдтҍ,Переведенный корпус,nu vot nap’r’im’eer / vot kooxxt / jesl’e m’eer gor’r’en’ kas’s’ puadd tav(’)v(’)al p’iiŋŋk / pɨjjen’ s’eenkes’ peevl l’ee∅ / to saam’ saarrnev što l’aaɲč tav(’)v(’)al p’iiŋŋg ja ɲues’s’ jeerrk / vuajj pued’d’e c’iigg jeerrk,4
прийти,24,pued’d’,пуэдтҍ,kld_txt_KarNC_wedding_pt2,meennev mɒst tel’ jev kug’g’ tam’p’e ɒres’t’ tel’ pued’d’ev vaal’l’te a soonn c’aal̥l̥k:,4
прийти,24,pued’d’,пуэдтҍ,kld_txt_KarNC_wedding_pt2,luuj̥kast ja tel’ pued’d’e,4
прийти,24,pued’d’,пуэдтҍ,kld_txt_Kert1961_pro_vorona_tulena_i_dikogo_olena,paa(r’)r’n’an pued’d’e mon m’iil’l’te,4
прийти,24,puud,пӯд,Переведенный корпус,ja tel’e čuujjglem puudem tenn sajja kas’s’ mɨjj l’iijem kuedda sɒɒn puuʒe ja lɨlmɨ pɒp činnen mɨjje vkuusnɨ p’eerg,5
прийти,24,puud,пӯд,Переведенный корпус,puudem mɨjj mɒɒst s’ijjda,5
прийти,24,puud,пӯд,kld_txt_Genetz1891,čaaʒ'jelle puude(j) t’iiŋ’ke(j)t i pɨt’e saaml’eɲče kab’b’er' sɨz lɨške(j) kab’b’er' lak’ šante,5
прийти,24,puud,пӯд,kld_txt_Genetz1891,puude(j) kuaddas’ olmeɲč luušte taal laammpas puvvra,5
прийти,24,puud,пӯд,kld_txt_Kert1961_pro_vorona_tulena_i_dikogo_olena,puudenč aǯat tonn soon por̥t juxt,5
прийти,24,puud',пӯдҍ,kld_txt_Genetz1891,čaaʒ'jel'l'e puud'e(j) man'(e) kukxelk mune,3
прийти,24,puud',пӯдҍ,kld_txt_Genetz1891,nu tal'e čaaʒ’jel'l'e puud'e saaml’eɲče c'aal̥l̥ka,3
прийти,24,puud',пӯдҍ,Переведенный корпус,kues’s’ muuɲkaallsa puud'e sonn el'ge šumme soon eel,3
прийти,24,puud'd',пӯдтҍ,kld_txt_Genetz1891,oxo evvtel' mune puud'd'ek,1
прийти,24,puudd,пӯдт,Переведенный корпус,tel’ sɨjj puudden’ rɨnnte,1
прийти,24,puud’,пӯдҍ,kld_txt_Itkonen1931_6_page254,kolmas puud’e,12
прийти,24,puud’,пӯдҍ,kld_txt_KarNC_wedding_pt2,luuj̥j̥kem peer̥r̥t meene puud’e,12
прийти,24,puud’,пӯдҍ,kld_txt_Kert1961_pro_vorona_tulena_i_dikogo_olena,kaar’nes’ puud’e,12
прийти,24,puud’,пӯдҍ,kld_txt_Kert1961_pro_vorona_tulena_i_dikogo_olena,maŋŋa puud’e nuer’r’j,12
прийти,24,puud’,пӯдҍ,kld_txt_Kert1961_pro_vorona_tulena_i_dikogo_olena,puud’e kɒn’n’t’,12
прийти,24,puud’,пӯдҍ,kld_txt_Kert1961_pro_vorona_tulena_i_dikogo_olena,al’tla puud’e ujjn kuuht nuer’j al’ka kuedes’t valas k’irsellev ja xur’g’sev,12
прийти,24,puud’,пӯдҍ,kld_txt_Kert1961_pro_vorona_tulena_i_dikogo_olena,kaallsenč puud’e,12
прийти,24,puud’,пӯдҍ,kld_txt_Kert1961_pro_vorona_tulena_i_dikogo_olena,tel’ moast puud’e,12
прийти,24,puud’,пӯдҍ,kld_txt_Lehtiranta_3_kɒn’t’_moajnas,kɒn’n’t puud’e(j) m’eec’est,12
прийти,24,puud’,пӯдҍ,kld_txt_Lehtiranta_3_kɒn’t’_moajnas,puud’e(j) m’iidmeɲčp’aalla kued’(e),12
прийти,24,puud’,пӯдҍ,Переведенный корпус,eex’x’teš’ kaal’l’es’ puud’e vaar’es’ mɒɒst,12
прийти,24,puud’,пӯдҍ,Переведенный корпус,mudda vuer puud’e muuɲekaallsa ja pɨt’e n’iijjta laaj̥et i šuurr ɨš’s’t’e t’iivvt kɒl’eguejm,12
прийти,24,puud’d’,пӯдтҍ,kld_txt_Itkonen1931_6_page254,puud’d’en’ koollm cuer̥’t’,11
прийти,24,puud’d’,пӯдтҍ,kld_txt_KarNC_deers,tel’ l’iijjen’ iižem’ puud’d’en’ ja jeel’eškuud’d’en’,11
прийти,24,puud’d’,пӯдтҍ,kld_txt_KarNC_wedding,puud’d’en’ žen’ex’ eel’l’k’en’ svat’jedde,11
прийти,24,puud’d’,пӯдтҍ,kld_txt_KarNC_wedding,tel’ puud’d’en ɒšte ja meenn menennemdenneg’e,11
прийти,24,puud’d’,пӯдтҍ,kld_txt_KarNC_wedding_pt2,tel’ puud’d’en’ soonnden’n’eg’e žen’ex’gɒn’c’ puud’d’en,11
прийти,24,puud’d’,пӯдтҍ,kld_txt_KarNC_wedding_pt2,tel’ puud’d’en’ soonnden’n’eg’e žen’ex’gɒn’c’ puud’d’en,11
прийти,24,puud’d’,пӯдтҍ,kld_txt_Kert1961_jeerrkja_oollmej_bajas,eex’x’teš’(t’) nɨm’(p’)b’aalla jaav’r’ puud’d’en’ ruuc,11
прийти,24,puud’d’,пӯдтҍ,kld_txt_Lehtiranta_2_r’iim’ɲ_i_taale_moajnas,puud’d’en sun’n’e ɲuem’m’el i taall i k’eet’t’k kuessa i k’eeǯ’ǯ’ev,11
прийти,24,puud’d’,пӯдтҍ,Переведенный корпус,vot sɨjj puud’d’en’ al’l’tla,11
прийти,24,puud’d’,пӯдтҍ,Переведенный корпус,puud’d’en’ al’l’tla,11
прийти,24,puud’d’,пӯдтҍ,Переведенный корпус,sonn jur’tel’ što saam’ puud’d’en’ što soon narot el’l’a jeel’l’men’,11
прийти,24,puẟ’,пу,kld_txt_Lehtiranta_1_r’iim’ɲ_moajnas,i r’iim’ɲ moajnas puẟ’ej,1
прийти.NPST.3SG,1,puadd,пуадт,,,5
прийти.NPST.SG,1,puadd,пуадт,,,1
прийти.cng.npst,1,pued’,пуэдҍ,,,2
прийти.npst.3sg,2,puadd,пуадт,Переведенный корпус,kɨdd puadd k’eež’es’ martes’ abična apr’eles’,10
прийти.npst.3sg,2,puadd,пуадт,Переведенный корпус,čeexxč saam oollme saarnev puadd nim’b čislas’ aavgustes kues’s’ p’eervi vuer oolme ujnas al’m’es tas’t’,10
прийти.npst.3sg,2,puadd,пуадт,Переведенный корпус,soonn puadd m’eer(e) gor’r’en i pɨht keelmas ɲues’s’ jeerg,10
прийти.npst.3sg,2,puadd,пуадт,Переведенный корпус,čeexxč puadd m’iine pɒɒjkes najabres dekaаbr mаanas,10
прийти.npst.3sg,2,puadd,пуадт,Переведенный корпус,nu vot nap’r’im’eer / vot kooxxt / jesl’e m’eer gor’r’en’ kas’s’ puadd tav(’)v(’)al p’iiŋŋk / pɨjjen’ s’eenkes’ peevl l’ee∅ / to saam’ saarrnev što l’aaɲč tav(’)v(’)al p’iiŋŋg ja ɲues’s’ jeerrk / vuajj pued’d’e c’iigg jeerrk,10
прийти.npst.3sg,2,puadd,пуадт,Переведенный корпус,tel’(?) olmanč puadd son’n’e vuessta vaan’n’c,10
прийти.npst.3sg,2,puadd,пуадт,kld_txt_Kert1961_pro_vorona_tulena_i_dikogo_olena,koonn gɒr’r’en’ kɒn’n’t’ puadd,10
прийти.npst.3sg,2,puadd,пуадт,kld_txt_Kert1961_pro_vorona_tulena_i_dikogo_olena,kɒn’n’t’ ajta puadd,10
прийти.npst.3sg,2,puadd,пуадт,kld_txt_Lehtiranta_2_r’iim’ɲ_i_taale_moajnas,tanna kuul’l’ paramp puadd i ɲaaʒʒ,10
прийти.npst.3sg,2,puadd,пуадт,kld_txt_Lehtiranta_2_r’iim’ɲ_i_taale_moajnas,t’eelle eellmolmeɲǯ puadd,10
прийти.npst.3sg,2,puedd,пуэдт,kld_txt_KarNC_deers,puedd paj l'eev v'iilge ja š'iig,1
прийти.npst.cng,1,pued,пуэд,,,1
приказывать,1,paak,па̄к,,,1
примет,1,p’r’im’eet,пьримēт,,,1
принести,6,puud’d’,пӯдтҍ,kld_txt_Genetz1891,puud’d’en’,1
принести,6,pɨdd,пыдт,kld_txt_Genetz1891,t’iiŋ’k’e(j)t’ pɨdd(a),1
принести,6,pɨd’d’,пыдтҍ,Переведенный корпус,pɨd’d’e sonn n’iijtes’ vaarra ɨšteht’ soon p’eez’ vuella a iiǯ vɨxxta vɨjjel’ mɒɒst štobɨ ejj ujjine n’iijtes’ sɒr’m’,1
принести,6,pɨht,пыххт,kld_txt_Genetz1891,saaml'a c'aal̥l̥ka pɨhtek t'iiŋ’k'i(j)t',2
принести,6,pɨht,пыххт,kld_txt_Genetz1891,pɨhte,2
принести,6,pɨht’,пыххьт,kld_txt_Genetz1891,avvta kuajjva taahk’eš pɨht’en’ vɨdds kuajv,3
принести,6,pɨht’,пыххьт,Переведенный корпус,ja pɨht’e kuv's' t’iivt veer,3
принести,6,pɨht’,пыххьт,Переведенный корпус,juug’g’e čer'krɨgge luuhpl’es't’ čuur'v’et' ja pɨht’e mɨn’n’e,3
принести,6,pɨt’,пытҍ,kld_txt_Genetz1891,čaaʒ'jelle puude(j) t’iiŋ’ke(j)t i pɨt’e saaml’eɲče kab’b’er' sɨz lɨške(j) kab’b’er' lak’ šante,2
принести,6,pɨt’,пытҍ,Переведенный корпус,mudda vuer puud’e muuɲekaallsa ja pɨt’e n’iijjta laaj̥et i šuurr ɨš’s’t’e t’iivvt kɒl’eguejm,2
принести.IMP,1,pɨdd,пыдт,,,1
принести.NPST.3SG,1,pɨht,пыххт,,,1
принести.npst.3sg,1,pɨht,пыххт,,,3
приходить,3,puud'd',пӯдтҍ,Переведенный корпус,puud'd'en’ lаnnа,1
приходить,3,puud'd’,пӯдтҍ,Переведенный корпус,puud'd’en’,1
приходить,3,puud’,пӯдҍ,Переведенный корпус,kaallas ɒrrev kultlev ujnev per'e jeenne c’iig puud’e,1
приходить.Npst.[3sg],1,puadd,пуадт,,,1
провести,1,vɨgg,выгк,,,2
провожать,1,pravažat,праважат,,,1
продавать,1,mig,мыг,,,1
продолжается,1,pradalžaetsa,прадалжаэтса,,,1
пройти,2,meen,мэ̄н,kld_txt_Kert1961_pro_vorona_tulena_i_dikogo_olena,meene man’tel’aannč keessk,1
пройти,2,vɒɒz,воа̄з,kld_txt_KarNC_wedding_pt2,čil’met’ vɒɒzet,2
пройти,2,vɒɒz,воа̄з,kld_txt_KarNC_wedding_pt2,vɒɒzen’ čil’met’ ja vɨn’e jugge ja,2
пролив,1,čuallm,чуаллм,,,1
пролив.nom.sg,1,čuel’l’m,чуэлльм,,,1
промежуток.NOM.SG,1,keessk,кэ̄сск,,,1
проникнуть,2,p’eez,пēз,kld_txt_Kert1961_jeerrkja_oollmej_bajas,oollme meennen’ tenn n’iijjta aanne štobe sonn lɨgga(h)č nɨd’d’ kooxxt bɨ ruuce jev p’eezče s’iine gɒrre,1
проникнуть,2,čoaŋ,чоаӈ,kld_txt_Genetz1891,čaz'jelle moaze jaavvra čoaŋe,1
прорубь,2,koal’l’t,коалльт,kld_txt_Lehtiranta_2_r’iim’ɲ_i_taale_moajnas,lɨk’k’en koal’l’te(j)t,2
прорубь,2,koal’l’t,коалльт,kld_txt_Lehtiranta_2_r’iim’ɲ_i_taale_moajnas,luuš’š’ten s’iijpe(j)t koal’l’t(e)ja,2
прорубь,2,koal’l’t(e),коалльт(э),kld_txt_Lehtiranta_2_r’iim’ɲ_i_taale_moajnas,s’eejjp kueddej koal’l’t(e)ja,1
прорубь.gen.sg,1,koal’l’te,коалльте,,,1
просить,2,aann,а̄нн,kld_txt_Kert1961_jeerrkja_oollmej_bajas,oollme meennen’ tenn n’iijjta aanne štobe sonn lɨgga(h)č nɨd’d’ kooxxt bɨ ruuce jev p’eezče s’iine gɒrre,1
просить,2,pak,пак,kld_txt_Genetz1891,pake(j) avvta kuajv taahke(δ),1
проснуться,1,koc'c'ej,кодҍцей,,,1
просто,1,prosta,проста,,,1
против,1,rueppt,руэппт,,,1
прочь,2,poage,поагэ,kld_txt_Genetz1891,sonn poage voal'te pampel'es voal'te ja vaan'cel'(e) vaarra koze vuejjv kuent,2
прочь,2,poage,поагэ,kld_txt_Kert1961_rybolovstvo_20210223,maŋŋa p’eezet' poage kɨššken',2
прочь,2,pɒɒge,поа̄гэ,Переведенный корпус,jeen’n’p’eel’l’ sernna soon ejj šɒbša i paje jur’te kooxxt bɨ vɨjxe n’iijjtp’eel’ per̥tes’ pɒɒge,1
прощаться.npst.3sg,1,prɒššed,проашшэд,,,2
прут,1,p’aasstaγ,пя̄сста,,,2
прыгать,2,n’učk,нючк,kld_txt_Kert1961_pro_vorona_tulena_i_dikogo_olena,ja n’učkej tuaras’(t) ken’ce p’alpend,1
прыгать,2,ɲuč’č’k,нуччьк,kld_txt_Lehtiranta_2_r’iim’ɲ_i_taale_moajnas,taall ɲuč’č’kej,3
прыгать,2,ɲuč’č’k,нуччьк,kld_txt_Lehtiranta_2_r’iim’ɲ_i_taale_moajnas,k’eet’t’k ɲuč’č’kej,3
прыгать,2,ɲuč’č’k,нуччьк,kld_txt_Lehtiranta_2_r’iim’ɲ_i_taale_moajnas,ɲuem’m’el ɲuč’č’kej,3
прятаться,1,luemm,луэмм,,,1
птица,2,lɒn(‘)d,лоан(‘)д,kld_txt_Lehtiranta_1_r’iim’ɲ_moajnas,muurest l’ii mooǯ’ǯ’es’ lɒn(‘)deɲǯ,2
птица,2,lɒn(‘)d,лоан(‘)д,kld_txt_Lehtiranta_1_r’iim’ɲ_moajnas,man’de l’ii mooǯ’ǯ’es’ lɒn(‘)den’ǯ kɨr’r’js’aal(‘)geɲǯ,2
птица,2,lɒnt,лоант,kld_txt_KarNC_wedding_pt2,lɒnta taabxe,1
птица.nom.pl,2,loond,ло̄нд,Переведенный корпус,kɨdda pueddev ɲuvč čueɲɲe i mudda loond,1
птица.nom.pl,2,loon’n’t,ло̄ннҍт,Переведенный корпус,mudda loon’n’t eft olme paj kɨr(’)r(’)t(’)ev vued’?e? l’ee∅ vɒɒjvšuvvev,1
пугаться,1,suurrk,сӯррк,,,1
пуд,1,pudd,пудт,,,1
пуночка,1,‘punačka’,‘пуначка,,,1
пурга.nom.pl,1,al’m’,альм,,,2
пурга.nom.sg,1,al’l’m’,алльм,,,1
пускать,2,luuš'š't,лӯшшьт,kld_txt_Kert1961_rybolovstvo_20210223,ja allk luuš'š'te nɨm'm'p' p'eel' nuut',1
пускать,2,lušt,лушт,kld_txt_Kert1961_rybolovstvo_20210223,štop luštɨj povve k'iirrknahč pɨjje kul̥p,1
пустить,4,l'eešt,лēшт,kld_txt_Genetz1891,sɨjj al'kes kočsen tonst m’ii l'ii pampel'e(j)t l'eeštaɲč pugg laampse(j)t pore,1
пустить,4,luuš'š't,лӯшшьт,kld_txt_Kert1961_rybolovstvo_20210223,nuur'r' puud'e eel'l'keš' sɨvl' luuš'š'te,1
пустить,4,luušt,лӯшт,kld_txt_Genetz1891,puude(j) kuaddas’ olmeɲč luušte taal laammpas puvvra,2
пустить,4,luušt,лӯшт,Переведенный корпус,paar’r’n pɨje samastr’eles’ sonne rannta dii luušte,2
пустить,4,luuš’š’t,лӯшшьт,kld_txt_Lehtiranta_2_r’iim’ɲ_i_taale_moajnas,luuš’š’ten s’iijpe(j)t koal’l’t(e)ja,1
пустить.npst.cng,2,luušt,лӯшт,kld_txt_KarNC_wedding_pt2,a uks al’n tam’p’e ɒret s’iinet’ jev luušt ceel̥l̥kev:,1
пустить.npst.cng,2,luš'tʼ,лушьт,kld_txt_KarNC_wedding_pt2,tegʼgʼe avvta nɨšše jev luš'tʼ,1
пусть,1,an’,анҍ,,,7
путь,1,vaarr,ва̄рр,,,1
пять,2,vɨdd,выдт,kld_txt_Genetz1891,avvta kuajjva taahk’eš pɨht’en’ vɨdds kuajv,4
пять,2,vɨdd,выдт,kld_txt_KarNC_deers,ad’d’ m’iines’t’ kolxozes’t cuez šende vɨddemp’lɒg’g’ tɒfant,4
пять,2,vɨdd,выдт,kld_txt_KarNC_deers,soost l’aajj čuud’(d’) vɨdd l’iim’p’e kud’d’ nɨd’d’,4
пять,2,vɨdd,выдт,kld_txt_KarNC_deers,jesl’i k’ees’ l’ii lɒg’mat’ l’ibo vɨddem’p’lɒg’g’,4
пять,2,v’iid,вӣд,kld_txt_Kert1961_nuemmel_piras,sɨjj kudjen’ v’iidant vuassa.,1
пять.gen.sg,1,vɨd,выд,,,1
пять.nom,1,vɨdd,выдт,,,1
пять.nom/gen.sg,1,vɨd(d),выд(д),,,1
работа,2,lɨhk,лыххк,kld_txt_Kert1961_nuemmel_piras,k’ee man'tem lɨhkmušše (lɨhk) valtat.,1
работа,2,lɨhk’,лыххьк,Переведенный корпус,a n’iijjtb’eel’l’ l’aajj i kaasven’ mooǯe i lɨhk’eš d’i m’iillves’,1
работа.?,1,(lɨhk),(лыххк),,,1
работать,3,lɨk,лык,Переведенный корпус,a kaal’l’es’ n’iijjt cele p’eejve m’iil’l’te lɨke sonn i č’aaz’ gɒrre vɒrrad sonn i p’eerk kɨppt i laammpset’ por̥tad i muur’et’ kuennt d’i šeel’d’et’ pass,1
работать,3,lɨkk,лыкк,kld_txt_Kert1961_nuemmel_piras,kal'l'es' iǯ lɨkke kul'xes' lafkes' migjen’,1
работать,3,robxušš,робхушш,kld_txt_Kert1961_nuemmel_piras,nurmuss el'ke robxušše lɨhke p’eecet’.,1
радиоприёмник.nom.sg,1,rad’iopr’ijomn’ihk’,радиёпьрийёмьниххьк,,,1
раз,3,raaz,ра̄з,Переведенный корпус,veenses čaс’k’et jaakr ja nuut’ tuubet n’eskol’ka raaz,1
раз,3,vuer,вуэр,Переведенный корпус,čeexxč saam oollme saarnev puadd nim’b čislas’ aavgustes kues’s’ p’eervi vuer oolme ujnas al’m’es tas’t’,1
раз,3,vuerr,вуэрр,Переведенный корпус,eexxt vuerr oollme t'iid'sen' što ruhc puadd kuelnegg čuhpe ja saam’et’ puket’ koan'te,1
раз.ACC.SG,1,vuer,вуэр,,,1
раз.NOM.SG,1,vuerr,вуэрр,,,2
раз.acc.sg,1,vuer,вуэр,,,2
раз.acc?.sg,1,vuer,вуэр,,,1
раз.gen.sg,1,ver,вэр,,,1
раз.nom.sg,1,,,,,1
разбойник.gen.sg,1,čud’čuer’v’,чудҍчюерьв,,,1
разбойник.nom.sg,1,čuud’d’čuer’r’v,чӯдтҍҍчюеррьв,,,2
разбрестись,1,pådded,пдтэд,,,1
развести_огонь,1,ɨld,ылд,,,1
разделять,1,juug’g’,ю̄гкь,,,1
разный,3,raaznɨ,ра̄зны,Переведенный корпус,kuul’e šɨl’et raaznɨ nalla,5
разный,3,raaznɨ,ра̄зны,Переведенный корпус,kuul’ pɒppalet raaznɨ nalla laanas jeenne no kuul’ abɨčna val’d’et pooves,5
разный,3,raaznɨ,ра̄зны,Переведенный корпус,i nɨd’d’ pradalžaetsa kaaždɨ eeg’en’ raaznɨ p’iirras raaznɨ sajen šel’l’ev kuul’e,5
разный,3,raaznɨ,ра̄зны,Переведенный корпус,i nɨd’d’ pradalžaetsa kaaždɨ eeg’en’ raaznɨ p’iirras raaznɨ sajen šel’l’ev kuul’e,5
разный,3,raaznɨ,ра̄зны,Переведенный корпус,parna jeenna lɒɒvvlen raaznɨ laavlet ruušas saames,5
разный,3,razni,разны,Переведенный корпус,lujaav’r’es’ j’eerg l’eev razni,1
разный,3,raznɨ,разны,Переведенный корпус,kɨdda l’eev raznɨ jeerg,1
разозлиться,1,s’eennd,сēннд,,,1
разум,2,m’iil,мӣл,kld_txt_KarNC_wedding,toonn vaaltax iiž’ant m’iiles’t’ al’i k’eenn,1
разум,2,m’iil’l’,мӣлль,kld_txt_KarNC_wedding,munn gu vaalta iǯan m’iil’l’e,1
раньше,4,eev’dl,э̄вдҍҍл,Переведенный корпус,jel’l’eš eev’dla koavas keskes puell tooll a pɨrr ad’d’em v’ell as’te a pɨrr aaret es’tmen,1
раньше,4,evtl,эвтл,Переведенный корпус,koollset’ vued mɒɒše(t) mazeguejm a evtla oollme koollse vuedde pɨjjev koommset’ el’e_že nuer’j naak’ a pɨjet nɨt’t’ že seerva koommset,1
раньше,4,evvtel',эввтэль,kld_txt_Genetz1891,tonn mank tun g'ačča jaavr' evvtel' mune,3
раньше,4,evvtel',эввтэль,kld_txt_Genetz1891,egg meneɲe evvtel' mune tax munn poora(m) toone,3
раньше,4,evvtel',эввтэль,kld_txt_Genetz1891,oxo evvtel' mune puud'd'ek,3
раньше,4,ɵvvtel’,ввтэль,kld_txt_Genetz1891,sonn saaml'a paar’r’n’ ɵvvtel’ mene tun g'ačča jaavr,1
рассердиться,1,s’ent,сент,,,1
рассказать,2,moajns(‘),моайнс(‘),kld_GGM_SG_map_202308D,meenn moajns(‘)e,1
рассказать,2,mɒɒj(n)s,моа̄й(н)с,Переведенный корпус,tes’t’ ufšten geagraafe munn rɒst mɒɒj(n)se parnat pugg čaar bajas kooxxt ad’d’ izmen’iilsa čaarr tejja ɨg’e kooxxt jeel’ešued’d’eš per’a i tag daale,1
рассказывать,1,mɒɒjn’s’,моа̄йнҍс,,,1
растак,1,rostak,ростак,,,1
растакая,1,rostaka,ростака,,,1
расти,4,šeend,шэ̄нд,kld_txt_KarNC_deers,kues’s’ kolxoz šeende tel’ eel’l’k’en’,1
расти,4,šeennt,шэ̄ннт,kld_txt_KarNC_deers,l’aajj čuez soost soonn? kon’ešna maŋŋa ejj šeenntma,1
расти,4,šend,шэнд,kld_txt_KarNC_deers,mɨjj uže šuurrnem’ šendem’,1
расти,4,šent,шэнт,kld_txt_KarNC_deers,maŋŋa m’iines’t’ puaz peejjneškuud’e pajjas šenteškuud’e laššneškuud’e,1
рвать,4,kɨšk,кышк,kld_txt_Kert1961_pro_vorona_tulena_i_dikogo_olena,koab kuedes’ kɨške,1
рвать,4,kɨššk,кышшк,kld_txt_Kert1961_rybolovstvo_20210223,maŋŋa p’eezet' poage kɨššken',1
рвать,4,puegg,пуэгк,kld_txt_KarNC_wedding_pt2,sarfann pugg pueggej dak mustgul tejn l’ii vajjv,1
рвать,4,pukk,пукк,kld_txt_Genetz1891,vaal'te ɨšte kɒb(e) raabe(j) kab'b'er' pɨjje(j) kuut' juul'k’es' keske ja raajk pukkej kap’p’r’e,1
ребёнок,4,paa(r)rn,па̄(р)рн,kld_txt_Kert1961_pro_vorona_tulena_i_dikogo_olena,paa(r)rnedes’ r’aagen’t,1
ребёнок,4,paarn,па̄рн,kld_txt_Kert1961_pro_vorona_tulena_i_dikogo_olena,paarna vuagglen’ ažes’ m’iil’l’te,1
ребёнок,4,paarrn,па̄ррн,kld_txt_Kert1961_pro_vorona_tulena_i_dikogo_olena,aahk’ r’aagg paarrnedes’,1
ребёнок,4,parn,парн,Переведенный корпус,parna pugg ujjden peer̥’r̥’t’e tuvvnedden mudda ɒɒsseguejm,3
ребёнок,4,parn,парн,Переведенный корпус,tenn paxodes m’iineguejm l’iijjen puadda kar’elsk’i parna,3
ребёнок,4,parn,парн,kld_txt_Kert1961_pro_vorona_tulena_i_dikogo_olena,a pɒššemb’elt kued kerrnev kuuht kɒn’t’ parna,3
ребёнок.dim,1,parna,парна,,,1
ребёнок.gen.pl,1,paarrn,па̄ррн,,,1
ребёнок.nom,1,parn,парн,,,1
ребёнок.nom.pl,2,paa(r’)r’n’,па̄(рь)рьн,kld_txt_Kert1961_pro_vorona_tulena_i_dikogo_olena,paa(r’)r’n’an pued’d’e mon m’iil’l’te,1
ребёнок.nom.pl,2,paar’n’,па̄рьн,kld_txt_Kert1961_pro_vorona_tulena_i_dikogo_olena,paar’n’am paar’n’am tala tɨje n’innč,4
ребёнок.nom.pl,2,paar’n’,па̄рьн,kld_txt_Kert1961_pro_vorona_tulena_i_dikogo_olena,paar’n’am paar’n’am tala tɨje n’innč,4
ребёнок.nom.pl,2,paar’n’,па̄рьн,kld_txt_Kert1961_pro_vorona_tulena_i_dikogo_olena,paar’n’am paar’n’am voar’r’duvve,4
ребёнок.nom.pl,2,paar’n’,па̄рьн,kld_txt_Kert1961_pro_vorona_tulena_i_dikogo_olena,paar’n’am paar’n’am voar’r’duvve,4
редко,1,redka,рэдка,,,1
река,2,jog,йёг,Переведенный корпус,p’eervi veeze pɨjj sun’n’t’ad tell pɨjj tell avda pɨjj i tɒɒjv maŋŋa pɨjj ja’vr i joge lɒɒnd аl’gev milgnes kal’l’me,1
река,2,jok,йёк,Переведенный корпус,nuut’et kooxxt jaav’res nɨt’t’e i joks,1
река.gen.sg,1,jog,йёг,,,5
река.nom.sg,1,jogg,йёгк,,,6
рог,3,čuer’v’,чуэрьв,Переведенный корпус,kɨdda puuʒe taggev čuer’v’et’,1
рог,3,čuur'v',чӯрьв,Переведенный корпус,kas't' luuhp’el' l'aajj koanta sonn meenne sajja čuur'v'et' n'al'mes' ompan vuuv’s'e,1
рог,3,čuur'v’,чӯрьв,Переведенный корпус,juug’g’e čer'krɨgge luuhpl’es't’ čuur'v’et' ja pɨht’e mɨn’n’e,2
рог,3,čuur'v’,чӯрьв,Переведенный корпус,sarneškud'e Mar’r'j Uvvan n’iijjt kaallseguejm c'aal̥l̥k kooz čuur'v’et' pɨjje tenn sajja koappče čuer'v' gar',2
рог.?,1,čuer'v',чуэрьв,,,1
рог.gen,1,čuurv,чӯрв,,,1
родиться,1,šen’t,шэнҍт,,,2
родной,1,rɒdne,роаднэ,,,4
росомаха,1,k’eet’k,кēтҍк,,,2
росомаха.nom.sg,1,k’eet’t’k,кēттҍк,,,5
рост.nom.sg,1,rooŋ’ŋ’k’,ро̄ӈӈьк,,,1
рот,2,n'al'm,няльм,Переведенный корпус,kas't' luuhp’el' l'aajj koanta sonn meenne sajja čuur'v'et' n'al'mes' ompan vuuv’s'e,1
рот,2,n’aallm,ня̄ллм,Переведенный корпус,sonn viireš’t’ udd puul’l’ej vilka oojk’e n’aallma i tejn roahpad,1
роща,1,l’aam’d’,ля̄мьд,,,1
рубашка,1,roovašk,ро̄вашк,,,1
рубить,4,muur’r’t’,мӯррьт,Переведенный корпус,muur’r’t’e ɲurkem tuurket' ja š’iid’d’e lɒjt kuadda,1
рубить,4,raad,ра̄д,Переведенный корпус,p’ees’s’ muur raadet mugga štobi soonn ejj vuajče muurrtje l’aahč bi rɒvas ja muulehče jeenne vuek’s’ i ejj sojnehče,1
рубить,4,rɒd’d’,роадтҍ,kld_txt_Lehtiranta_1_r’iim’ɲ_moajnas,mun(n) i tuun(e) rast rɒd’d’(e)jam,1
рубить,4,ter̭pe,тэрпэ,kld_txt_Kert1961_byl_o_ljajne,tɛs’t˙ L’ain šur ni̮ipɛn˙ ter̭pe cepɛt˙ čūd˙čur’v’i̮s’,1
рубить.npst.3sg,1,raadd,ра̄дт,,,1
рубль.nom.sg,1,mar̥ʼr̥ʼkʼ.,маҏҏк.,,,1
ругать,2,ševr,шэвр,Переведенный корпус,rɒdne n’iijtes’ meenn ejj lɨk soon paje pueraht a n’iijjtb’eel’l’ xošš i pugg per̥t m’iil’l’te lɨke jeen’n’b’eel’l’ soonen’ paje ɒr̥r̥tedd ja cele p’iijve m’iil’l’te ševraht,1
ругать,2,ɒr̥r̥t,оаҏҏт,Переведенный корпус,rɒdne n’iijtes’ meenn ejj lɨk soon paje pueraht a n’iijjtb’eel’l’ xošš i pugg per̥t m’iil’l’te lɨke jeen’n’b’eel’l’ soonen’ paje ɒr̥r̥tedd ja cele p’iijve m’iil’l’te ševraht,1
ругаться.3sg.pst,1,šurnant,шурнант,,,1
ружьё,1,pɨss,пысс,,,2
ружьё.nom.pl,1,pɨss,пысс,,,1
рука,5,kiid,кӣд,kld_txt_Genetz1891,sonn taabed’d' kuajv eften’ kiiden’,1
рука,5,kiid’,кӣдҍ,kld_txt_Genetz1891,sonn taabed’d’e kuajv eften’ kiid’en’,1
рука,5,k’iid,кӣд,Переведенный корпус,i nɨd’d’ sɨjj jiil’l’en’ jeen’n’b’eel’l’ n’iijten’es’ eft vued’d’en’ ja poorren’ ja ɒrren’ paje k’iide rɨs's't'e ja pɒɒknedden’,1
рука,5,k’iidd,кӣдт,kld_txt_Genetz1891,tedd vaallt k’iiddes’,1
рука,5,k’iid’,кӣдҍ,Переведенный корпус,tel’e eeltnet nɨm’m’pe red’d’en’ rɨnnte i nuut’ k’eez’et k’iid’eguejm ele že eexxt olme veensen nuur’e vokgoarre nuehta a kut’es’ kut’ kuuxxt oollme kut’ p’iirаs nuut’ čoovvgev,1
рука.NOM.SG,1,k’iidd,кӣдт,,,1
рука.acc.sg,1,k’iid’,кӣдҍ,,,1
русский,2,ruuš,рӯш,Переведенный корпус,parna jeenna lɒɒvvlen raaznɨ laavlet ruušas saames,1
русский,2,ruš,руш,Переведенный корпус,no p’ervimi pueddev ɲuvč ja čueɲɲe ja cizga rušas son kаǯet ‘punačka’,1
ручей,1,vuaj,вуай,,,1
ручка,1,k’aavvl,кя̄ввл,,,1
ручка.acc.sg,1,k’eev’l’,кēвьл,,,4
рыба,4,kuel’l’,куэлль,Переведенный корпус,tel’l’ nuut’ pɨjet veennse i suggev kuel’l’e šɨl’l’e mudda sajja,1
рыба,4,kul’,куль,Переведенный корпус,poov k’ež’ av’det i valat kul’e veennse,1
рыба,4,kuul’,кӯль,Переведенный корпус,kuul’e šɨl’et raaznɨ nalla,11
рыба,4,kuul’,кӯль,Переведенный корпус,vele šɨl’et kuul’e nuut’en’,11
рыба,4,kuul’,кӯль,Переведенный корпус,kuul’et’ čaal’et kot’ suel’det kot’ košktet,11
рыба,4,kuul’,кӯль,Переведенный корпус,kuul’e kromje tavo što kɨptet suenneel paš’tet tagnazɨvamɨ tuaarax el’e pɒɒštkul’l’,11
рыба,4,kuul’,кӯль,Переведенный корпус,i nɨd’d’ pradalžaetsa kaaždɨ eeg’en’ raaznɨ p’iirras raaznɨ sajen šel’l’ev kuul’e,11
рыба,4,kuul’,кӯль,kld_txt_Lehtiranta_2_r’iim’ɲ_i_taale_moajnas,a r’iim’m’ɲ voal’te(j) kuul’e(j)t,11
рыба,4,kuul’,кӯль,kld_txt_Lehtiranta_2_r’iim’ɲ_i_taale_moajnas,kas’t ton(n) с’aal̥l̥k kuul’e(j)t vaalеax,11
рыба,4,kuul’,кӯль,kld_txt_Lehtiranta_2_r’iim’ɲ_i_taale_moajnas,mun(n) t’eellagast vuaŋkam kuul’(e),11
рыба,4,kuul’,кӯль,kld_txt_Lehtiranta_2_r’iim’ɲ_i_taale_moajnas,r’iim’m’ɲ voal’tej kuul’(e) s’eejpes vuella,11
рыба,4,kuul’,кӯль,kld_txt_Lehtiranta_2_r’iim’ɲ_i_taale_moajnas,porškuuẟ’e kuul’(e),11
рыба,4,kuul’,кӯль,kld_txt_Lehtiranta_2_r’iim’ɲ_i_taale_moajnas,porr kuul’(e),11
рыба,4,kuul’l’,кӯлль,kld_txt_Kert1961_jeerrkja_oollmej_bajas,kuul’l’j’aav’r’ rɨntes’t’ jiil’l’en’ jeerrkja oollme,3
рыба,4,kuul’l’,кӯлль,kld_txt_Lehtiranta_2_r’iim’ɲ_i_taale_moajnas,jeerrka kaal’l’es vuje(j)[a] kuul’l’k’eer’r’sen,3
рыба,4,kuul’l’,кӯлль,kld_txt_Lehtiranta_2_r’iim’ɲ_i_taale_moajnas,kuuht’ kuul’l’k’eer’r’es l’iijjen,3
рыба.acc.sg,2,kuul’,кӯль,Переведенный корпус,kuul’ pɒppalet raaznɨ nalla laanas jeenne no kuul’ abɨčna val’d’et pooves,3
рыба.acc.sg,2,kuul’,кӯль,Переведенный корпус,kuul’ pɒppalet raaznɨ nalla laanas jeenne no kuul’ abɨčna val’d’et pooves,3
рыба.acc.sg,2,kuul’,кӯль,Переведенный корпус,kuul’ k’eez’et tanna kues’s’ son mann učitivaet paal’l’ tag nazɨvaemɨ paal’l’,3
рыба.acc.sg,2,kūl’,куль,kld_txt_Kert1961_byl_o_ljajne,ja kūl’ nūti,1
рыба.gen.sg,1,kuul’,кӯль,,,1
рыба.nom.sg,1,kuul’l’,кӯлль,,,4
рыбкооп,1,rɨbkop’p’,рыбкоппь,,,1
рюмка.acc.sg,1,cʼeer̥’k’,цэ̄ҏьк,,,1
ряд,1,poollt,по̄ллт,,,1
рядом,3,luz,луз,kld_txt_Kert1961_pro_vorona_tulena_i_dikogo_olena,ujnsen aajjes’ pueddem karsen kued’ luz ja xoŋkerguud’d’en’,1
рядом,3,pɒɒl'l'te,поа̄лльте,Переведенный корпус,koojn soon n'iijjt ɒrr pɒɒl'l'te cɒɒr al'ken',1
рядом,3,лuz,уз,kld_txt_Kert1961_byl_o_ljajne,vån’ci͔ pud˙i͔ šur jāvr’ лuz kehč:,1
рядом.dat,1,pɒɒl’l’te,поа̄лльте,,,1
рядом.loc,1,gɒr’r’en’,гоарренҍ,,,1
саам,5,saam,са̄м,kld_txt_Genetz1891,sonn saaml'a paar’r’n’ ɵvvtel’ mene tun g'ačča jaavr,7
саам,5,saam,са̄м,kld_txt_Genetz1891,nu tal'e čaaʒ’jel'l'e puud'e saaml’eɲče c'aal̥l̥ka,7
саам,5,saam,са̄м,kld_txt_Genetz1891,saaml'a c'aal̥l̥ka pɨhtek t'iiŋ’k'i(j)t',7
саам,5,saam,са̄м,kld_txt_Genetz1891,tat’t’e v'aala vul'ke t’iiŋ’k’e gorra saaml'anč ɒrr t’iiŋ’ke(j)t’ vuerrt,7
саам,5,saam,са̄м,kld_txt_Genetz1891,sonn jurrt saaml'anč,7
саам,5,saam,са̄м,kld_txt_Genetz1891,tal’ pɨhten’ kolmas ruuv’t kuajv saaml’eɲče,7
саам,5,saam,са̄м,kld_txt_Itkonen1931_6_page254,saame leegg appsa,7
саам,5,saam’,са̄мь,kld_txt_Genetz1891,saam’l’a c'aal̥l̥k,2
саам,5,saam’,са̄мь,Переведенный корпус,eexxt vuerr oollme t'iid'sen' što ruhc puadd kuelnegg čuhpe ja saam’et’ puket’ koan'te,2
саам,5,saam’m’,са̄ммь,kld_txt_Genetz1891,no saam’m’l'aɲč čac’c’k allma,1
саам,5,såm,см,kld_txt_Kert1961_byl_o_ljajne,tɛi bale ruc jennɛ såmi͔t˙ kontl’i͔n˙,1
саам,5,sɒɒm,соа̄м,kld_txt_KarNC_deers,ad’d’ l’iijjen’ konešno sɒɒmen’ aǯ’san ja d’eed’san,1
саам.nom.pl,1,saam’,са̄мь,,,2
саами,2,saam,са̄м,Переведенный корпус,čeexxč saam oollme saarnev puadd nim’b čislas’ aavgustes kues’s’ p’eervi vuer oolme ujnas al’m’es tas’t’,2
саами,2,saam,са̄м,Переведенный корпус,saam saarnev što nim’b’ aavgustes puadd kuevs i čɒɒhpes’ j’eer‘g lɒɒgas k’iin’n’t’e,2
саами,2,saam’,са̄мь,Переведенный корпус,nu vot nap’r’im’eer / vot kooxxt / jesl’e m’eer gor’r’en’ kas’s’ puadd tav(’)v(’)al p’iiŋŋk / pɨjjen’ s’eenkes’ peevl l’ee∅ / to saam’ saarrnev što l’aaɲč tav(’)v(’)al p’iiŋŋg ja ɲues’s’ jeerrk / vuajj pued’d’e c’iigg jeerrk,1
саами.gen.pl,1,sām’,самь,,,1
саами.gen.sg,1,saam’,са̄мь,,,1
саами.nom.pl,1,saam’,са̄мь,,,1
саамский,2,saam,са̄м,Переведенный корпус,parna jeenna lɒɒvvlen raaznɨ laavlet ruušas saames,1
саамский,2,saam’,са̄мь,Переведенный корпус,jil’e saam’ narot k’ilt suullest’,1
сааму,1,saam,са̄м,,,1
сам,1,idž,ыдж,,,1
самоcтрел.?,1,samastr’el,самастҍҍрел,,,1
самое,1,sama,сама,,,1
самострел.acc.sg,1,samastr’el,самастҍҍрел,,,2
самый,2,sama,сама,kld_txt_Kert1961_byl_o_ljajne,i sama jenmus tōл pul’l’ɐv suллɛs’,4
самый,2,sama,сама,Переведенный корпус,k’aas’s’et’ sama mooǯes’ ja š’iig puuʒet’ ja vɨge mun n’iijta vaarra ja kuud’e tenn še sajja kooz kuud’d’ex’ iižant n’iijt,4
самый,2,sama,сама,Переведенный корпус,k'as's'et' sama mooǯes' jiijv puuʒet',4
самый,2,sama,сама,Переведенный корпус,ja cɒɒg'e sama moǯes' vaaptek oasset man'te sos l'iijjen',4
самый,2,samo,само,kld_txt_KarNC_deers,samo jeenne n’eel’l’jlɒg’g’e veer’t’ puaze,1
сани,3,soan,соан,kld_txt_Genetz1891,voal'te(j) soane(j)t’ vuulke(j) muure(j)t’ soagge,1
сани,3,sɒn,соан,Переведенный корпус,luuj̥j̥knelle ɨšteht’ n’iijtes’ sɒne eel ja vɨjjel’ lɒttkna puuʒje al’n vaarra,1
сани,3,sɒɒn,соа̄н,Переведенный корпус,tenn rɒjj mɨjj sɒɒgem sɒɒnet zapraavat kuuht xaar’an’,5
сани,3,sɒɒn,соа̄н,Переведенный корпус,ɨštem sɒɒneel kut’i kolma oollme,5
сани,3,sɒɒn,соа̄н,Переведенный корпус,meenn sɒɒnes kuuht jeer’g’ jɒd’exen’ p’eerg ja saav’ex’et koogg l’iijem koorrma saallvas sɨz’z’en’,5
сани,3,sɒɒn,соа̄н,Переведенный корпус,puuʒet pugg š’iiggten’n’e kɒɒrem sɒɒnet,5
сани,3,sɒɒn,соа̄н,Переведенный корпус,ɨšteht’ iiǯant n’iijt sɒɒne eel ja vɨje vaarra i kuud’e soon tɒge an’ muuɲɲg’en’ kallm čal’m mune jeve kičehče soon eel p’eel’j jeve kullehče soone jiin,5
сани.acc.sg,1,sɒɒn,соа̄н,,,1
сани.gen.pl,1,sɒɒne,соа̄нэ,,,1
сани.gen.sg,2,saan,са̄н,Переведенный корпус,ɨštet' n'iijt saan eel ja vɨjjel' vaarra,1
сани.gen.sg,2,sɒɒn,соа̄н,Переведенный корпус,ɨštem sɒɒneel ja vɨjjl’em,1
сани.nom.pl,1,sɒɒn,соа̄н,,,2
сантиметров,1,sajn’tim’eetrav,сайнҍтимēтрав,,,1
сапог.gen.sg,1,sahp’e,саххьпе,,,1
сарафан.GEN,1,sarfan,сарфан,,,1
сарафан.NOM.SG,1,sarfann,сарфанн,,,1
свадьба.acc.sg,1,svad’ba,свадҍбя,,,1
сватать,1,svat’,сватҍ,,,1
светить.npst.3sg,1,paššt,пашшт,,,2
себя,1,iǯ’,ыджь,,,1
север,2,tav(’)v(’)al,тав(')в(')ал,Переведенный корпус,nu vot nap’r’im’eer / vot kooxxt / jesl’e m’eer gor’r’en’ kas’s’ puadd tav(’)v(’)al p’iiŋŋk / pɨjjen’ s’eenkes’ peevl l’ee∅ / to saam’ saarrnev što l’aaɲč tav(’)v(’)al p’iiŋŋg ja ɲues’s’ jeerrk / vuajj pued’d’e c’iigg jeerrk,2
север,2,tav(’)v(’)al,тав(')в(')ал,Переведенный корпус,nu vot nap’r’im’eer / vot kooxxt / jesl’e m’eer gor’r’en’ kas’s’ puadd tav(’)v(’)al p’iiŋŋk / pɨjjen’ s’eenkes’ peevl l’ee∅ / to saam’ saarrnev što l’aaɲč tav(’)v(’)al p’iiŋŋg ja ɲues’s’ jeerrk / vuajj pued’d’e c’iigg jeerrk,2
север,2,tavval,таввал,Переведенный корпус,čeexxčа tɒɒjv b’eda poddal tavval,1
северное_сияние.nom.pl,1,vɒɒvkez,воа̄вкэз,,,1
северный_олень,1,puuʒ,пӯдж,,,1
сего_года,1,tɒn’n’e,тоанне,,,1
сезон,1,paal’l’,па̄лль,,,2
сейчас,3,ad’d’,адтҍ,Переведенный корпус,tes’t’ ufšten geagraafe munn rɒst mɒɒj(n)se parnat pugg čaar bajas kooxxt ad’d’ izmen’iilsa čaarr tejja ɨg’e kooxxt jeel’ešued’d’eš per’a i tag daale,8
сейчас,3,ad’d’,адтҍ,kld_txt_KarNC_deers,ad’d’ jeel’l’ep’ pugg kolxozen’,8
сейчас,3,ad’d’,адтҍ,kld_txt_KarNC_deers,ad’d’ m’iines’t’ kolxozes’t cuez šende vɨddemp’lɒg’g’ tɒfant,8
сейчас,3,ad’d’,адтҍ,kld_txt_KarNC_deers,ad’d’ l’iijjen’ konešno sɒɒmen’ aǯ’san ja d’eed’san,8
сейчас,3,ad’d’,адтҍ,kld_txt_KarNC_deers,ad’d’ kon’ešno parnedes’ tože pɨɲɲev puuʒet’,8
сейчас,3,ad’d’,адтҍ,kld_txt_KarNC_deers,ad’d’ l’eev s’iinen’ l’eev ad’d’ pugg el’l’a nɨd’d’ kooxxt eevvdel’ l’aajj,8
сейчас,3,ad’d’,адтҍ,kld_txt_Lehtiranta_1_r’iim’ɲ_moajnas,ad’d’ l’ii voalmaš,8
сейчас,3,ad’d’,адтҍ,kld_txt_Lehtiranta_1_r’iim’ɲ_moajnas,ad’d’ šannt mooǯ’ǯ’es s’eel’l’g,8
сейчас,3,at't',аттҍ,kld_txt_Genetz1891,no l'aaɲč at't' kul mɨn’n’e t’iiŋ’k’e(j)t’ ejj bɨdd jenamp,1
сейчас,3,jes’k’e,еське,Переведенный корпус,kaallas ujnev čeed c’iig i kultlev kooxxt sonn luvtaj ja saarrn nɨd’d’ ruahč[15] jes’k’e jeem’m’n’e kɨr’r’t’,1
село,5,sijd’,сыйдҍ,Переведенный корпус,vɨjjl’em mɨjj jeek’na sijd’es čaar paaj̥k’ gɒrre ɒd’d’emvuajvaeel,2
село,5,sijd’,сыйдҍ,Переведенный корпус,sijd’es’ m’iinet pood’d’en pravažat jeen’ až’ i v’iil’j tɒɒvvrež vuep’s’ej i mudda oollme,2
село,5,sɨjd,сыйд,kld_SAM_SG_map_20230815,vaan’n’c’e av’t sɨjdes’t num’p’ sɨjjta,3
село,5,sɨjd,сыйд,kld_SAM_SG_map_20230815,tenn sɨjdes’ bɨdd meenne,3
село,5,sɨjd,сыйд,kld_txt_KarNC_deers,jeel'l'ev s'erna gu sɨjdes' nɨzan jeel'l'ev,3
село,5,sɨjjt,сыййт,kld_SAM_SG_map_20230815,tɨjje bɨdd meenne kualmant sɨjjta,7
село,5,sɨjjt,сыййт,kld_SAM_SG_map_20230815,vuajj pejjde tenn sɨjjta,7
село,5,sɨjjt,сыййт,kld_SAM_SG_map_20230815,kualmant sɨjjta meenne,7
село,5,sɨjjt,сыййт,kld_SAM_SG_map_20230815,vaan’n’c’e av’t sɨjdes’t num’p’ sɨjjta,7
село,5,sɨjjt,сыййт,kld_SAM_SG_map_20230815,num’p’ sɨjjta kuu l’ii vaar’es’,7
село,5,sɨjjt,сыййт,kld_SAM_SG_map_20230815,num’p’ sɨjjta,7
село,5,sɨjjt,сыййт,kld_SAM_SG_map_20230815,jaav’r’es’ jes’ jɒdjax sɨjjta,7
село,5,sɨjt,сыйт,Переведенный корпус,k’iil’te n’iijjt Mar'r'j’ Uvvan n’iijjt jiil'l'e uc'c' sɨjtes't' ooxxte,1
село,5,s’ijjd,сиййд,Переведенный корпус,puudem mɨjj mɒɒst s’ijjda,1
село.acc.sg(?),1,sɨjt,сыйт,,,1
село.gen.sg,2,sɨjd,сыйд,kld_SAM_SG_map_20230815,и v’aal l’eev koollm sɨjd,2
село.gen.sg,2,sɨjd,сыйд,kld_SAM_SG_map_20230815,i tel’ puadax sɨjd luz,2
село.gen.sg,2,sɨjt,сыйт,kld_GGM_SG_map_202308D,činčp’eel’l’t тоже koollm sɨjt l’eev,1
село.nom.pl,3,sɨj,сый,kld_GGM_SG_map_202308D,vɨd(d) sajes’ sɨj l’eev,1
село.nom.pl,3,sɨjd,сыйд,kld_GGM_SG_map_202308D,vuel’kes’p’eel’l’(t) sɨjd l’eev,6
село.nom.pl,3,sɨjd,сыйд,kld_GGM_SG_map_202308D,sɨjd l’eev,6
село.nom.pl,3,sɨjd,сыйд,kld_SAM_SG_map_20230815,l’eev значит sɨjd,6
село.nom.pl,3,sɨjd,сыйд,kld_SAM_SG_map_20230815,sɨjd l’eev vaar’ lus’s’en’,6
село.nom.pl,3,sɨjd,сыйд,kld_SAM_SG_map_20230815,и vuel’kes’b’e(e)l’ v’aal l’aav... l’eev sɨjd,6
село.nom.pl,3,sɨjd,сыйд,kld_SAM_SG_map_20230815,tes’t l’eev sɨjd,6
село.nom.pl,3,sɨjt,сыйт,kld_SAM_SG_map_20230815,tes’t l’eev v’aal sɨjt činčb’e(e)l’,1
село.nom.sg,1,sɨjjt,сыййт,,,21
семь,1,keǯǯem,кэджджэм,,,1
семья,3,pirsɛn,пырсн,kld_txt_Kert1961_byl_o_ljajne,sonn pirsɛnɛs’,1
семья,3,p’iiras.,пӣрас.,kld_txt_Kert1961_nuemmel_piras,nɨt't’ jen'xem p’iiras pugg påddede gå’ n'uemmel' p’iiras.,1
семья,3,p’iirrs,пӣррс,Переведенный корпус,ɲues’s’ nɨzan per̥tes’ b’eda p’iirrse,1
семья.acc.sg,2,pirras,пыррас,kld_txt_Kert1961_byl_o_ljajne,pirras pākɛ uītɛ oлkɛs ja påčkɛ,1
семья.acc.sg,2,pirs,пырс,kld_txt_Kert1961_byl_o_ljajne,kuɛs’s’ tabhuve ɛl’ki͔ pirses odze:,1
семья.nom.pl,1,p’iirras,пӣррас,,,1
семья.nom.sg,2,p’iiras,пӣрас,kld_txt_Kert1961_nuemmel_piras,nɨt't’ jen'xem p’iiras pugg påddede gå’ n'uemmel' p’iiras.,1
семья.nom.sg,2,p’iirаs,пӣрс,Переведенный корпус,tel’e eeltnet nɨm’m’pe red’d’en’ rɨnnte i nuut’ k’eez’et k’iid’eguejm ele že eexxt olme veensen nuur’e vokgoarre nuehta a kut’es’ kut’ kuuxxt oollme kut’ p’iirаs nuut’ čoovvgev,1
сентябрь,1,s’eent’aabr,сēнҍтя̄бр,,,2
середина,3,kaassk,ка̄сск,kld_txt_Kert1961_jeerrkja_oollmej_bajas,kues’s’ meene koollm p’eejv i šeeŋŋ vɒɒze i pugg oollme ujnsen’ što kaasska jaav’r ɒrr k’eed’k suel,1
середина,3,keesk,кэ̄ск,Переведенный корпус,k’iih’čev keeskes’t’ paax’t’e kues’s’t’ suvv,1
середина,3,kesk,кэск,Переведенный корпус,jel’l’eš eev’dla koavas keskes puell tooll a pɨrr ad’d’em v’ell as’te a pɨrr aaret es’tmen,2
середина,3,kesk,кэск,Переведенный корпус,keskes’t’ koollset’ kuud’et’ mugga al’a saja a vuul’em’b’eel’l’ lɨgget raajk,2
сесть,3,iššt,ышшт,kld_txt_Lehtiranta_2_r’iim’ɲ_i_taale_moajnas,tɨj(j) c’aal̥l̥k iššte koal’l’te eel,1
сесть,3,ɨšt,ышт,Переведенный корпус,ɨštem sɒɒneel kut’i kolma oollme,7
сесть,3,ɨšt,ышт,Переведенный корпус,ɨštem sɒɒneel ja vɨjjl’em,7
сесть,3,ɨšt,ышт,Переведенный корпус,ɨštem laavleguejm vɨjjl’em mɒɒst,7
сесть,3,ɨšt,ышт,kld_txt_Genetz1891,vaal'te ɨšte kɒb(e) raabe(j) kab'b'er' pɨjje(j) kuut' juul'k’es' keske ja raajk pukkej kap’p’r’e,7
сесть,3,ɨšt,ышт,kld_txt_KarNC_deers,maŋŋades’t’ daže kolxoz kues’s’ kolxos’s’e ɨštem jeenne ɨg’g’e meene,7
сесть,3,ɨšt,ышт,Переведенный корпус,luuj̥j̥knelle ɨšteht’ n’iijtes’ sɒne eel ja vɨjjel’ lɒttkna puuʒje al’n vaarra,7
сесть,3,ɨšt,ышт,Переведенный корпус,pɨd’d’e sonn n’iijtes’ vaarra ɨšteht’ soon p’eez’ vuella a iiǯ vɨxxta vɨjjel’ mɒɒst štobɨ ejj ujjine n’iijtes’ sɒr’m’,7
сесть,3,ɨššt,ышшт,kld_txt_KarNC_wedding_pt2,ja tel’ ɨšštev jugge juggev tel’ mɒst vuul’l’k’ev,1
сесть.NPST.3SG,1,ɒrr,оарр,,,1
сеть,2,saajm,са̄йм,Переведенный корпус,nu sp’erva luuš’t’et saajmet čuallma el’e že ɲɒɒrges tavas kas’s’ kuul’l’ dolžan meenne paal’ bajas paal’ bajas,2
сеть,2,saajm,са̄йм,Переведенный корпус,saajmet k’iičet sutken eex’x’teš’,2
сеть,2,soajm,соайм,kld_txt_Kert1961_rybolovstvo_20210223,tenn še cɨcces't' vuajj cɨhce soajmet',1
сидеть,6,aar,а̄р,Переведенный корпус,jel’l’eš eev’dla koavas keskes puell tooll a pɨrr ad’d’em v’ell as’te a pɨrr aaret es’tmen,1
сидеть,6,oorr,о̄рр,kld_txt_Lehtiranta_2_r’iim’ɲ_i_taale_moajnas,no taall k’eet’t’k ja ɲuem’m’el oorren oorren,4
сидеть,6,oorr,о̄рр,kld_txt_Lehtiranta_2_r’iim’ɲ_i_taale_moajnas,no taall k’eet’t’k ja ɲuem’m’el oorren oorren,4
сидеть,6,oorr,о̄рр,kld_txt_Lehtiranta_2_r’iim’ɲ_i_taale_moajnas,oorren oorren i r’iim’m’ɲ c’aal̥l̥k,4
сидеть,6,oorr,о̄рр,kld_txt_Lehtiranta_2_r’iim’ɲ_i_taale_moajnas,oorren oorren i r’iim’m’ɲ c’aal̥l̥k,4
сидеть,6,ɒr,оар,kld_txt_Genetz1891,taall c'aal̥l̥ka ɒra jel' pag'e,7
сидеть,6,ɒr,оар,kld_txt_KarNC_wedding_pt2,meennev mɒst tel’ jev kug’g’ tam’p’e ɒres’t’ tel’ pued’d’ev vaal’l’te a soonn c’aal̥l̥k:,7
сидеть,6,ɒr,оар,kld_txt_KarNC_wedding_pt2,a uks al’n tam’p’e ɒret s’iinet’ jev luušt ceel̥l̥kev:,7
сидеть,6,ɒr,оар,kld_txt_Kert1961_pro_vorona_tulena_i_dikogo_olena,ɒres’t ɒres’t ja vaan’n’cel’ kesktamus n’iijjta,7
сидеть,6,ɒr,оар,kld_txt_Kert1961_pro_vorona_tulena_i_dikogo_olena,ɒres’t ɒres’t ja vaan’n’cel’ kesktamus n’iijjta,7
сидеть,6,ɒr,оар,kld_txt_Lehtiranta_2_r’iim’ɲ_i_taale_moajnas,ɒrseg’g’e(ẟ) v’aal saẟa,7
сидеть,6,ɒr,оар,Переведенный корпус,kuuddej n’iijjt vaarra kaal’l’mluvve d’ii eebbas ooxxte ɒre vaar’ kes’kes’,7
сидеть,6,ɒrr,оарр,Переведенный корпус,kaallas ɒrrev kultlev ujnev per'e jeenne c’iig puud’e,3
сидеть,6,ɒrr,оарр,kld_txt_Lehtiranta_2_r’iim’ɲ_i_taale_moajnas,taall i k’eet’t’k i ɲuem’m’el ɒrrguud’d’en,3
сидеть,6,ɒrr,оарр,Переведенный корпус,i nɨd’d’ sɨjj jiil’l’en’ jeen’n’b’eel’l’ n’iijten’es’ eft vued’d’en’ ja poorren’ ja ɒrren’ paje k’iide rɨs's't'e ja pɒɒknedden’,3
сидеть,6,ɨšt,ышт,Переведенный корпус,ɨšteht’ iiǯant n’iijt sɒɒne eel ja vɨje vaarra i kuud’e soon tɒge an’ muuɲɲg’en’ kallm čal’m mune jeve kičehče soon eel p’eel’j jeve kullehče soone jiin,1
сидеть,6,ɨššt,ышшт,kld_txt_KarNC_wedding_pt2,tel’ ɨšštev vɨn’n’ juggueddev,1
сидеть.NPST.3SG,1,ɒrr,оарр,,,1
сидеть.npst.3sg,1,ɒrr,оарр,,,4
сила.nom.sg,1,v’iɨgg,виигк,,,1
сила?,1,saam,са̄м,,,1
сильно(?),1,čuš’š’,чушшь,,,1
сильный,1,šurr,шурр,,,1
сказать,10,c'aal̥l̥k,ця̄ӆӆк,kld_txt_Genetz1891,nu tal'e čaaʒ’jel'l'e puud'e saaml’eɲče c'aal̥l̥ka,4
сказать,10,c'aal̥l̥k,ця̄ӆӆк,kld_txt_Genetz1891,saaml'a c'aal̥l̥ka pɨhtek t'iiŋ’k'i(j)t',4
сказать,10,c'aal̥l̥k,ця̄ӆӆк,kld_txt_Genetz1891,olmuj c'aal̥l̥ka što m'ii l'aak tonn v’iɨggolmejt egg vuajje mune kab’b’er' t’iivvte(d),4
сказать,10,c'aal̥l̥k,ця̄ӆӆк,kld_txt_Genetz1891,taall c'aal̥l̥ka ɒra jel' pag'e,4
сказать,10,c'eel̥k,цēӆк,kld_txt_Genetz1891,sonn c'eel̥ke(j),1
сказать,10,c'iil̥l̥k,цӣӆӆк,kld_txt_Genetz1891,tugg c'iil̥l̥ken’:,1
сказать,10,ceel̥l̥k,цэ̄ӆӆк,kld_txt_KarNC_wedding_pt2,a uks al’n tam’p’e ɒret s’iinet’ jev luušt ceel̥l̥kev:,1
сказать,10,ceel̥’l̥’k,цэ̄ӆӆьк,kld_txt_KarNC_wedding_pt2,ɒɒllme ceel̥’l̥’kev,1
сказать,10,c’eel̥’k’,цēӆьк,kld_txt_Itkonen1931_6_page254,eexxt cuer̥’r̥’t’ c’eel̥’k’e,4
сказать,10,c’eel̥’k’,цēӆьк,kld_txt_Itkonen1931_6_page254,kaal’l’es’ c’eel̥’k’e,4
сказать,10,c’eel̥’k’,цēӆьк,kld_txt_Itkonen1931_6_page254,num’m’p cuer̥’r̥’t’ c’eel̥’k’e što vɨgga bɨdd moast,4
сказать,10,c’eel̥’k’,цēӆьк,Переведенный корпус,muuɲkaallsa son’n’e c’eel̥’k’e što v’aal puadd,4
сказать,10,c’eel̥’l̥’k’,цēӆӆьк,Переведенный корпус,saam’ oollme toože c’eel̥’l̥’k’ev vuejjev c’eel̥’l̥’k’e man’te l’aaɲč jeerrk jeggda tunn p’eejv,6
сказать,10,c’eel̥’l̥’k’,цēӆӆьк,Переведенный корпус,saam’ oollme toože c’eel̥’l̥’k’ev vuejjev c’eel̥’l̥’k’e man’te l’aaɲč jeerrk jeggda tunn p’eejv,6
сказать,10,c’eel̥’l̥’k’,цēӆӆьк,Переведенный корпус,l’eev nu mugga p’r’im’eetav kojt m’iil’d’es i vuejjev c’eel̥’l̥’k’e,6
сказать,10,c’eel̥’l̥’k’,цēӆӆьк,Переведенный корпус,no(o) mudda vuer vuejjev i jev toočna / no(o) vesenom vuejjev c’eel̥’l̥’k’e,6
сказать,10,c’eel̥’l̥’k’,цēӆӆьк,Переведенный корпус,c’eel̥’l̥’k’ev kooht sɨjj pugg pud’d’en’ al’i jev pugg puad’d’enǯ,6
сказать,10,c’eel̥’l̥’k’,цēӆӆьк,Переведенный корпус,c’eel̥’l̥’k’ev vuul’l’k’e bedd ooʒe,6
сказать,10,c’iil̥’k,цӣӆьк,kld_txt_Kert1961_pro_vorona_tulena_i_dikogo_olena,kɒn’n’t’ kues’s’ vuul’ke m’aahca c’iil̥’ke koabkas,1
сказать,10,c’iil̥’k’,цӣӆьк,Переведенный корпус,cɒɒr al’l’k’ sraaze kooxxt ujnes’ n’iijt šɒbšuve son’n’e i c’iil̥’k’e n’iijjta,1
сказать,10,с'eel̥’l̥'k’,э̄ӆӆьк,kld_txt_Genetz1891,с'eel̥’l̥'k’en' mann mɨjje ejj šaan't’ al'ke,1
сказать.NPST.3SG,3,c'aal̥l̥k,ця̄ӆӆк,kld_txt_Genetz1891,c'aal̥l̥k,3
сказать.NPST.3SG,3,c'aal̥l̥k,ця̄ӆӆк,kld_txt_Genetz1891,nu c'aal̥l̥k kaaz’x’es’,3
сказать.NPST.3SG,3,c'aal̥l̥k,ця̄ӆӆк,kld_txt_Genetz1891,saam’l’a c'aal̥l̥k,3
сказать.NPST.3SG,3,c'aal̥l̥k:,ця̄ӆӆк:,kld_txt_Genetz1891,c'aal̥l̥k:,1
сказать.NPST.3SG,3,c’al̥l̥k,цяӆӆк,kld_txt_KarNC_wedding_pt2,jen’n’es’ nɨšše c’al̥l̥k,1
сказать.PST.3SG,1,c'aal̥l̥k:,ця̄ӆӆк:,,,1
сказать.npst.3sg,3,cʼaal̥l̥k,ца̄ӆӆк,kld_txt_KarNC_wedding_pt2,sʼiisʼsʼ cʼaal̥l̥k “munn emm vuej saarrne”.,1
сказать.npst.3sg,3,c’aal̥l̥k,ця̄ӆӆк,kld_txt_KarNC_wedding_pt2,juuggen’ ja vɒɒllen’ l’ekarstvat’ ja c’aal̥l̥k maaxxtgul,8
сказать.npst.3sg,3,c’aal̥l̥k,ця̄ӆӆк,kld_txt_Lehtiranta_2_r’iim’ɲ_i_taale_moajnas,tɨj(j) c’aal̥l̥k iššte koal’l’te eel,8
сказать.npst.3sg,3,c’aal̥l̥k,ця̄ӆӆк,kld_txt_Lehtiranta_2_r’iim’ɲ_i_taale_moajnas,oorren oorren i r’iim’m’ɲ c’aal̥l̥k,8
сказать.npst.3sg,3,c’aal̥l̥k,ця̄ӆӆк,kld_txt_Lehtiranta_3_kɒn’t’_moajnas,c’aal̥l̥k,8
сказать.npst.3sg,3,c’aal̥l̥k,ця̄ӆӆк,kld_txt_Lehtiranta_3_kɒn’t’_moajnas,jeel’ c’aal̥l̥k alkɲam meen(e) až’ant m’iil’l’te,8
сказать.npst.3sg,3,c’aal̥l̥k,ця̄ӆӆк,kld_txt_Lehtiranta_3_kɒn’t’_moajnas,jeen’n’es’ c’aal̥l̥k,8
сказать.npst.3sg,3,c’aal̥l̥k,ця̄ӆӆк,kld_txt_Lehtiranta_3_kɒn’t’_moajnas,vuag(e) c’aal̥l̥k alkɲam t’iirrvse,8
сказать.npst.3sg,3,c’aal̥l̥k,ця̄ӆӆк,Переведенный корпус,sonn c’aal̥l̥k viǯ’ rostaka palka! meejt’ jornax,8
сказать.npst.3sg,3,c’aal̥l̥k:,ця̄ӆӆк:,kld_txt_KarNC_wedding_pt2,meennev mɒst tel’ jev kug’g’ tam’p’e ɒres’t’ tel’ pued’d’ev vaal’l’te a soonn c’aal̥l̥k:,2
сказать.npst.3sg,3,c’aal̥l̥k:,ця̄ӆӆк:,kld_txt_KarNC_wedding_pt2,c’aal̥l̥k: mustgul čal’m’ jev ujn t’iinet’ emm vuej vɨgge,2
сказка,1,moajjnse,моаййнсэ,,,1
сказка.nom.sg,2,moajnas,моайнас,kld_txt_Lehtiranta_1_r’iim’ɲ_moajnas,i r’iim’ɲ moajnas puẟ’ej,2
сказка.nom.sg,2,moajnas,моайнас,kld_txt_Lehtiranta_2_r’iim’ɲ_i_taale_moajnas,moajnas puuẟ’e(j),2
сказка.nom.sg,2,mɒɒjnas,моа̄йнас,kld_txt_Kert1961_jeerrkja_oollmej_bajas,ja mɒɒjnas pugg,1
скала,1,paax’t’,па̄хьт,,,1
скалистая_гора,2,urd,урд,Переведенный корпус,tagda mɨjj iiǯ pɒɒj̥kan urdan snemajedem tel’e al’g’em jɒddjem saav’exal’n valas,1
скалистая_гора,2,ur’d’,урьд,Переведенный корпус,ɒd’d’emvuajvas mɨjj l’iijem i l’iijem vel šuurr ur’d’es,3
скалистая_гора,2,ur’d’,урьд,Переведенный корпус,ur’d’es tedd lujav’r’ur’r’d’,3
скалистая_гора,2,ur’d’,урьд,Переведенный корпус,jornev veeʒe k’iištet l’aajj čuujjge k’eeresen ur’d’es saav’ex’et n’ik’ee ejj murda,3
скалистая_гора.gen.sg,1,ur’d’,урьд,,,1
скатиться,2,k’eeres,кēрэс,Переведенный корпус,parna i n’iijde k’eeresel’l’en s’iijnen jornen,2
скатиться,2,k’eeres,кēрэс,Переведенный корпус,jornev veeʒe k’iištet l’aajj čuujjge k’eeresen ur’d’es saav’ex’et n’ik’ee ejj murda,2
скатиться,2,k’irs,кирс,Переведенный корпус,pɨjet nɨt’t’ štobe sɨjj l’iihčen’ seekksem m’eedas tes’t’ vuajj kues’s’ l’eev seekks m’eedas vuajj čuujjke udlen’n’e a kues’s’ pejjne paahka to rueppt seeks ejj jɒdd valas k’irse,2
скатиться,2,k’irs,кирс,kld_txt_Kert1961_pro_vorona_tulena_i_dikogo_olena,al’tla puud’e ujjn kuuht nuer’j al’ka kuedes’t valas k’irsellev ja xur’g’sev,2
сквозь,1,čeed,чэ̄д,,,3
скобель,1,skoba,скоба,,,1
скобель.acc.sg,1,skoba,скоба,,,1
скоблить,1,kaar'r't,ка̄ррьт,,,1
скоблить.npst.3sg,1,n’aassk,ня̄сск,,,1
скользить?,1,muul,мӯл,,,1
слева,1,činčp’eel’l’t,чынчььпēлльт,,,2
след,1,k’iijj,кӣйй,,,1
след.gen.sg,1,k’iij,кӣй,,,1
следом,1,m’iil’l’te,мӣлльте,,,1
слеза,1,keeɲɲl,кэ̄ннл,,,1
сломать,3,murrt,муррт,kld_txt_Kert1961_byl_o_ljajne,kuɛd˙ li puk murrta,1
сломать,3,mur’r’t,муррьт,kld_txt_Kert1961_byl_o_ljajne,rūc uitɛn˙ akes’ ja mur’r’tɛn˙ kuɛd˙,1
сломать,3,muurrt,мӯррт,Переведенный корпус,p’ees’s’ muur raadet mugga štobi soonn ejj vuajče muurrtje l’aahč bi rɒvas ja muulehče jeenne vuek’s’ i ejj sojnehče,1
слуга,2,kaazx,ка̄зх,kld_txt_Genetz1891,aajjan jaal ooʒmen’ paal̥’l̥’k’tuvv mɨn’n’e kaazxen’,1
слуга,2,kaaz’x’,ка̄зьх,kld_txt_Genetz1891,nu c'aal̥l̥k kaaz’x’es’,1
слушать,1,kult,култ,,,3
слышать,1,kull,кулл,,,4
слышать.IMP.SG,1,kul,кул,,,1
слышать.PST.3SG,1,kull,кулл,,,1
слышать.imp.sg,1,kul,кул,,,1
смазка,1,maz,маз,,,1
смерть.ACC.SG,1,sɒr’m’,соарьм,,,1
смола,1,tar’r’v,таррьв,,,1
смотреть,6,kiihč,кӣххч,kld_txt_Kert1961_jeerrkja_oollmej_bajas,kiihče jaav’r’ eel,1
смотреть,6,kiič,кӣч,Переведенный корпус,kues’s’ sonn kuuddej vaares' sonn paje kiičnede,3
смотреть,6,kiič,кӣч,Переведенный корпус,paar’r’n’ kiičes’t’ kas’t’ l’ijj nɨm’m’p’ paar’r’n’,3
смотреть,6,kiič,кӣч,Переведенный корпус,sonn kiičas’t’,3
смотреть,6,kič,кыч,Переведенный корпус,ɨšteht’ iiǯant n’iijt sɒɒne eel ja vɨje vaarra i kuud’e soon tɒge an’ muuɲɲg’en’ kallm čal’m mune jeve kičehče soon eel p’eel’j jeve kullehče soone jiin,1
смотреть,6,k’iihč,кӣххч,Переведенный корпус,a mudda a lɨhkev kuk’a el’e an’exa k’iihčev kooxxt iiž’es’ rooŋ’ŋ’k’ i meenn kugga bɨdd,4
смотреть,6,k’iihč,кӣххч,Переведенный корпус,čuujgmen’ k’iihčep man’t’e zv’eer l’eev keerrma man’t’esem k’iijje l’eev koonngɒrre l’eev keerrma meenn vuejga,4
смотреть,6,k’iihč,кӣххч,kld_txt_Kert1961_rybolovstvo_20210223,k’iihčlen',4
смотреть,6,k’iihč,кӣххч,Переведенный корпус,k’iihčev ejj kuus’t’ n’im’ii,4
смотреть,6,k’iih’č,кӣххьч,Переведенный корпус,k’iih’čev keeskes’t’ paax’t’e kues’s’t’ suvv,3
смотреть,6,k’iih’č,кӣххьч,Переведенный корпус,k’iih’čev sɨjj jennege l’ii olmn’ed’d’e tam’p’e,3
смотреть,6,k’iih’č,кӣххьч,Переведенный корпус,k’iih’čev eexxt,3
смотреть,6,k’iič,кӣч,Переведенный корпус,saajmet k’iičet sutken eex’x’teš’,10
смотреть,6,k’iič,кӣч,Переведенный корпус,k’iičem pugg čaarre,10
смотреть,6,k’iič,кӣч,Переведенный корпус,čaarre k’iičem man’t’e soonn l’ii,10
смотреть,6,k’iič,кӣч,Переведенный корпус,k’iičem man’t’e l’eev uʒ’xa muure,10
смотреть,6,k’iič,кӣч,kld_txt_Genetz1891,meejt k’iičax,10
смотреть,6,k’iič,кӣч,kld_txt_Lehtiranta_2_r’iim’ɲ_i_taale_moajnas,vuaggel i k’iičnadd,10
смотреть,6,k’iič,кӣч,kld_txt_Lehtiranta_3_kɒn’t’_moajnas,i k’iične(ẟ),10
смотреть,6,k’iič,кӣч,Переведенный корпус,k’iičes’t’ čuel’l’m saama l’ii t’iiv’v’t’ vujjev oollme,10
смотреть,6,k’iič,кӣч,Переведенный корпус,k’iičes’t’ kuuht čud’čuer’v’ vujjev rɨnnte sɨje,10
смотреть,6,k’iič,кӣч,Переведенный корпус,paar’r’n k’iičes’t’ tooge i mudda goarra k’iihč’ što viiǯed el’l’a kooz,10
смотреть.NPST.3SG,1,k’iihč,кӣххч,,,1
смотреть.npst.3sg,4,kehč:,кэххч:,kld_txt_Kert1961_byl_o_ljajne,vån’ci͔ pud˙i͔ šur jāvr’ лuz kehč:,1
смотреть.npst.3sg,4,k’aahč,кя̄ххч,kld_txt_Kert1961_pro_vorona_tulena_i_dikogo_olena,vuage vuage k’aahč,2
смотреть.npst.3sg,4,k’aahč,кя̄ххч,kld_txt_Kert1961_pro_vorona_tulena_i_dikogo_olena,k’aahč,2
смотреть.npst.3sg,4,k’aačč,кя̄чч,kld_txt_Lehtiranta_2_r’iim’ɲ_i_taale_moajnas,k’aačč,1
смотреть.npst.3sg,4,k’aačč[e],кя̄чч[э],kld_txt_Lehtiranta_1_r’iim’ɲ_moajnas,taall kuun’d(‘)e kuun’d(‘)e k’aačč[e],1
смотреть.pst.3sg,1,k'aahč,кя̄ххч,,,1
снаружи,1,Oalk,алк,,,1
сначала,1,p’ervo,перво,,,1
снег,4,veez,вэ̄з,Переведенный корпус,mennev tɒɒjv šurr ab’r’ a s’eent’aabres akt’aabr maanas a’lg uže pɨjje veeze,4
снег,4,veez,вэ̄з,Переведенный корпус,čaar pugg pakrɨvaetsa čaar pukk tuvvnadd čexxčа veezen,4
снег,4,veez,вэ̄з,Переведенный корпус,čeares tenn veeze kon pɨjet čeexxčа ted veeʒ pukk b’eda l’ii roovas i čaares vesenom taal’l’va mennev paje al’m’ al’m’,4
снег,4,veez,вэ̄з,Переведенный корпус,muur pugg l’eev tes’t’ mudd saj kaahta veezen’,4
снег,4,veeʒ,вэ̄дж,Переведенный корпус,p’eejva l’eev što al’mes’ kopč(e)neddev peevl p’eejjv kues’s’ ejj vuaj meenne ab’b’r’ ab’b’r’ ejj vuaj i veeʒ a vuajj prosta meenne i veeʒ,3
снег,4,veeʒ,вэ̄дж,Переведенный корпус,k’eev’l’ lɨgget nɨt’t’ štobe soonn čoxta veeʒe ejj vuajče,3
снег,4,veeʒ,вэ̄дж,Переведенный корпус,jornev veeʒe k’iištet l’aajj čuujjge k’eeresen ur’d’es saav’ex’et n’ik’ee ejj murda,3
снег,4,veеʒ,вэдж,Переведенный корпус,taal’l’va veеʒ bɨvaet keess’em i bɨvaet i čovta keessem nu t’eennet kuuddlag’g’ keǯǯemlag’g’ sajn’tim’eetrav,1
снег,4,vеez,вэз,Переведенный корпус,vеeze mudda ege pɨjj udlenne mudda ege milgnes,1
снег.acc.sg,1,veeze,вэ̄зэ,,,1
снег.nom.sg,3,,,Переведенный корпус,mugga čaaʒ’ veeʒ vɨrant,2
снег.nom.sg,3,,,Переведенный корпус,ab’b’r l’ii gal nuurr abb’r tedd kues’es b’eda čaaʒ’ veeʒ mann kɨdda,2
снег.nom.sg,3,veeʒ,вэ̄дж,Переведенный корпус,kɨdda veeʒ m’iil’g’n’es’ sunt p’eejjv paššt čuuddem,7
снег.nom.sg,3,veeʒ,вэ̄дж,Переведенный корпус,kɨdda tɒɒjv bɨvaet veeʒ,7
снег.nom.sg,3,veeʒ,вэ̄дж,Переведенный корпус,p’eejva l’eev što al’mes’ kopč(e)neddev peevl p’eejjv kues’s’ ejj vuaj meenne ab’b’r’ ab’b’r’ ejj vuaj i veeʒ a vuajj prosta meenne i veeʒ,7
снег.nom.sg,3,veeʒ,вэ̄дж,Переведенный корпус,muddavuer kuu žor p’eejve l’eev ab’r’ meennev i b’eda redka k’ees’s’a muddavuer tol’ka men(a)s veeʒ,7
снег.nom.sg,3,veeʒ,вэ̄дж,Переведенный корпус,tedd veeʒ sraaza sund,7
снег.nom.sg,3,veeʒ,вэ̄дж,Переведенный корпус,čeares tenn veeze kon pɨjet čeexxčа ted veeʒ pukk b’eda l’ii roovas i čaares vesenom taal’l’va mennev paje al’m’ al’m’,7
снег.nom.sg,3,veeʒ,вэ̄дж,Переведенный корпус,taal’l’va / taal’l’va veeʒ l’ii b’eda mooǯe i vaar’es’ l’ii b’eda mooǯe,7
снег.nom.sg,3,veʒʒ,вэдждж,Переведенный корпус,veʒʒ keessem bɨvaet l’aam’d’es vaar’en,1
снимать,1,snemaj,снэмай,,,1
снимать_шкуру,1,n’uvv,нювв,,,1
собирать,4,koappč,коаппч,Переведенный корпус,sarneškud'e Mar’r'j Uvvan n’iijjt kaallseguejm c'aal̥l̥k kooz čuur'v’et' pɨjje tenn sajja koappče čuer'v' gar',1
собирать,4,kooppč,ко̄ппч,kld_txt_KarNC_deers,sɨjj jiil’l’en’ puuʒet’ pɨɲɲen’ i tel’ meenn k’eez’ kɨd kuun’t’x’ev i čeexxča kooppčev,3
собирать,4,kooppč,ко̄ппч,kld_txt_KarNC_deers,puudzet’ paj jeb’b’ pɨɲɲma paj svol’no jiil’em čeexxča kooppčev vooddeddev,3
собирать,4,kooppč,ко̄ппч,kld_txt_KarNC_deers,každe ɨg’g’e paj effte kooppčen’ puuʒet’,3
собирать,4,kopč,копч,Переведенный корпус,kast’umčiket v’iil’l’g’es roovašket mooǯes plaat’jat i jeekna kopčenedem iiǯan škoola enternaahte v’ees’s’lušše,1
собирать,4,kopč(e),копч(э),Переведенный корпус,p’eejva l’eev što al’mes’ kopč(e)neddev peevl p’eejjv kues’s’ ejj vuaj meenne ab’b’r’ ab’b’r’ ejj vuaj i veeʒ a vuajj prosta meenne i veeʒ,1
собрать,1,kooppč,ко̄ппч,,,1
собраться,1,kuaggn’,куагкььн,,,1
собственность,1,jaal,я̄л,,,1
собственность.ACC.SG,1,jaal,я̄л,,,1
собственность.NOM.SG,1,jaall,я̄лл,,,1
совать,1,coag’,цоагь,,,1
согласились,1,согласились,согласились,,,1
содерж_желудка.nom.sg,1,kuem,куэм,,,1
сокол,1,vaal’,ва̄ль,,,1
солнце.nom.sg,1,p’eejjv,пēййв,,,1
соль,1,suel’,суэль,,,1
сорвать,1,rodd,родт,,,1
сорок,1,n’el’jлåg’g̭’,нелйгкь,,,1
сосна.GEN.SG,1,p’eez’,пēзь,,,1
сотня?,1,čuuddem,чӯдтэм,,,1
сохнуть,3,koošk,ко̄шк,Переведенный корпус,n’uvven’ ja kooškten',1
сохнуть,3,kooššk,ко̄шшк,Пkld_txt_Kert1961_suška škur,olme vaallt tuul’j ja kɒmmset’ leevlaht ja pɨjj koošškte,2
сохнуть,3,kooššk,ко̄шшк,Пkld_txt_Kert1961_suška škur,kues’s’ sɨjj koošškev sonn s’inet’ n’aassk,2
сохнуть,3,košk,кошк,Переведенный корпус,kuul’et’ čaal’et kot’ suel’det kot’ košktet,1
сохнуть.npst.3sg,1,kɒššk,коашшк,,,2
спальник,1,rɒvv,роавв,,,1
спасти,1,spas’s’j,спассй,,,1
спать,4,vued’d’,вуэдтҍ,Переведенный корпус,kɨp’t’em uttet kɨp’t’em utt tuul’xem čaaj poorem ja jorem vued’d’e,5
спать,4,vued’d’,вуэдтҍ,Переведенный корпус,vued’d’e l’aajj b’eda š’iig,5
спать,4,vued’d’,вуэдтҍ,kld_txt_Kert1961_pro_vorona_tulena_i_dikogo_olena,ɨjas kɒmladd vued’d’e tol’ke mušt,5
спать,4,vued’d’,вуэдтҍ,Пkld_txt_Kert1961_suška škur,tuul’j al’n’ vuajj vued’d’e il’i kuarre maal’c’et’ ja rɒvvet’ a kɒmmsen’ kuaret’ tubɨrket’ p’imat’ buurket’,5
спать,4,vued’d’,вуэдтҍ,Переведенный корпус,i nɨd’d’ sɨjj jiil’l’en’ jeen’n’b’eel’l’ n’iijten’es’ eft vued’d’en’ ja poorren’ ja ɒrren’ paje k’iide rɨs's't'e ja pɒɒknedden’,5
спать,4,vuud,вӯд,Переведенный корпус,poorem tes’t’ mɨjj vuudem i iinca k’aassedem,1
спать,4,vuud’,вӯдҍ,kld_txt_Kert1961_pro_vorona_tulena_i_dikogo_olena,tes’t kalsenč vuud’e nɨm’m’p ɨj ja kualmant p’eejv’ vaan’n’cel’ nuurmuss n’iijjtas kuessa,1
спать,4,vuud’d’,вӯдтҍ,Переведенный корпус,pugg maal’c’eguejm eel vel kolek’eegg cɒɒg’g’en saav’ex’et doobrat ja vuud’d’en b’eda š’iiggten’n’e,1
спать?,1,vued’?,вуэдҍ?,,,1
сперва,1,sp’erva,сьперва,,,1
спина.nom.sg,1,s’eel’l’g,сēлльг,,,3
спина.sg.acc,1,s’eel’g,сēльг,,,3
спинка,1,l’eek’k’,лēккь,,,1
способ,1,nall,налл,,,2
спохватиться,1,tabhuv,табххув,,,1
справа,1,vuel’kes’p’eel’l’(t),вуэлькесьпēлль(т),,,1
спросить,3,kɛdž,кдж,kld_txt_Kert1961_byl_o_ljajne,si͔i kɛdžɐv:,1
спросить,3,k’eeǯ,кēдж,kld_txt_KarNC_wedding,k’eeǯen’ n’iijtes’t’ ja žen’x’es’t’,1
спросить,3,k’eeǯ’ǯ’,кēдждҍҍж,kld_txt_Lehtiranta_2_r’iim’ɲ_i_taale_moajnas,puud’d’en sun’n’e ɲuem’m’el i taall i k’eet’t’k kuessa i k’eeǯ’ǯ’ev,1
спросить.npst.3sg,2,kaaǯ(’)ǯ(’),ка̄дж(')дж('),kld_txt_Lehtiranta_1_r’iim’ɲ_moajnas,i kaaǯ(’)ǯ(’),1
спросить.npst.3sg,2,keeǯ’,кэ̄джь,Переведенный корпус,keeǯ’ kooz jodd–xax,1
сразу,2,sraaza,сра̄за,Переведенный корпус,tedd veeʒ sraaza sund,1
сразу,2,sraaze,сра̄зэ,Переведенный корпус,jeen’n’b’eel’l’ sraaze ejj šɒbšeškuadda n’iijjtb’eel’es’,3
сразу,2,sraaze,сра̄зэ,Переведенный корпус,cɒɒr al’l’k’ sraaze kooxxt ujnes’ n’iijt šɒbšuve son’n’e i c’iil̥’k’e n’iijjta,3
сразу,2,sraaze,сра̄зэ,Переведенный корпус,jeen’n’b’eel’l’ sraaze šummguud’e kaallsa ell,3
сразу_же,1,sraazaže,сра̄зажэ,,,1
средний,2,keesskt,кэ̄сскт,kld_txt_Kert1961_pro_vorona_tulena_i_dikogo_olena,vɒl’te keessktamuss n’iijd kuujje,1
средний,2,kesk,кэск,kld_txt_Kert1961_pro_vorona_tulena_i_dikogo_olena,ɒres’t ɒres’t ja vaan’n’cel’ kesktamus n’iijjta,1
стадо,2,čuuʒ,чӯдж,Переведенный корпус,pɒstxet’ koogg l’eev čuuʒes’ b’eda bɨdd jenna vaan’n’c’e i čuuʒe kooppče eft sajja,5
стадо,2,čuuʒ,чӯдж,Переведенный корпус,pɒstxet’ koogg l’eev čuuʒes’ b’eda bɨdd jenna vaan’n’c’e i čuuʒe kooppče eft sajja,5
стадо,2,čuuʒ,чӯдж,kld_txt_KarNC_deers,soonn vuul’k’e čuuʒje soonn čeed čuuʒes’t’ j’iil’e vooddede,5
стадо,2,čuuʒ,чӯдж,kld_txt_KarNC_deers,a čuuʒes’t’ kaažde br’igades’ l’ii rad’iopr’ijomn’ihk’ l’ii s’iirr,5
стадо,2,čuuʒ,чӯдж,kld_txt_KarNC_deers,sɨjjdel’ jeel’l’ev čuuʒes’,5
стадо,2,čuuʒj,чӯджй,kld_txt_KarNC_deers,soonn vuul’k’e čuuʒje soonn čeed čuuʒes’t’ j’iil’e vooddede,1
стадо.nom.sg,2,cuez,цуэз,kld_txt_KarNC_deers,ad’d’ m’iines’t’ kolxozes’t cuez šende vɨddemp’lɒg’g’ tɒfant,1
стадо.nom.sg,2,čuez,чуэз,Переведенный корпус,vuus’ ɲues’s’ jeer’r’k’e puuʒe / čuez b’eda čofta s’iirran i b’eda čofta puuʒe karrev,3
стадо.nom.sg,2,čuez,чуэз,kld_txt_KarNC_deers,tel’ l’aajj z čuez tel’ l’aajj muddmen’,3
стадо.nom.sg,2,čuez,чуэз,kld_txt_KarNC_deers,l’aajj čuez soost soonn? kon’ešna maŋŋa ejj šeenntma,3
стараться,1,starjed,старйэд,,,1
старик,2,kaalls,ка̄ллс,kld_txt_Kert1961_pro_vorona_tulena_i_dikogo_olena,vɒl’te kaallsas’t puarsamuss n’iijd,3
старик,2,kaalls,ка̄ллс,kld_txt_Kert1961_pro_vorona_tulena_i_dikogo_olena,tel’ kaallsenč jiil’e,3
старик,2,kaalls,ка̄ллс,Переведенный корпус,sonn nɨdd žal'ej ujjne n'iijjtes' kaallsa n'iijt sajes' vapteg ja cɒɒr al'k ahk'en' što lunten' ižes' pɒɒssvudes',3
старик,2,kalls,каллс,kld_txt_Kert1961_pro_vorona_tulena_i_dikogo_olena,kallsеnč l’ii puadda,1
старуха,4,aak,а̄к,kld_txt_Itkonen1931_6_page254,aakeɲč toommpen kued’es’t’ kɨkka,2
старуха,4,aak,а̄к,Переведенный корпус,pɒɒss aaka v'iižes' vuessta,2
старуха,4,agg,агк,kld_txt_Itkonen1931_6_page254,saada aggas’t iinn kaaddal,3
старуха,4,agg,агк,kld_txt_Itkonen1931_6_page254,ja cuer̥’r̥’t’ agga ujjtte,3
старуха,4,agg,агк,Переведенный корпус,aggas't' liijen’ kuuht vaajjveš al'k',3
старуха,4,ak,ак,Переведенный корпус,a aka tenn vr'em'a vuerred,1
старуха,4,akk,акк,kld_txt_Itkonen1931_6_page254,akka tunn poore,1
старший,2,puarrs,пуаррс,Переведенный корпус,puarrsamuss al'l'k’ l'ajj čeehp' s’iirre garmon'an’,2
старший,2,puarrs,пуаррс,Переведенный корпус,puarrsamuss saarrn v'iil'jas,2
старший,2,puars,пуарс,kld_txt_Kert1961_nuemmel_piras,puarsamuss al'l'k ujte l’eejp paštjen' vuepsuvve,3
старший,2,puars,пуарс,kld_txt_Kert1961_pro_vorona_tulena_i_dikogo_olena,vɒl’te kaallsas’t puarsamuss n’iijd,3
старший,2,puars,пуарс,kld_txt_Kert1961_pro_vorona_tulena_i_dikogo_olena,ja vel’k’e puarsamus n’iijda kuessa,3
старый,3,pueres',пуэрэсь,Переведенный корпус,tonn mej pueres' čaann eg'g' pɨhta m'iinne lɒj̥et' kɒl'l'et' ja mooǯes' šolk ɒɒsset',1
старый,3,puer’,пуэрь,Переведенный корпус,puer’es oollme saarrnev što vuus’ ɲues’s’ jeer’r’k’e siin’et’ čofta muehc,1
старый,3,vuam,вуам,kld_txt_KarNC_deers,no m’iines’t’ puaz paj nɨt’t’e jiil’e no m’iinen’ puaz paj vuameškuud’e,1
старый.pred,1,puer’es’,пуэресь,,,1
стать,5,šan't',шанҍт,kld_txt_Genetz1891,sɨjje šan't'e al'ke lahk’eolma lahk’etaall,1
стать,5,šant,шант,kld_txt_Genetz1891,čaaʒ'jelle puude(j) t’iiŋ’ke(j)t i pɨt’e saaml’eɲče kab’b’er' sɨz lɨške(j) kab’b’er' lak’ šante,1
стать,5,šeend,шэ̄нд,kld_txt_Kert1961_jeerrkja_oollmej_bajas,i tes’t’ šeende šuurr šeeŋŋ,1
стать,5,šend,шэнд,kld_txt_KarNC_deers,kolxoz kues’s’gu šende tes’t’ meenn? meenem šendem kolxoz’n’ik,6
стать,5,šend,шэнд,kld_txt_KarNC_deers,kolxoz kues’s’gu šende tes’t’ meenn? meenem šendem kolxoz’n’ik,6
стать,5,šend,шэнд,kld_txt_KarNC_deers,ad’d’ m’iines’t’ kolxozes’t cuez šende vɨddemp’lɒg’g’ tɒfant,6
стать,5,šend,шэнд,kld_txt_Lehtiranta_3_kɒn’t’_moajnas,s’iinen šende(j) paaršeɲč,6
стать,5,šend,шэнд,Переведенный корпус,jur’te kaal’l’es’ vaal’l’te nɨzan kuu šendahč go rɒdne jeen’n’ n’iijtaja a vɨjte muddanaalla,6
стать,5,šend,шэнд,Переведенный корпус,mooǯes’ ɒɒsseguejm sonn šende v’aal mooǯ’da i š’iiga,6
стать,5,šent,шэнт,kld_txt_KarNC_wedding_pt2,mʼii šente?”,1
стать.cng.npst,1,šaan't’,ша̄нҍт,,,1
стать.npst.3sg,2,šaannt,ша̄ннт,Переведенный корпус,kaal’l’es’ šɒɒleš n’iijtes’ što sonn šaannt jeenxem,1
стать.npst.3sg,2,šannt,шаннт,kld_txt_Lehtiranta_1_r’iim’ɲ_moajnas,ad’d’ šannt mooǯ’ǯ’es s’eel’l’g,1
стелить,3,š’iid,шӣд,kld_txt_Kert1961_pro_vorona_tulena_i_dikogo_olena,ja kɒmmel’ n’iijtes’ š’iidenč sajja,1
стелить,3,š’iid’,шӣдҍ,kld_txt_Kert1961_pro_vorona_tulena_i_dikogo_olena,n’iijjt š’iid’e aǯas’ kɒn’tket,1
стелить,3,š’iid’d’,шӣдтҍ,Переведенный корпус,muur’r’t’e ɲurkem tuurket' ja š’iid’d’e lɒjt kuadda,1
стелить.imp.sg,2,šiid,шӣд,kld_txt_Kert1961_pro_vorona_tulena_i_dikogo_olena,a šiid puuʒe tuul’j,1
стелить.imp.sg,2,š’iid,шӣд,kld_txt_Kert1961_pro_vorona_tulena_i_dikogo_olena,jel’l’ š’iid soon vuella kɒn’t’ tuul’j,1
сто,2,čuud’,чӯдҍ,Переведенный корпус,nuuht’ l’ii kug’g’es’ vuud’en m’etrav koollm ɲeel’l’j čuud’e,1
сто,2,čuud’d’,чӯдтҍ,Переведенный корпус,ɒd’d’em’vuajva tuul’l’ej alavud’d’e l’ii jeena koollm čuud’d’e m’etredde,1
сто.nom/gen,1,čuud’(d’),чӯдҍ(дҍ),,,3
сто?чудной?,1,čuud’d’,чӯдтҍ,,,1
стол.GEN.SG,1,tuel’,туэль,,,1
столб_для_сети,1,all,алл,,,1
столб_для_сети.acc.sg,1,aal',а̄ль,,,1
сторона,2,goarr,гоарр,Переведенный корпус,paar’r’n k’iičes’t’ tooge i mudda goarra k’iihč’ što viiǯed el’l’a kooz,1
сторона,2,gårr,грр,kld_txt_Kert1961_nuemmel_piras,kоlm vil'j ujjten’ kolm gårra.,1
сторона.NOM.SG,1,gɒr’r’,гоаррь,,,1
страшно,1,strašno,страшно,,,1
стрела.acc.sg,1,n’ul,нюл,,,2
стрелять,2,r’eešškl,рēшшкл,Переведенный корпус,sonn val’d’e samastr’eles’ pɨje n’ul i tɨvvluve r’eešškled,1
стрелять,2,r’ešk,решк,Переведенный корпус,paar’r’n’ ap’et samastr’eles’ pejjel’ n’ul i nɨm’p r’eškel’,1
строгать,1,vuull,вӯлл,,,1
стружка,1,leevl,лэ̄вл,,,1
стучать,1,p’alp,пялп,,,2
сук,1,vuek’s’,вуэкьс,,,1
сук.gen.sg,1,vuek’s’,вуэкьс,,,2
сунуть,1,oojk’,о̄йкь,,,1
суп,2,v’ar,вяр,Переведенный корпус,pɨɨjet v’aret kɨp’ta v’arr v’arr k’iirken pooret,1
суп,2,v’arr,вярр,kld_txt_Kert1961_byl_o_ljajne,kuɛs’s’ v’arrɛn˙ ki̮pti͔ pɛr’mi̮s’ jaлovɛ,1
суп.acc.sg,1,v’ār,вяр,,,2
суп.nom.sg,1,v’arr,вярр,,,2
сутки,1,sutk,сутк,,,2
сухой,2,kooššk,ко̄шшк,Переведенный корпус,tenn soonn v’aarr koošškad i koollset’ lɨhk nɨt’t’ kooxxt son’n’e bɨdd,1
сухой,2,kɒš’š’k,коашшьк,kld_txt_Lehtiranta_2_r’iim’ɲ_i_taale_moajnas,taal’l’va kɒš’š’kkuul’(e) porssall,1
схватить,3,taab,та̄б,Переведенный корпус,s’iirren’ s’iirren’ paar’r’n taabxuve,1
схватить,3,taabx,та̄бх,kld_txt_KarNC_wedding_pt2,lɒnta taabxe,3
схватить,3,taabx,та̄бх,kld_txt_KarNC_wedding_pt2,kooxxt taabxe?”,3
схватить,3,taabx,та̄бх,kld_txt_KarNC_wedding_pt2,mɨjjgul taabxep’gul”,3
схватить,3,tab,таб,kld_txt_KarNC_wedding_pt2,da jeb’b’e tabxet,2
схватить,3,tab,таб,kld_txt_Kert1961_byl_o_ljajne,tɛl’ tabɛt˙ ruhcлa jul’kɛn˙ ja c’aḽḽk:,2
считать,1,loog,ло̄г,,,1
сын,3,al'k,альк,kld_txt_Genetz1891,с'eel̥’l̥'k’en' mann mɨjje ejj šaan't’ al'ke,3
сын,3,al'k,альк,kld_txt_Genetz1891,sɨjje šan't'e al'ke lahk’eolma lahk’etaall,3
сын,3,al'k,альк,Переведенный корпус,koojn soon n'iijjt ɒrr pɒɒl'l'te cɒɒr al'ken',3
сын,3,alk,алк,kld_txt_Lehtiranta_3_kɒn’t’_moajnas,jeel’ c’aal̥l̥k alkɲam meen(e) až’ant m’iil’l’te,2
сын,3,alk,алк,kld_txt_Lehtiranta_3_kɒn’t’_moajnas,vuag(e) c’aal̥l̥k alkɲam t’iirrvse,2
сын,3,al’k,альк,kld_txt_Kert1961_pro_vorona_tulena_i_dikogo_olena,kued al’n’ kuuxxt kaar’nes’ al’ka kiersellev ja luuvvtjev,2
сын,3,al’k,альк,kld_txt_Kert1961_pro_vorona_tulena_i_dikogo_olena,al’tla puud’e ujjn kuuht nuer’j al’ka kuedes’t valas k’irsellev ja xur’g’sev,2
сын.acc.sg,3,al'k,альк,kld_txt_Genetz1891,sɨjj al'kes kočsen tonst m’ii l'ii pampel'e(j)t l'eeštaɲč pugg laampse(j)t pore,1
сын.acc.sg,3,alk,алк,kld_txt_Kert1961_byl_o_ljajne,alkes’ kåvnɛn˙ tampɛ kånnta,2
сын.acc.sg,3,alk,алк,kld_txt_Kert1961_byl_o_ljajne,alke̮s’ ruhk’en˙,2
сын.acc.sg,3,al’k,альк,kld_txt_Kert1961_byl_o_ljajne,s’agлɛssɛ kån’tɛ al’kas’,1
сын.gen.sg,3,al'k,альк,kld_txt_Kert1961_nuemmel_piras,sonn jur'te kolm al'kes mat’xe,2
сын.gen.sg,3,al'k,альк,Переведенный корпус,sonn nɨdd žal'ej ujjne n'iijjtes' kaallsa n'iijt sajes' vapteg ja cɒɒr al'k ahk'en' što lunten' ižes' pɒɒssvudes',2
сын.gen.sg,3,al'k',альк,Переведенный корпус,aggas't' liijen’ kuuht vaajjveš al'k',1
сын.gen.sg,3,alk,алк,kld_txt_Kert1961_byl_o_ljajne,a'h’kis’ pud˙i͔ alkes’ al’l’a nikas’t˙,1
сын.nom.pl,1,al'k,альк,,,2
сын.nom.sg,4,al'l'k,алльк,kld_txt_Kert1961_nuemmel_piras,puarsamuss al'l'k ujte l’eejp paštjen' vuepsuvve,2
сын.nom.sg,4,al'l'k,алльк,Переведенный корпус,ejj pued vaje muuɲkaallsa lɒɒj̥eguejm il’i cɒɒr al'l'k soon gɒrra,2
сын.nom.sg,4,al'l'k’,алльк,Переведенный корпус,puarrsamuss al'l'k’ l'ajj čeehp' s’iirre garmon'an’,1
сын.nom.sg,4,al’l’k,алльк,kld_txt_KarNC_deers,aǯan koohčen’ mɒɒksan jeg’em’ al’l’k,2
сын.nom.sg,4,al’l’k,алльк,kld_txt_KarNC_deers,nɨm’m’p’ v’iil’l’aj l’aajj sɨmman je’gem’ al’l’k,2
сын.nom.sg,4,al’l’k’,алльк,kld_txt_KarNC_deers,jur’jev l’aajj mɨkkla Uvvan al’l’k’,4
сын.nom.sg,4,al’l’k’,алльк,Переведенный корпус,eex’x’t’eš’ raj vɨje mooǯes’ paar’r’n’ tedd l’aajj cɒɒr al’l’k’,4
сын.nom.sg,4,al’l’k’,алльк,Переведенный корпус,cɒɒr al’l’k’ sraaze kooxxt ujnes’ n’iijt šɒbšuve son’n’e i c’iil̥’k’e n’iijjta,4
сын.nom.sg,4,al’l’k’,алльк,Переведенный корпус,n’iijjta paar’r’n’ ponrav’dede i cɒɒr al’l’k’ i kaallsa n’iijjt nɒɒj̥j̥tledden’ i jeel’ešuud’d’en’ š’iiggten’n’e i tenna rajja jeellev i m’iinet’ kuessa kɒhčev,4
сёмга.gen.sg,1,luus,лӯс,,,1
таз.gen.sg,1,taaz,та̄з,,,1
так,11,dak,дак,kld_txt_KarNC_wedding_pt2,a mɨjjgul zamorskoj kupca lep puedʼdʼep dak toon lehcepgul”,5
так,11,dak,дак,kld_txt_KarNC_wedding_pt2,a munngul šen’te dak šen’tedas mustgul puvle al’n nugge dak mus(t)gul pugnen’dekke,5
так,11,dak,дак,kld_txt_KarNC_wedding_pt2,a munngul šen’te dak šen’tedas mustgul puvle al’n nugge dak mus(t)gul pugnen’dekke,5
так,11,dak,дак,kld_txt_KarNC_wedding_pt2,sarfann pugg pueggej dak mustgul tejn l’ii vajjv,5
так,11,dak,дак,kld_txt_KarNC_wedding_pt2,dak must čuun’n’e rueč l’eev”,5
так,11,nɨd'd',ныдтҍ,Переведенный корпус,kaallsa nɨd'd' i lɨgge,1
так,11,nɨdd,ныдт,Переведенный корпус,sonn nɨdd žal'ej ujjne n'iijjtes' kaallsa n'iijt sajes' vapteg ja cɒɒr al'k ahk'en' što lunten' ižes' pɒɒssvudes',1
так,11,nɨd’d’,ныдтҍ,kld_SAM_SG_map_20230815,ну vuajj nɨd’d’ pejjde,10
так,11,nɨd’d’,ныдтҍ,kld_txt_KarNC_deers,sɨjj jiil’l’en’ j’iil’l’en nɨd’d’ paj j’iil’l’en’,10
так,11,nɨd’d’,ныдтҍ,kld_txt_KarNC_deers,jev allka pɨɲɲe ja nɨd’d’ paj jiil’l’eš kolxoz rajja,10
так,11,nɨd’d’,ныдтҍ,kld_txt_KarNC_deers,soost l’aajj čuud’(d’) vɨdd l’iim’p’e kud’d’ nɨd’d’,10
так,11,nɨd’d’,ныдтҍ,kld_txt_KarNC_deers,ad’d’ l’eev s’iinen’ l’eev ad’d’ pugg el’l’a nɨd’d’ kooxxt eevvdel’ l’aajj,10
так,11,nɨd’d’,ныдтҍ,kld_txt_Kert1961_jeerrkja_oollmej_bajas,oollme meennen’ tenn n’iijjta aanne štobe sonn lɨgga(h)č nɨd’d’ kooxxt bɨ ruuce jev p’eezče s’iine gɒrre,10
так,11,nɨd’d’,ныдтҍ,kld_txt_Kert1961_jeerrkja_oollmej_bajas,jesl’e kɒmpaɲe paar’r’n vaallt mun kuujje tanna munn lɨgga nɨd’d’ što ruuc m’iinet’ jev kɒn’t,10
так,11,nɨd’d’,ныдтҍ,kld_txt_Kert1961_jeerrkja_oollmej_bajas,i tedd šeeŋŋ jod’e koollm p’eejv nɨd’d’ što ejj kuessteɲč ɲim’ii,10
так,11,nɨd’d’,ныдтҍ,Переведенный корпус,kaallas ujnev čeed c’iig i kultlev kooxxt sonn luvtaj ja saarrn nɨd’d’ ruahč[15] jes’k’e jeem’m’n’e kɨr’r’t’,10
так,11,nɨd’d’,ныдтҍ,Переведенный корпус,i nɨd’d’ sɨjj jiil’l’en’ jeen’n’b’eel’l’ n’iijten’es’ eft vued’d’en’ ja poorren’ ja ɒrren’ paje k’iide rɨs's't'e ja pɒɒknedden’,10
так,11,nɨd’d’e,ныдте,kld_txt_Kert1961_jeerrkja_oollmej_bajas,sijj kooxxt pɒɒl’l’te vuujjen’ nɨd’d’e k’eed’d’kluvven’,2
так,11,nɨd’d’e,ныдте,kld_txt_Kert1961_jeerrkja_oollmej_bajas,tenn suel nɨd’d’e kɒhčev ruuc suel,2
так,11,nɨt’t’,ныттҍ,Переведенный корпус,nuut’et kooxxt jaav’res nɨt’t’e i joks,5
так,11,nɨt’t’,ныттҍ,Переведенный корпус,tenn soonn v’aarr koošškad i koollset’ lɨhk nɨt’t’ kooxxt son’n’e bɨdd,5
так,11,nɨt’t’,ныттҍ,Переведенный корпус,k’eev’l’ lɨgget nɨt’t’ štobe soonn čoxta veeʒe ejj vuajče,5
так,11,nɨt’t’,ныттҍ,Переведенный корпус,koollset’ vued mɒɒše(t) mazeguejm a evtla oollme koollse vuedde pɨjjev koommset’ el’e_že nuer’j naak’ a pɨjet nɨt’t’ že seerva koommset,5
так,11,nɨt’t’,ныттҍ,Переведенный корпус,pɨjet nɨt’t’ štobe sɨjj l’iihčen’ seekksem m’eedas tes’t’ vuajj kues’s’ l’eev seekks m’eedas vuajj čuujjke udlen’n’e a kues’s’ pejjne paahka to rueppt seeks ejj jɒdd valas k’irse,5
так,11,tag,таг,Переведенный корпус,kuul’ k’eez’et tanna kues’s’ son mann učitivaet paal’l’ tag nazɨvaemɨ paal’l’,2
так,11,tag,таг,Переведенный корпус,tes’t’ ufšten geagraafe munn rɒst mɒɒj(n)se parnat pugg čaar bajas kooxxt ad’d’ izmen’iilsa čaarr tejja ɨg’e kooxxt jeel’ešued’d’eš per’a i tag daale,2
так,11,tam’p’e,тамьпе,kld_txt_KarNC_wedding_pt2,en’n’ten’ tam’p’e son’n’e tiiŋ’ket’,1
так,11,tax,тах,kld_txt_Genetz1891,tax anta(m) t'iiŋ’k’e(j)t’,2
так,11,tax,тах,kld_txt_Genetz1891,egg meneɲe evvtel' mune tax munn poora(m) toone,2
так,11,t’eennet,тēннэт,Переведенный корпус,taal’l’va veеʒ bɨvaet keess’em i bɨvaet i čovta keessem nu t’eennet kuuddlag’g’ keǯǯemlag’g’ sajn’tim’eetrav,1
так,11,t’een’n’et’,тēннетҍ,Переведенный корпус,koollset’ lɨgget’ t’een’n’et’ olma raadd kuuss muure mugga muur kas’s’ l’ii vaanas vuek’s’,3
так,11,t’een’n’et’,тēннетҍ,Переведенный корпус,lɨgget’ koollset ood’a ja kuk’a m’etrav t’een’n’et’ n’eel’l’j vɨdd,3
так,11,t’een’n’et’,тēннетҍ,Переведенный корпус,suum’p’et’ lɨgget t’een’n’et’ k’eev’l’ k’eev’l’ lɨgget kuuss vuek’s’es’t’,3
так?,1,tag,таг,,,1
так_же,2,nɨt’t’e,нытте,kld_txt_KarNC_deers,no m’iines’t’ puaz paj nɨt’t’e jiil’e no m’iinen’ puaz paj vuameškuud’e,1
так_же,2,nɨšše,нышшэ,kld_txt_KarNC_wedding_pt2,nɨšše čal’mxa,1
так_называемый,1,tagnazɨvamɨ,тагназывамы,,,1
также,2,nɨšše,нышшэ,kld_txt_KarNC_wedding_pt2,tegʼgʼe avvta nɨšše jev luš'tʼ,6
также,2,nɨšše,нышшэ,kld_txt_KarNC_wedding_pt2,telʼ vɒsʼsʼenʼ nɨšše tinʼkʼeguejm.,6
также,2,nɨšše,нышшэ,kld_txt_KarNC_wedding_pt2,tedd nɨšše,6
также,2,nɨšše,нышшэ,kld_txt_KarNC_wedding_pt2,nɨšše čil’meguejm ja čontken’ muhctad,6
также,2,nɨšše,нышшэ,kld_txt_KarNC_wedding_pt2,jen’n’es’ nɨšše c’al̥l̥k,6
также,2,nɨšše,нышшэ,kld_txt_KarNC_wedding_pt2,aǯas’ nɨšše,6
также,2,nɨšʼšʼe,нышшэ,kld_txt_KarNC_wedding_pt2,avvta tezges nɨšʼšʼe vɒɒllenʼ čoonnte lɨhcenʼ,1
таким_образом,1,nɨd’d’,ныдтҍ,,,1
такой,2,mugga,мугка,kld_SAM_SG_map_20230815,tes’t l’eev sɨn... mugga čuekas l’ii,9
такой,2,mugga,мугка,Переведенный корпус,k’eez’et nuut’ mugga sajen kas’s’* jolla kieb’g’** l’ii nol’ges*** pɒn’n’,9
такой,2,mugga,мугка,Переведенный корпус,mugga čaaʒ’ veeʒ vɨrant,9
такой,2,mugga,мугка,Переведенный корпус,l’eev nu mugga p’r’im’eetav kojt m’iil’d’es i vuejjev c’eel̥’l̥’k’e,9
такой,2,mugga,мугка,Переведенный корпус,koollset’ lɨgget’ t’een’n’et’ olma raadd kuuss muure mugga muur kas’s’ l’ii vaanas vuek’s’,9
такой,2,mugga,мугка,Переведенный корпус,keskes’t’ koollset’ kuud’et’ mugga al’a saja a vuul’em’b’eel’l’ lɨgget raajk,9
такой,2,mugga,мугка,Переведенный корпус,p’ees’s’ muur raadet mugga štobi soonn ejj vuajče muurrtje l’aahč bi rɒvas ja muulehče jeenne vuek’s’ i ejj sojnehče,9
такой,2,mugga,мугка,kld_txt_KarNC_deers,pastex' vood'd'ede mugga l'ii per'e šiig',9
такой,2,mugga,мугка,kld_txt_KarNC_wedding_pt2,vot mugga sajja pud’em,9
такой,2,muggɛ,мугк,kld_txt_Kert1961_byl_o_ljajne,sonn li muggɛ man’tɛm’ mu͔nn l’a,2
такой,2,muggɛ,мугк,kld_txt_Kert1961_byl_o_ljajne,ni̮tše paŋk simnɛn˙ råŋŋk muggɛ šɛ man’tɛm’ mu͔nn l’a,2
такой.же,1,ni̮tše,нытшэ,,,1
там,7,tampɛ,тамп,kld_txt_Kert1961_byl_o_ljajne,alkes’ kåvnɛn˙ tampɛ kånnta,1
там,7,tam’b’e,тамьбе,kld_GGM_SG_map_202308D,tam’b’e l’ii jaav’v’r’,9
там,7,tam’b’e,тамьбе,kld_GGM_SG_map_202308D,tam’b’e l’ii uc’c’ jaavra,9
там,7,tam’b’e,тамьбе,kld_GGM_SG_map_202308D,tam’b’e l’eev,9
там,7,tam’b’e,тамьбе,kld_GGM_SG_map_202308D,ну tɒge voarred ton’n’e tam’b’e тоже,9
там,7,tam’b’e,тамьбе,kld_GGM_SG_map_202308D,tam’b’e l’ii,9
там,7,tam’b’e,тамьбе,kld_GGM_SG_map_202308D,tam’b’e oollme jeel’l’ev,9
там,7,tam’b’e,тамьбе,kld_SAM_SG_map_20230815,tam’b’e l’ii vaar’r’,9
там,7,tam’b’e,тамьбе,kld_SAM_SG_map_20230815,tam’b’e l’ii čuekas,9
там,7,tam’b’e,тамьбе,kld_txt_KarNC_wedding,kuennt možet pɨht tam’b’e štof ven’n’e’ ja pɨht čuarb’eel’l’ vueɲɲče,9
там,7,tam’b’eel’l’,тамьбēлль,kld_GGM_SG_map_202308D,tam’b’eel’l’ al’l’ak šuurr jaavra,2
там,7,tam’b’eel’l’,тамьбēлль,kld_GGM_SG_map_202308D,tam’b’eel’l’ suulle l’eev,2
там,7,tam’pʼe,тамьпе,kld_txt_KarNC_wedding_pt2,tam’pʼe v’aal numʼmʼp’ ukks,1
там,7,tam’p’e,тамьпе,kld_txt_KarNC_wedding_pt2,meennev mɒst tel’ jev kug’g’ tam’p’e ɒres’t’ tel’ pued’d’ev vaal’l’te a soonn c’aal̥l̥k:,7
там,7,tam’p’e,тамьпе,kld_txt_KarNC_wedding_pt2,a uks al’n tam’p’e ɒret s’iinet’ jev luušt ceel̥l̥kev:,7
там,7,tam’p’e,тамьпе,kld_txt_KarNC_wedding_pt2,… mɒššenʼ t’iiŋʼk’eguejm tam’p’e lʼeev pʼeelʼčudʼdʼ kopʼejkedde ili mar̥ʼr̥ʼkʼ.,7
там,7,tam’p’e,тамьпе,kld_txt_Kert1961_jeerrkja_oollmej_bajas,tam’p’e l’aajj eexxt t’iid’d’ej n’iijjt,7
там,7,tam’p’e,тамьпе,kld_txt_Kert1961_pro_vorona_tulena_i_dikogo_olena,tam’p’e eellm olmenč t’inet’ šɨll,7
там,7,tam’p’e,тамьпе,Переведенный корпус,tam’p’e ujjn’eš,7
там,7,tam’p’e,тамьпе,Переведенный корпус,k’iih’čev sɨjj jennege l’ii olmn’ed’d’e tam’p’e,7
там,7,tola,тола,kld_GGM_SG_map_202308D,tola kɒllk jogg paak’et’,1
там,7,t’eellagast,тēллагаст,kld_txt_Lehtiranta_2_r’iim’ɲ_i_taale_moajnas,mun(n) t’eellagast vuaŋkam kuul’(e),1
там?,1,toommpen,то̄ммпэн,,,1
танцевать,2,pl'ass',пьляссь,Переведенный корпус,nuurrmuss l'ajj čeehp' pl'ass'je,1
танцевать,2,pl'as’s',пьляссь,Переведенный корпус,munn l'aa čeehp' s'iirre a tonn pl'as’s'je,1
тащить,3,kiz,кыз,kld_txt_Kert1961_byl_o_ljajne,idžɛs’es’ kize pɛr’a perk,1
тащить,3,k’eez,кēз,Переведенный корпус,tel’ nuut’ k’eezet,1
тащить,3,k’eez’,кēзь,Переведенный корпус,k’eez’et nuut’ mugga sajen kas’s’* jolla kieb’g’** l’ii nol’ges*** pɒn’n’,2
тащить,3,k’eez’,кēзь,Переведенный корпус,kuul’ k’eez’et tanna kues’s’ son mann učitivaet paal’l’ tag nazɨvaemɨ paal’l’,2
тащить.npst.3sg,1,kes’s’,кэссь,,,1
таять,1,sun’n’t’,суннҍт,,,1
таять.npst.3.sg,2,sund,сунд,Переведенный корпус,tedd veeʒ sraaza sund,1
таять.npst.3.sg,2,sunt,сунт,Переведенный корпус,kɨdda veeʒ m’iil’g’n’es’ sunt p’eejjv paššt čuuddem,1
твой,1,toon,то̄н,,,1
твою,1,tvoju,твойу,,,1
телиться,1,kuun’t’,кӯнҍт,,,1
теперь,4,ad'd',адтҍ,kld_txt_KarNC_deers,ad'd' l'eev bazа per̥t,4
теперь,4,ad'd',адтҍ,kld_txt_KarNC_deers,ad'd' l'ii per'e š'iig',4
теперь,4,ad'd',адтҍ,Переведенный корпус,ad'd' lɨhk’e mɨn'n'e odd kued' ja kaaht’e,4
теперь,4,ad'd',адтҍ,Переведенный корпус,ad'd' munn kɒmla lɒjta kuadda kaaht’e uks,4
теперь,4,ad’d’,адтҍ,kld_txt_KarNC_deers,ad’d’ soonn l’ii jaamma,3
теперь,4,ad’d’,адтҍ,kld_txt_KarNC_deers,ad’d’ l’eev s’iinen’ l’eev ad’d’ pugg el’l’a nɨd’d’ kooxxt eevvdel’ l’aajj,3
теперь,4,ad’d’,адтҍ,kld_txt_KarNC_wedding_pt2,a ničego š’iig l’ii ad’d’ vuaja saarrne,3
теперь,4,at’t’,аттҍ,kld_txt_KarNC_wedding_pt2,at’t’ ju pug lɨhce bɨddgul,3
теперь,4,at’t’,аттҍ,kld_txt_KarNC_wedding_pt2,at’t’ ju maŋ’mes’ lɨhcep’,3
теперь,4,at’t’,аттҍ,kld_txt_KarNC_wedding_pt2,nu at’t’ munn tala kooz,3
теперь,4,jesk,еск,kld_txt_Genetz1891,oxo tel’ jesk mune m’iil’l’te l’ii,1
тепло,1,poahks,поаххкс,,,1
терпеть,1,k’irš,кирш,,,1
теряться.NPST.3SG,1,kaadd,ка̄дт,,,1
тесать,1,v’eer'r',вēррь,,,2
тесать.npst.3sg,1,v’aarr,вя̄рр,,,1
тетрадь,1,t’etrad,тетрад,,,1
течь,1,koollk,ко̄ллк,,,1
течь.npst.3sg,1,kɒllk,коаллк,,,3
то,1,to,то,,,2
тоборка,1,tobɨrk,тобырк,,,1
тоборки,2,tobɨrk,тобырк,Переведенный корпус,vɨjem puuʒet mɨjj vɒɒl’d’em p’eerg m’il’l’d’e maal’c’et p’imat’ tobɨrket saav’ex’et poolxet’ saallvas koompas t’etradet’ fataparaat ɒɒkše i vɨjjl’em čiirre,1
тоборки,2,tubɨrk,тубырк,Пkld_txt_Kert1961_suška škur,tuul’j al’n’ vuajj vued’d’e il’i kuarre maal’c’et’ ja rɒvvet’ a kɒmmsen’ kuaret’ tubɨrket’ p’imat’ buurket’,1
товарищ.?.sg,1,tovruš,товруш,,,1
товарищ.acc.sg,1,tovruž,товруж,,,1
товарищ.nom.pl,2,tɒvvrež,тоавврэж,kld_txt_KarNC_wedding_pt2,tɒvvrež ušte prɒššed an’ an’ luujjksev,1
товарищ.nom.pl,2,tɒɒvvrež,тоа̄вврэж,Переведенный корпус,sijd’es’ m’iinet pood’d’en pravažat jeen’ až’ i v’iil’j tɒɒvvrež vuep’s’ej i mudda oollme,1
тогда,3,jes’,есь,kld_SAM_SG_map_20230815,jaav’r’es’ jes’ jɒdjax sɨjjta,1
тогда,3,tagda,тагда,Переведенный корпус,tagda mɨjj iiǯ pɒɒj̥kan urdan snemajedem tel’e al’g’em jɒddjem saav’exal’n valas,1
тогда,3,tanna,танна,Переведенный корпус,kuul’ k’eez’et tanna kues’s’ son mann učitivaet paal’l’ tag nazɨvaemɨ paal’l’,7
тогда,3,tanna,танна,kld_txt_Kert1961_jeerrkja_oollmej_bajas,jesl’e kɒmpaɲe paar’r’n vaallt mun kuujje tanna munn lɨgga nɨd’d’ što ruuc m’iinet’ jev kɒn’t,7
тогда,3,tanna,танна,kld_txt_Kert1961_rybolovstvo_20210223,tanna eexxt olme tuerrpem muuren' el'ke tuerrpe,7
тогда,3,tanna,танна,kld_txt_Kert1961_rybolovstvo_20210223,tanna sulden' moaze,7
тогда,3,tanna,танна,kld_txt_Kert1961_rybolovstvo_20210223,tanna k’eezet' tol'ko eft loahpe,7
тогда,3,tanna,танна,kld_txt_Lehtiranta_2_r’iim’ɲ_i_taale_moajnas,tanna c’aal̥l̥k pɒbbaht kuul’l’,7
тогда,3,tanna,танна,kld_txt_Lehtiranta_2_r’iim’ɲ_i_taale_moajnas,tanna kuul’l’ paramp puadd i ɲaaʒʒ,7
того,1,tavo,таво,,,1
тоже,3,toože,то̄жэ,Переведенный корпус,saam’ oollme toože c’eel̥’l̥’k’ev vuejjev c’eel̥’l̥’k’e man’te l’aaɲč jeerrk jeggda tunn p’eejv,1
тоже,3,tože,тожэ,kld_txt_KarNC_deers,ad’d’ kon’ešno parnedes’ tože pɨɲɲev puuʒet’,2
тоже,3,tože,тожэ,kld_txt_KarNC_wedding_pt2,nemmpeš(’t’) vɨggl’ev tože sama avvta,2
тоже,3,тоже,тоже,kld_GGM_SG_map_202308D,sonn тоже jɒdd... kɒllk šuurr javvra,5
тоже,3,тоже,тоже,kld_GGM_SG_map_202308D,ну tɒge voarred ton’n’e tam’b’e тоже,5
тоже,3,тоже,тоже,kld_GGM_SG_map_202308D,činčp’eel’l’t тоже koollm sɨjt l’eev,5
тоже,3,тоже,тоже,kld_SAM_SG_map_20230815,tes’t l’ii тоже,5
тоже,3,тоже,тоже,kld_SAM_SG_map_20230815,tes’ta тоже l’aajj jaav’v’r’,5
толкать,1,oojjk,о̄ййк,,,1
толпа,1,lɒɒn’d’,лоа̄нҍд,,,1
толпа.gen.sg,1,laan’d’,ла̄нҍд,,,1
толстый,2,keess,кэ̄сс,Переведенный корпус,taal’l’va veеʒ bɨvaet keess’em i bɨvaet i čovta keessem nu t’eennet kuuddlag’g’ keǯǯemlag’g’ sajn’tim’eetrav,3
толстый,2,keess,кэ̄сс,Переведенный корпус,veʒʒ keessem bɨvaet l’aam’d’es vaar’en,3
толстый,2,keess,кэ̄сс,Переведенный корпус,sonn al'l'iij mooǯe l'aajj keesse iiǯ l’aajj vaajvaš,3
толстый,2,keess’,кэ̄ссь,Переведенный корпус,taal’l’va veеʒ bɨvaet keess’em i bɨvaet i čovta keessem nu t’eennet kuuddlag’g’ keǯǯemlag’g’ sajn’tim’eetrav,1
только,6,paj,пай,Переведенный корпус,tel’ paj saam’,1
только,6,paje,пайэ,Переведенный корпус,čeares tenn veeze kon pɨjet čeexxčа ted veeʒ pukk b’eda l’ii roovas i čaares vesenom taal’l’va mennev paje al’m’ al’m’,1
только,6,tol'ko,толькё,kld_txt_Kert1961_rybolovstvo_20210223,tanna k’eezet' tol'ko eft loahpe,1
только,6,tol’ka,толькя,Переведенный корпус,muddavuer kuu žor p’eejve l’eev ab’r’ meennev i b’eda redka k’ees’s’a muddavuer tol’ka men(a)s veeʒ,1
только,6,tol’ke,тольке,kld_txt_Kert1961_pro_vorona_tulena_i_dikogo_olena,ɨjas kɒmladd vued’d’e tol’ke mušt,2
только,6,tol’ke,тольке,Переведенный корпус,eexxt paar’r’n c’aal̥l̥k munn vuelka tol’ke mon’n’e tovruš bɨdd,2
только,6,tol’k’e,тольке,Переведенный корпус,tol’k’e eexxt pɨssp’jeken’č,1
тонкий,1,s’eenk,сēнк,,,1
тоня,3,loahp,лоаххп,kld_txt_Kert1961_rybolovstvo_20210223,tanna k’eezet' tol'ko eft loahpe,1
тоня,3,loahpk,лоаххпк,kld_txt_Kert1961_rybolovstvo_20210223,nuut' oolkes k'iis's'eš veennse ja suldeš'[a] loahpket',1
тоня,3,lɒɒhp,лоа̄ххп,Переведенный корпус,čexxča l’eev čexxč lɒɒhpe kɨdda kɨdd lɒɒhpe k’ees’s’a k’ees’s’ lɒɒhpe,3
тоня,3,lɒɒhp,лоа̄ххп,Переведенный корпус,čexxča l’eev čexxč lɒɒhpe kɨdda kɨdd lɒɒhpe k’ees’s’a k’ees’s’ lɒɒhpe,3
тоня,3,lɒɒhp,лоа̄ххп,Переведенный корпус,čexxča l’eev čexxč lɒɒhpe kɨdda kɨdd lɒɒhpe k’ees’s’a k’ees’s’ lɒɒhpe,3
топор,1,oakkš,оаккш,,,2
топор.acc.sg,2,oakkše,оаккшэ,kld_txt_Kert1961_rybolovstvo_20210223,sɨjj voal'l'ten' taahkta oakkše nɨjp skoba ja v'eer̥cet',1
топор.acc.sg,2,ɒɒkše,оа̄кшэ,Переведенный корпус,vɨjem puuʒet mɨjj vɒɒl’d’em p’eerg m’il’l’d’e maal’c’et p’imat’ tobɨrket saav’ex’et poolxet’ saallvas koompas t’etradet’ fataparaat ɒɒkše i vɨjjl’em čiirre,1
тот,1,tedd,тэдт,,,1
тот.ACC.SG,1,tunn,тунн,,,1
тот.GEN.SG,1,ten,тэн,,,1
тот.NOM.PL,1,tugg,тугк,,,1
тот.NOM.SG,1,tudd,тудт,,,1
тот.gen.sg,3,tonn,тонн,kld_txt_Itkonen1931_6_page254,sɨjj luemmen’ tonn kuadda,1
тот.gen.sg,3,tun,тун,kld_txt_Genetz1891,tonn mank tun g'ačča jaavr' evvtel' mune,2
тот.gen.sg,3,tun,тун,kld_txt_Genetz1891,sonn saaml'a paar’r’n’ ɵvvtel’ mene tun g'ačča jaavr,2
тот.gen.sg,3,tunn,тунн,Переведенный корпус,saam’ oollme toože c’eel̥’l̥’k’ev vuejjev c’eel̥’l̥’k’e man’te l’aaɲč jeerrk jeggda tunn p’eejv,1
точить,5,poohpl,по̄ххпл,kld_txt_KarNC_wedding_pt2,kualmneš(’t’) poohplev,1
точить,5,sejč,сэйч,kld_txt_KarNC_wedding_pt2,kencet’ sejčev čistev,1
точить,5,taahk,та̄ххк,kld_txt_Genetz1891,pake(j) avvta kuajv taahke(δ),2
точить,5,taahk,та̄ххк,kld_txt_Kert1961_rybolovstvo_20210223,sɨjj voal'l'ten' taahkta oakkše nɨjp skoba ja v'eer̥cet',2
точить,5,taahk’,та̄ххьк,kld_txt_Genetz1891,avvta kuajjva taahk’eš pɨht’en’ vɨdds kuajv,1
точить,5,taak,та̄к,kld_txt_Genetz1891,ruuv’t kuajv taakeht’,1
точно,1,toočna,то̄чна,,,1
тошнить,1,vuuv’s',вӯвьс,,,1
третий,3,kolmas,колмас,kld_txt_Genetz1891,tal’ pɨhten’ kolmas ruuv’t kuajv saaml’eɲče,1
третий,3,kualm,куалм,kld_txt_Kert1961_pro_vorona_tulena_i_dikogo_olena,kualmant kɒn’n’t’a,1
третий,3,kualmn,куалмн,kld_txt_KarNC_wedding_pt2,kualmneš(’t’) poohplev,1
три,5,kolm,колм,Переведенный корпус,ɨštem sɒɒneel kut’i kolma oollme,5
три,5,kolm,колм,kld_txt_Itkonen1931_6_page254,kolmas puud’e,5
три,5,kolm,колм,kld_txt_KarNC_wedding_pt2,pɨrr tuel’ van’c’ev kolm vuerr,5
три,5,kolm,колм,kld_txt_Kert1961_nuemmel_piras,sonn jur'te kolm al'kes mat’xe,5
три,5,kolm,колм,kld_txt_Kert1961_nuemmel_piras,kоlm vil'j ujjten’ kolm gårra.,5
три,5,koollm,ко̄ллм,Переведенный корпус,nu nuut’et olme koollm ɲeel’l’j,10
три,5,koollm,ко̄ллм,Переведенный корпус,nuuht’ l’ii kug’g’es’ vuud’en m’etrav koollm ɲeel’l’j čuud’e,10
три,5,koollm,ко̄ллм,Переведенный корпус,ɒd’d’em’vuajva tuul’l’ej alavud’d’e l’ii jeena koollm čuud’d’e m’etredde,10
три,5,koollm,ко̄ллм,Переведенный корпус,čɒɒgem saav’ex’et koollm oollme kuuddjen činne p’eerg vel,10
три,5,koollm,ко̄ллм,kld_txt_Itkonen1931_6_page254,puud’d’en’ koollm cuer̥’t’,10
три,5,koollm,ко̄ллм,kld_txt_KarNC_deers,koollmlɒg’g’e ɨg’g’e l’aajj,10
три,5,koollm,ко̄ллм,kld_txt_Kert1961_jeerrkja_oollmej_bajas,i tedd šeeŋŋ jod’e koollm p’eejv nɨd’d’ što ejj kuessteɲč ɲim’ii,10
три,5,koollm,ко̄ллм,kld_txt_Kert1961_jeerrkja_oollmej_bajas,kues’s’ meene koollm p’eejv i šeeŋŋ vɒɒze i pugg oollme ujnsen’ što kaasska jaav’r ɒrr k’eed’k suel,10
три,5,koollm,ко̄ллм,kld_txt_Kert1961_pro_vorona_tulena_i_dikogo_olena,tel’ koollm n’ijd pugg vɨjjten’ kuujje,10
три,5,koollm,ко̄ллм,kld_txt_Kert1961_rybolovstvo_20210223,nuut'et' koollm oollmaguejm,10
три,5,koolm,ко̄лм,Переведенный корпус,Oalkembel't uks tueg jeg'g'e šuurr keelten’ ja karvul'l'e mune kuuht'e kaalse koolmet' sutket',1
три,5,kualm,куалм,kld_SAM_SG_map_20230815,tɨjje bɨdd meenne kualmant sɨjjta,7
три,5,kualm,куалм,kld_SAM_SG_map_20230815,l’aan’č kualmant sɨjjt,7
три,5,kualm,куалм,kld_SAM_SG_map_20230815,kualmant sɨjjta meenne,7
три,5,kualm,куалм,kld_SAM_SG_map_20230815,kualmant sɨjjt l’ii,7
три,5,kualm,куалм,Переведенный корпус,kuddlɒg’g’ kualmante ɨg’es’ janvari maanas’ munn učenekam’i avcand klaases’ vɨjjl’em čiirre puuʒeguejm,7
три,5,kualm,куалм,kld_txt_Kert1961_pro_vorona_tulena_i_dikogo_olena,tes’t kalsenč vuud’e nɨm’m’p ɨj ja kualmant p’eejv’ vaan’n’cel’ nuurmuss n’iijjtas kuessa,7
три,5,kualm,куалм,kld_txt_Kert1961_pro_vorona_tulena_i_dikogo_olena,exxte maann kualmant ɨg’g’ nɨmmpa nɨm’m’p’ ɨg’g’,7
три,5,kоlm,клм,kld_txt_Kert1961_nuemmel_piras,kоlm vil'j ujjten’ kolm gårra.,1
три.gen.sg,1,koolm,ко̄лм,,,1
три.nom,1,koollm,ко̄ллм,,,2
три.nom.sg,1,koollm,ко̄ллм,,,1
тропа,1,čuuhk,чӯххк,,,1
трость,1,suum’p’,сӯмьп,,,2
трость.acc.sg,1,suem’p’,суэмьп,,,1
трость.gen.sg,1,suem’p’,суэмьп,,,2
трудиться,1,lɨhk,лыххк,,,1
трудный,1,looss,ло̄сс,,,3
туарах,1,tuaarax,туа̄рах,,,1
туда,3,toage,тоагэ,kld_txt_KarNC_deers,gaz'eta sɨjje toage vɨget,1
туда,3,tooge,то̄гэ,Переведенный корпус,paar’r’n k’iičes’t’ tooge i mudda goarra k’iihč’ što viiǯed el’l’a kooz,1
туда,3,tɒge,тоагэ,kld_GGM_SG_map_202308D,tɒge paak’e eel,5
туда,3,tɒge,тоагэ,kld_GGM_SG_map_202308D,ну tɒge voarred ton’n’e tam’b’e тоже,5
туда,3,tɒge,тоагэ,kld_GGM_SG_map_202308D,tɒge uc’c’ javra lun’n’ l’ii sɨjjt,5
туда,3,tɒge,тоагэ,kld_txt_Lehtiranta_3_kɒn’t’_moajnas,tɒge ša i mun(n) vɨlgam vuaggeẟ,5
туда,3,tɒge,тоагэ,Переведенный корпус,ɨšteht’ iiǯant n’iijt sɒɒne eel ja vɨje vaarra i kuud’e soon tɒge an’ muuɲɲg’en’ kallm čal’m mune jeve kičehče soon eel p’eel’j jeve kullehče soone jiin,5
туда(?),1,t’eellagas,тēллагас,,,1
туман,1,c’iigg,цӣгк,,,1
туман.?,1,c’iig,цӣг,,,3
туман.attr?,1,c’iigg,цӣгк,,,1
тунда.nom.sg,1,čaar,ча̄р,,,1
тундра,4,čaar,ча̄р,Переведенный корпус,čeares tenn veeze kon pɨjet čeexxčа ted veeʒ pukk b’eda l’ii roovas i čaares vesenom taal’l’va mennev paje al’m’ al’m’,1
тундра,4,čaarr,ча̄рр,Переведенный корпус,k’iičem pugg čaarre,2
тундра,4,čaarr,ча̄рр,Переведенный корпус,čaarre k’iičem man’t’e soonn l’ii,2
тундра,4,čear,чэар,Переведенный корпус,čeares tenn veeze kon pɨjet čeexxčа ted veeʒ pukk b’eda l’ii roovas i čaares vesenom taal’l’va mennev paje al’m’ al’m’,1
тундра,4,čiirr,чӣрр,Переведенный корпус,pastex jaad’sellav čiirre,3
тундра,4,čiirr,чӣрр,Переведенный корпус,kuddlɒg’g’ kualmante ɨg’es’ janvari maanas’ munn učenekam’i avcand klaases’ vɨjjl’em čiirre puuʒeguejm,3
тундра,4,čiirr,чӣрр,Переведенный корпус,vɨjem puuʒet mɨjj vɒɒl’d’em p’eerg m’il’l’d’e maal’c’et p’imat’ tobɨrket saav’ex’et poolxet’ saallvas koompas t’etradet’ fataparaat ɒɒkše i vɨjjl’em čiirre,3
тундра.gen.sg,1,čaar,ча̄р,,,2
тундра.nom.sg,2,čaar,ча̄р,Переведенный корпус,čaar pugg pakrɨvaetsa čaar pukk tuvvnadd čexxčа veezen,1
тундра.nom.sg,2,čaarr,ча̄рр,Переведенный корпус,tes’t’ ufšten geagraafe munn rɒst mɒɒj(n)se parnat pugg čaar bajas kooxxt ad’d’ izmen’iilsa čaarr tejja ɨg’e kooxxt jeel’ešued’d’eš per’a i tag daale,1
тут,1,tɛs’t˙,тсььт˙,,,1
ты,1,ton’n’,тоннҍ,,,1
ты.nom,2,tonn,тонн,Переведенный корпус,munn l'aa čeehp' s'iirre a tonn pl'as’s'je,1
ты.nom,2,toonn,то̄нн,kld_txt_KarNC_wedding,toonn vaaltax iiž’ant m’iiles’t’ al’i k’eenn,2
ты.nom,2,toonn,то̄нн,kld_txt_KarNC_wedding,a toonn kooxxt vuelkax,2
тысяча,1,tooxn,то̄хн,,,1
тысяча.gen.sg?,1,tɒfant,тоафант,,,1
тюлень,1,nuar’r’j,нуаррй,,,1
тюлень.NOM.SG,1,nuer’r’j,нуэррй,,,1
тюлень.gen.sg,1,nuer’j,нуэрй,,,3
тяжелый,1,looss,ло̄сс,,,1
тянуть,12,k'aass,кя̄сс,kld_txt_Genetz1891,sonn ejj alka pag'g'e(δ) voal'te(j) taale k'aassad'd'e muursoane vuella kuaddas’ vaancel’,2
тянуть,12,k'aass,кя̄сс,Переведенный корпус,kues’s’ ɨddev mooǯes' sɒɒn k'aassxa v’iil'l'kes' cɒɒr puuʒeguejm,2
тянуть,12,k'as's,кяссь,Переведенный корпус,k'as's'et' sama mooǯes' jiijv puuʒet',1
тянуть,12,k'eess,кēсс,kld_txt_Kert1961_rybolovstvo_20210223,nostme k'eessev' nuut',1
тянуть,12,k'iis's',кӣссь,kld_txt_Kert1961_rybolovstvo_20210223,nuut' oolkes k'iis's'eš veennse ja suldeš'[a] loahpket',1
тянуть,12,kaas's',ка̄ссь,kld_txt_Kert1961_rybolovstvo_20210223,suldeš' kaas's'te kues's' nuut' kaas’s'tet',1
тянуть,12,kaas’s',ка̄ссь,kld_txt_Kert1961_rybolovstvo_20210223,suldeš' kaas's'te kues's' nuut' kaas’s'tet',1
тянуть,12,k’aass,кя̄сс,Переведенный корпус,poorem tes’t’ mɨjj vuudem i iinca k’aassedem,3
тянуть,12,k’aass,кя̄сс,kld_txt_Kert1961_pro_vorona_tulena_i_dikogo_olena,k’aassxen’ puuʒedes’,3
тянуть,12,k’aass,кя̄сс,Переведенный корпус,s’ines’t’ l’ijjen’ vennas k’aassen’č di l’ijjen’ t’eerpnenč kobba jev kuestče rɨnnte,3
тянуть,12,k’aas’s’,кя̄ссь,Переведенный корпус,k’aas’s’et’ sama mooǯes’ ja š’iig puuʒet’ ja vɨge mun n’iijta vaarra ja kuud’e tenn še sajja kooz kuud’d’ex’ iižant n’iijt,1
тянуть,12,k’eez,кēз,kld_txt_Kert1961_rybolovstvo_20210223,tanna k’eezet' tol'ko eft loahpe,1
тянуть,12,k’eez’,кēзь,Переведенный корпус,tel’e eeltnet nɨm’m’pe red’d’en’ rɨnnte i nuut’ k’eez’et k’iid’eguejm ele že eexxt olme veensen nuur’e vokgoarre nuehta a kut’es’ kut’ kuuxxt oollme kut’ p’iirаs nuut’ čoovvgev,1
тянуть,12,k’iiss,кӣсс,kld_txt_Kert1961_rybolovstvo_20210223,maŋŋa taaz sɨz k’iissen' nuut',1
тянуть,12,čoovvg,чо̄ввг,Переведенный корпус,tel’e eeltnet nɨm’m’pe red’d’en’ rɨnnte i nuut’ k’eez’et k’iid’eguejm ele že eexxt olme veensen nuur’e vokgoarre nuehta a kut’es’ kut’ kuuxxt oollme kut’ p’iirаs nuut’ čoovvgev,1
тянуть.npst.3sg,2,k'aass,кя̄сс,kld_txt_Kert1961_rybolovstvo_20210223,vaallt nuur' k'eeǯ' k'aass ja voanncat nostem luz nuut' p'eel',1
тянуть.npst.3sg,2,k’aass,кя̄сс,kld_txt_Genetz1891,taall muursoane(j)t’ i k’aass,1
тянуть_невод,1,nost,ност,,,2
тётя,1,sʼeess,сэ̄сс,,,1
тётя.nom.sg,1,sʼiisʼsʼ,сӣсс,,,1
у,2,lun’n’,луннҍ,kld_GGM_SG_map_202308D,či... ja... jog lun’n’ l’ii sɨjjt,2
у,2,lun’n’,луннҍ,kld_GGM_SG_map_202308D,tɒge uc’c’ javra lun’n’ l’ii sɨjjt,2
у,2,lus’s’en’,луссенҍ,kld_SAM_SG_map_20230815,sɨjd l’eev vaar’ lus’s’en’,5
у,2,lus’s’en’,луссенҍ,kld_SAM_SG_map_20230815,num’m’p’ sɨjjt l’ii paak’ lus’s’en’,5
у,2,lus’s’en’,луссенҍ,kld_SAM_SG_map_20230815,jaav’r’ lus’s’en’,5
у,2,lus’s’en’,луссенҍ,kld_SAM_SG_map_20230815,kuu l’ii paak’ lus’s’en’,5
у,2,lus’s’en’,луссенҍ,kld_SAM_SG_map_20230815,pevl l’eev paak’ al’n… lus’s’en’,5
убежать,3,poačč,поачч,Переведенный корпус,čuud’d’čuer’r’v pajnal s’aamn’es’ pel̥t paar’net’ an’ paar’r’ne poaččev,1
убежать,3,poaččk,поаччк,Переведенный корпус,oollme toahten’ pugg poaččke a Mar'r’j Uvvan n’iijjt saarrn,1
убежать,3,påčk,пчк,kld_txt_Kert1961_byl_o_ljajne,pirras pākɛ uītɛ oлkɛs ja påčkɛ,1
убежать.imp.pl,1,poačk,поачк,,,1
убивать,1,kån’n’t,кннҍт,,,1
убить,5,koan’n’t,коаннҍт,Переведенный корпус,voan’n’cen’ voan’n’cen’ koan’n’ten’ taal,1
убить,5,kont,конт,kld_txt_Kert1961_byl_o_ljajne,tɛi bale ruc jennɛ såmi͔t˙ kontl’i͔n˙,2
убить,5,kont,конт,Переведенный корпус,a nɨm’p’ puadd i vuejj i šurnant paar’n’ eel štɒ munn puada toon konta men guejka most tovruž kon’tex,2
убить,5,kon’t,конҍт,Переведенный корпус,a nɨm’p’ puadd i vuejj i šurnant paar’n’ eel štɒ munn puada toon konta men guejka most tovruž kon’tex,1
убить,5,kånnt,кннт,kld_txt_Kert1961_byl_o_ljajne,odzkud˙d˙i͔n˙ kånnta rucɛ si̮z’n’,2
убить,5,kånnt,кннт,kld_txt_Kert1961_byl_o_ljajne,alkes’ kåvnɛn˙ tampɛ kånnta,2
убить,5,kån’t,кнҍҍт,kld_txt_Kert1961_byl_o_ljajne,puki̮t kån’tɛ kuɛd˙ si̮z’n’,2
убить,5,kån’t,кнҍҍт,kld_txt_Kert1961_byl_o_ljajne,s’agлɛssɛ kån’tɛ al’kas’,2
убить.???,1,koan'te,коанҍте,,,1
убить.npst.3sg,1,kånnt,кннт,,,1
убить.npst.cng,1,kɒn’t,коанҍт,,,1
убить.pst.3sg?,1,koant,коант,,,1
увести,1,uit,уыт,,,1
увидеть,1,ujn,уйн,,,1
увидеть.pfv.npst.3sg,1,ujn,уйн,,,1
увязнуть,1,vuaj,вуай,,,1
угощать,1,kusx,кусх,,,1
удить,2,vuaŋk,вуаӈк,kld_txt_Lehtiranta_2_r’iim’ɲ_i_taale_moajnas,mun(n) t’eellagast vuaŋkam kuul’(e),1
удить,2,vuaŋŋk,вуаӈӈк,kld_txt_Lehtiranta_2_r’iim’ɲ_i_taale_moajnas,no vɨl’l’kep vuaŋŋke(ẟ),2
удить,2,vuaŋŋk,вуаӈӈк,kld_txt_Lehtiranta_2_r’iim’ɲ_i_taale_moajnas,vɨl’l’ken vuaŋŋke(ẟ),2
уж,1,uš,уш,,,2
уж_то,1,ušte,уштэ,,,1
ужас.ACC.SG,1,eebbas,э̄бпас,,,1
уже,3,jo,йё,kld_txt_Kert1961_pro_vorona_tulena_i_dikogo_olena,a iiǯ kɒn’n’t’ kaaddel’ jo,1
уже,3,ju,йю,kld_txt_KarNC_wedding_pt2,at’t’ ju pug lɨhce bɨddgul,2
уже,3,ju,йю,kld_txt_KarNC_wedding_pt2,at’t’ ju maŋ’mes’ lɨhcep’,2
уже,3,uže,ужэ,Переведенный корпус,mennev tɒɒjv šurr ab’r’ a s’eent’aabres akt’aabr maanas a’lg uže pɨjje veeze,3
уже,3,uže,ужэ,kld_txt_KarNC_deers,mɨjj uže šuurrnem’ šendem’,3
уже,3,uže,ужэ,kld_txt_Kert1961_jeerrkja_oollmej_bajas,a ruuc uže vɨjjten’ jaavvra,3
узнать,1,t'iid',тӣдҍ,,,1
узор,1,kɨr’r’j,кыррй,,,1
уйти,4,uīt,уыт,kld_txt_Kert1961_byl_o_ljajne,pirras pākɛ uītɛ oлkɛs ja påčkɛ,1
уйти,4,ujjd,уййд,Переведенный корпус,parna pugg ujjden peer̥’r̥’t’e tuvvnedden mudda ɒɒsseguejm,1
уйти,4,ujjt,уййт,kld_SAM_SG_map_20230815,vaal’l’te ja ujjte,3
уйти,4,ujjt,уййт,kld_txt_Itkonen1931_6_page254,ja cuer̥’r̥’t’ agga ujjtte,3
уйти,4,ujjt,уййт,kld_txt_Kert1961_nuemmel_piras,kоlm vil'j ujjten’ kolm gårra.,3
уйти,4,ujt,уйт,kld_txt_Kert1961_nuemmel_piras,puarsamuss al'l'k ujte l’eejp paštjen' vuepsuvve,2
уйти,4,ujt,уйт,kld_txt_Kert1961_nuemmel_piras,ja ujte olmet’ gråbbe.,2
уйти.npst.3sg,1,ujd,уйд,,,1
улица,2,olk,олк,kld_txt_Kert1961_pro_vorona_tulena_i_dikogo_olena,aahk’ veel’l’ej olkes’ paarrnes’ m’iil’l’te,1
улица,2,oлk,ок,kld_txt_Kert1961_byl_o_ljajne,pirras pākɛ uītɛ oлkɛs ja påčkɛ,1
ум,1,m’iil’l’,мӣлль,,,1
умереть,3,jaam,я̄м,kld_txt_KarNC_deers,ad’d’ soonn l’ii jaamma,1
умереть,3,jaam’m’,я̄ммь,kld_txt_Kert1961_rybolovstvo_20210223,ja eennten' son'n'e jaam’m’de,1
умереть,3,jam,ям,kld_txt_Kert1961_nuemmel_piras,a kuhte ak'k' jamma Iiijjen’ aajjk al'l't.,1
уметь,3,maaht,ма̄ххт,kld_txt_Kert1961_pro_vorona_tulena_i_dikogo_olena,jaannat ejj maahtenč poorre ejj maahtenč jugge,2
уметь,3,maaht,ма̄ххт,kld_txt_Kert1961_pro_vorona_tulena_i_dikogo_olena,jaannat ejj maahtenč poorre ejj maahtenč jugge,2
уметь,3,mat’,матҍ,kld_txt_Kert1961_nuemmel_piras,sonn jur'te kolm al'kes mat’xe,1
уметь,3,mɒɒht,моа̄ххт,kld_txt_KarNC_deers,mɒɒhtja l’iijem’ mɒɒhtjem’ jeel’l’ep’,2
уметь,3,mɒɒht,моа̄ххт,kld_txt_KarNC_deers,mɒɒhtja l’iijem’ mɒɒhtjem’ jeel’l’ep’,2
уметь.npst.cng,1,maat’,ма̄тҍ,,,1
умный,1,m’iillv,мӣллв,,,1
упасть,2,jor,йёр,Переведенный корпус,parna i n’iijde k’eeresel’l’en s’iijnen jornen,2
упасть,2,jor,йёр,Переведенный корпус,jornev veeʒe k’iištet l’aajj čuujjge k’eeresen ur’d’es saav’ex’et n’ik’ee ejj murda,2
упасть,2,jor̥,йёҏ,kld_txt_Kert1961_rybolovstvo_20210223,sueg' jor̥ten',1
урак.nom.sg,1,ɒrex’,оарэхь,,,1
урез,1,k'iivt,кӣвт,,,1
успеть,1,eesst,э̄сст,,,1
устать,1,lɒttk,лоаттк,,,1
утро,1,iinc,ӣнц,,,1
утро.acc.sg,1,iinc'ejk,ӣнҍцейк,,,1
утром,2,iinca,ӣнца,Переведенный корпус,poorem tes’t’ mɨjj vuudem i iinca k’aassedem,1
утром,2,iince,ӣнцэ,Переведенный корпус,iince kɒʒjem vɨjjl’em evdas,1
ухо,1,p’aal’l’j,пя̄ллй,,,2
ухо.NOM.PL,1,p’eel’j,пēлй,,,1
уходить,1,ujt,уйт,,,1
учениками,1,učenekam’i,учэнэками,,,1
учитывать,1,učitivaet,учытываэт,,,1
учить,2,ufš,уфш,Переведенный корпус,tes’t’ ufšten geagraafe munn rɒst mɒɒj(n)se parnat pugg čaar bajas kooxxt ad’d’ izmen’iilsa čaarr tejja ɨg’e kooxxt jeel’ešued’d’eš per’a i tag daale,1
учить,2,vuep’s’,вуэпьс,Переведенный корпус,sijd’es’ m’iinet pood’d’en pravažat jeen’ až’ i v’iil’j tɒɒvvrež vuep’s’ej i mudda oollme,1
учиться,1,vueps,вуэпс,,,1
фотоаппарат,1,fataparaat,фатапара̄т,,,1
фыркать,1,čusk,чуск,,,1
хватать,2,kec,кэц,kld_txt_Genetz1891,tal taall sonn taal vuejves’t’ kecest voal’te(j) pakke(δ),1
хватать,2,taab,та̄б,kld_txt_Genetz1891,sonn taabed’d' kuajv eften’ kiiden’,4
хватать,2,taab,та̄б,kld_txt_Genetz1891,sonn taabed’d’e kuajv eften’ kiid’en’,4
хватать,2,taab,та̄б,kld_txt_Genetz1891,son taabed’,4
хватать,2,taab,та̄б,kld_txt_Itkonen1931_6_page254,taabaht’,4
хвост,3,s’eejjb,сēййб,kld_txt_Lehtiranta_1_r’iim’ɲ_moajnas,s’eejjbeɲam d’ii s’eejjbeɲam koox’x’t tun(n) vuelgax,2
хвост,3,s’eejjb,сēййб,kld_txt_Lehtiranta_1_r’iim’ɲ_moajnas,s’eejjbeɲam d’ii s’eejjbeɲam koox’x’t tun(n) vuelgax,2
хвост,3,s’eejp,сēйп,kld_txt_Lehtiranta_2_r’iim’ɲ_i_taale_moajnas,i jel’l’e lɨggxelle s’eejpe(j)tant,1
хвост,3,s’iijp,сӣйп,kld_txt_Lehtiranta_2_r’iim’ɲ_i_taale_moajnas,luuš’š’ten s’iijpe(j)t koal’l’t(e)ja,1
хвост.acc.sg,1,s’eejp,сēйп,,,1
хвост.gen.sg,1,s’eejp,сēйп,,,1
хвост.nom.pl,1,s’eejp,сēйп,,,1
хвост.nom.sg,2,s’eejjb,сēййб,kld_txt_Lehtiranta_1_r’iim’ɲ_moajnas,s’eejjb i saarrn,1
хвост.nom.sg,2,s’eejjp,сēййп,kld_txt_Lehtiranta_2_r’iim’ɲ_i_taale_moajnas,meejtl’aaɲɲǯ must s’eejjp ejj lɨggent,6
хвост.nom.sg,2,s’eejjp,сēййп,kld_txt_Lehtiranta_2_r’iim’ɲ_i_taale_moajnas,s’eejjp ejj lɨggneškued’(e),6
хвост.nom.sg,2,s’eejjp,сēййп,kld_txt_Lehtiranta_2_r’iim’ɲ_i_taale_moajnas,s’eejjp kueddej koal’l’t(e)ja,6
хвост.nom.sg,2,s’eejjp,сēййп,kld_txt_Lehtiranta_2_r’iim’ɲ_i_taale_moajnas,k’eet’kest meene(j) s’eejjp rast,6
хвост.nom.sg,2,s’eejjp,сēййп,kld_txt_Lehtiranta_2_r’iim’ɲ_i_taale_moajnas,s’eejjp rast,6
хвост.nom.sg,2,s’eejjp,сēййп,kld_txt_Lehtiranta_2_r’iim’ɲ_i_taale_moajnas,ten(n) kuejjke l’ii taalest ja k’eet’kest ja ɲuem’m’lest vuen’ex s’eejjp čte s’eejp kuedd(e)jen jaavvra,6
хлеб.acc.sg,1,l’eejp,лēйп,,,1
хлеб.асс.sg,1,l’eejp,лēйп,,,1
хлев,1,puvvr,пуввр,,,1
ходить,2,van’cl’,ванцььл,kld_txt_KarNC_wedding_pt2,ja tel’ pɨrr van’cl’ev,1
ходить,2,van’c’,ванҍц,kld_txt_KarNC_wedding_pt2,pɨrr tuel’ van’c’ev kolm vuerr,1
ходить.NPST.3SG,1,vɒrrad,воаррад,,,1
холод,1,keelm,кэ̄лм,,,1
холодный,2,kallm,каллм,Переведенный корпус,pɒɒze soon eel keellm vujnegen' ja kallmed soon,1
холодный,2,keellm,кэ̄ллм,Переведенный корпус,pɒɒze soon eel keellm vujnegen' ja kallmed soon,1
хонгкэр,2,hoŋker,ххоӈкэр,kld_txt_Kert1961_pro_vorona_tulena_i_dikogo_olena,hoŋker hoŋker jaannam gell jeb’b’ pued’,4
хонгкэр,2,hoŋker,ххоӈкэр,kld_txt_Kert1961_pro_vorona_tulena_i_dikogo_olena,hoŋker hoŋker jaannam gell jeb’b’ pued’,4
хонгкэр,2,hoŋker,ххоӈкэр,kld_txt_Kert1961_pro_vorona_tulena_i_dikogo_olena,hoŋker hoŋker jaannam gell jeb’b’ pued’,4
хонгкэр,2,hoŋker,ххоӈкэр,kld_txt_Kert1961_pro_vorona_tulena_i_dikogo_olena,hoŋker hoŋker jaannam gell jeb’b’ pued’,4
хонгкэр,2,xoŋker,хоӈкэр,kld_txt_Kert1961_pro_vorona_tulena_i_dikogo_olena,xoŋker xoŋker aajja puadd,2
хонгкэр,2,xoŋker,хоӈкэр,kld_txt_Kert1961_pro_vorona_tulena_i_dikogo_olena,xoŋker xoŋker aajja puadd,2
хорей,1,xaar’a,ха̄ря,,,1
хорей.ACC.SG,1,xar’a,харя,,,1
хоронить,1,ruhk’,руххьк,,,1
хороший,8,š'iig,шӣг,kld_txt_KarNC_deers,puedd paj l'eev v'iilge ja š'iig,1
хороший,8,š'iig',шӣгь,kld_txt_KarNC_deers,ad'd' l'ii per'e š'iig',1
хороший,8,šiig,шӣг,kld_txt_KarNC_deers,maŋ’ŋ’ per’e l’aajj šiig mɨjje,2
хороший,8,šiig,шӣг,kld_txt_Lehtiranta_1_r’iim’ɲ_moajnas,čte šiig l’ii,2
хороший,8,šiig',шӣгь,kld_txt_KarNC_deers,pastex' vood'd'ede mugga l'ii per'e šiig',1
хороший,8,š’iig,шӣг,kld_txt_KarNC_wedding_pt2,a ničego š’iig l’ii ad’d’ vuaja saarrne,6
хороший,8,š’iig,шӣг,kld_txt_Kert1961_nuemmel_piras,kal'l'es' jall pere n'uezel't pejjel' p’eejv' ja pejjel’ p’eejv' š’iigten’n’e.,6
хороший,8,š’iig,шӣг,kld_txt_Kert1961_rybolovstvo_20210223,š’iig l’ii al’e ejj paar̥r̥k,6
хороший,8,š’iig,шӣг,Переведенный корпус,muuɲkaallsa šɒlšuve taate sonn kaal’l’mde n’iijta da čofta n’iijjt l’aajj š’iig ja mooǯe cɒɒge sonn n’iijjta v’iil’l’k’es’ p’eeck štobɨ ejj kelmče,6
хороший,8,š’iig,шӣг,Переведенный корпус,mooǯes’ ɒɒsseguejm sonn šende v’aal mooǯ’da i š’iiga,6
хороший,8,š’iig,шӣг,Переведенный корпус,k’aas’s’et’ sama mooǯes’ ja š’iig puuʒet’ ja vɨge mun n’iijta vaarra ja kuud’e tenn še sajja kooz kuud’d’ex’ iižant n’iijt,6
хороший,8,š’iigg,шӣгк,Переведенный корпус,n’iijjta paar’r’n’ ponrav’dede i cɒɒr al’l’k’ i kaallsa n’iijjt nɒɒj̥j̥tledden’ i jeel’ešuud’d’en’ š’iiggten’n’e i tenna rajja jeellev i m’iinet’ kuessa kɒhčev,1
хороший,8,š’iiggt,шӣгкт,Переведенный корпус,pugg maal’c’eguejm eel vel kolek’eegg cɒɒg’g’en saav’ex’et doobrat ja vuud’d’en b’eda š’iiggten’n’e,4
хороший,8,š’iiggt,шӣгкт,Переведенный корпус,polxet jeb’b’ kaadxellma mɨjen pugg š’iiggten’n’e n’ik’ee čueʒa,4
хороший,8,š’iiggt,шӣгкт,Переведенный корпус,puuʒet pugg š’iiggten’n’e kɒɒrem sɒɒnet,4
хороший,8,š’iiggt,шӣгкт,Переведенный корпус,m’iinet pugg š’iiggten’n’e vstr’eetelen,4
хороший,8,š’iiγ’,шӣ,Переведенный корпус,suem’p’ k’aaǯ’a kooret naak’ štobe l’aahč štobi vuajehček oojjke k’iid’ i l’aahč š’iiγ’ čuujjke,2
хороший,8,š’iiγ’,шӣ,Переведенный корпус,i kues’s’ čuujjklet’ štobi soonn l’aahč soonen’ l’aahč š’iiγ’ čuujjke,2
хороший.comp,1,per’a,пэря,,,1
хороший.pred,1,š’iig,шӣг,,,2
хорошо,3,per’,пэрь,kld_txt_Kert1961_pro_vorona_tulena_i_dikogo_olena,nuer’j poorrem luus kus’k’ ja jug’g’enalšem kuul’ raašk no per’a meenn karnses’t,1
хорошо,3,š'iigg,шӣгк,kld_txt_Kert1961_rybolovstvo_20210223,nuuht' cɨhcej š'iiggten'n'e,1
хорошо,3,š’iiggt,шӣгкт,Переведенный корпус,kuuss š’iiggten’n’e sojj,1
хотеть,2,taat,та̄т,Переведенный корпус,muuɲkaallsa šɒlšuve taate sonn kaal’l’mde n’iijta da čofta n’iijjt l’aajj š’iig ja mooǯe cɒɒge sonn n’iijjta v’iil’l’k’es’ p’eeck štobɨ ejj kelmče,1
хотеть,2,toaht,тоаххт,Переведенный корпус,oollme toahten’ pugg poaččke a Mar'r’j Uvvan n’iijjt saarrn,1
хотеть.NPST.3SG,1,taaht,та̄ххт,,,1
хоть,2,xot’,хотҍ,kld_txt_Kert1961_pro_vorona_tulena_i_dikogo_olena,jurrt an’ xot’ eft ver aǯes’(t) vuadd kɒn’t’ tuul’j al’n’,1
хоть,2,xošš,хошш,Переведенный корпус,rɒdne n’iijtes’ meenn ejj lɨk soon paje pueraht a n’iijjtb’eel’l’ xošš i pugg per̥t m’iil’l’te lɨke jeen’n’b’eel’l’ soonen’ paje ɒr̥r̥tedd ja cele p’iijve m’iil’l’te ševraht,1
хурьк,1,hur’gg,ххургььк,,,3
царь.gen.sg,2,cɒr,цоар,Переведенный корпус,kooste soagg cɒr rajja,1
царь.gen.sg,2,cɒɒr,цоа̄р,Переведенный корпус,eex’x’t’eš’ raj vɨje mooǯes’ paar’r’n’ tedd l’aajj cɒɒr al’l’k’,7
царь.gen.sg,2,cɒɒr,цоа̄р,Переведенный корпус,cɒɒr al’l’k’ sraaze kooxxt ujnes’ n’iijt šɒbšuve son’n’e i c’iil̥’k’e n’iijjta,7
царь.gen.sg,2,cɒɒr,цоа̄р,Переведенный корпус,n’iijjta paar’r’n’ ponrav’dede i cɒɒr al’l’k’ i kaallsa n’iijjt nɒɒj̥j̥tledden’ i jeel’ešuud’d’en’ š’iiggten’n’e i tenna rajja jeellev i m’iinet’ kuessa kɒhčev,7
царь.gen.sg,2,cɒɒr,цоа̄р,Переведенный корпус,ejj pued vaje muuɲkaallsa lɒɒj̥eguejm il’i cɒɒr al'l'k soon gɒrra,7
царь.gen.sg,2,cɒɒr,цоа̄р,Переведенный корпус,kues’s’ ɨddev mooǯes' sɒɒn k'aassxa v’iil'l'kes' cɒɒr puuʒeguejm,7
царь.gen.sg,2,cɒɒr,цоа̄р,Переведенный корпус,koojn soon n'iijjt ɒrr pɒɒl'l'te cɒɒr al'ken',7
царь.gen.sg,2,cɒɒr,цоа̄р,Переведенный корпус,sonn nɨdd žal'ej ujjne n'iijjtes' kaallsa n'iijt sajes' vapteg ja cɒɒr al'k ahk'en' što lunten' ižes' pɒɒssvudes',7
целиком,2,omp,омп,Переведенный корпус,munn ompan n’iila s’iinet’,1
целиком,2,ompan,омпан,Переведенный корпус,kas't' luuhp’el' l'aajj koanta sonn meenne sajja čuur'v'et' n'al'mes' ompan vuuv’s'e,1
целый,1,cele,цэлэ,,,2
чай,1,čaaj,ча̄й,,,1
чай.acc.sg,1,čaaj,ча̄й,,,2
чай.gen.sg,1,čaj,чай,,,1
часто,2,tɒɒijv,тоа̄ыйв,Переведенный корпус,k’ees’s’a tɒɒijv l’eev b’eda žor p’eejv,1
часто,2,tɒɒjv,тоа̄йв,Переведенный корпус,kɨdda tɒɒjv bɨvaet veeʒ,5
часто,2,tɒɒjv,тоа̄йв,Переведенный корпус,mennev tɒɒjv šurr ab’r’ a s’eent’aabres akt’aabr maanas a’lg uže pɨjje veeze,5
часто,2,tɒɒjv,тоа̄йв,Переведенный корпус,p’eervi veeze pɨjj sun’n’t’ad tell pɨjj tell avda pɨjj i tɒɒjv maŋŋa pɨjj ja’vr i joge lɒɒnd аl’gev milgnes kal’l’me,5
часто,2,tɒɒjv,тоа̄йв,Переведенный корпус,čeexxčа tɒɒjv b’eda poddal tavval,5
часто,2,tɒɒjv,тоа̄йв,Переведенный корпус,čeexxčа b’eda tɒɒjv m’eennev al’m’,5
человек,8,ollm,оллм,kld_GGM_SG_map_202308D,jeel’l’ev ollme,2
человек,8,ollm,оллм,kld_GGM_SG_map_202308D,и ollme jeel’l’ev,2
человек,8,olm,олм,kld_txt_Genetz1891,olmuj c'aal̥l̥ka što m'ii l'aak tonn v’iɨggolmejt egg vuajje mune kab’b’er' t’iivvte(d),9
человек,8,olm,олм,kld_txt_Genetz1891,olmeɲč tatte moaze vaancel kuaddas’,9
человек,8,olm,олм,kld_txt_Genetz1891,puude(j) kuaddas’ olmeɲč luušte taal laammpas puvvra,9
человек,8,olm,олм,kld_txt_Genetz1891,taal’(e) olmeɲč ɒrr,9
человек,8,olm,олм,Переведенный корпус,jeerka olmanč vaan’n’c joaddsel’ meer’r’e,9
человек,8,olm,олм,Переведенный корпус,tel’(?) olmanč puadd son’n’e vuessta vaan’n’c,9
человек,8,olm,олм,kld_txt_Kert1961_nuemmel_piras,ja ujte olmet’ gråbbe.,9
человек,8,olm,олм,kld_txt_Kert1961_pro_vorona_tulena_i_dikogo_olena,tam’p’e eellm olmenč t’inet’ šɨll,9
человек,8,olm,олм,Переведенный корпус,olme kuaggn’en’ eft sajja,9
человек,8,olme,олмэ,Переведенный корпус,nu nuut’et olme koollm ɲeel’l’j,3
человек,8,olme,олмэ,Переведенный корпус,lɨhkeškud'd'en' kued' kaaxxc olmedde,3
человек,8,olme,олмэ,kld_txt_Kert1961_rybolovstvo_20210223,alla kuuddej eexxt olme,3
человек,8,olmn’,олмььн,Переведенный корпус,vuul’l’k’en’ ooʒe olmn’ed’d’e loag’g’ mat’t’,2
человек,8,olmn’,олмььн,Переведенный корпус,k’iih’čev sɨjj jennege l’ii olmn’ed’d’e tam’p’e,2
человек,8,oollm,о̄ллм,kld_GGM_SG_map_202308D,tam’b’e oollme jeel’l’ev,17
человек,8,oollm,о̄ллм,Переведенный корпус,čeexxč saam oollme saarnev puadd nim’b čislas’ aavgustes kues’s’ p’eervi vuer oolme ujnas al’m’es tas’t’,17
человек,8,oollm,о̄ллм,Переведенный корпус,saam’ oollme toože c’eel̥’l̥’k’ev vuejjev c’eel̥’l̥’k’e man’te l’aaɲč jeerrk jeggda tunn p’eejv,17
человек,8,oollm,о̄ллм,Переведенный корпус,puer’es oollme saarrnev što vuus’ ɲues’s’ jeer’r’k’e siin’et’ čofta muehc,17
человек,8,oollm,о̄ллм,Переведенный корпус,koollset’ vued mɒɒše(t) mazeguejm a evtla oollme koollse vuedde pɨjjev koommset’ el’e_že nuer’j naak’ a pɨjet nɨt’t’ že seerva koommset,17
человек,8,oollm,о̄ллм,Переведенный корпус,ɨštem sɒɒneel kut’i kolma oollme,17
человек,8,oollm,о̄ллм,Переведенный корпус,sijd’es’ m’iinet pood’d’en pravažat jeen’ až’ i v’iil’j tɒɒvvrež vuep’s’ej i mudda oollme,17
человек,8,oollm,о̄ллм,Переведенный корпус,čɒɒgem saav’ex’et koollm oollme kuuddjen činne p’eerg vel,17
человек,8,oollm,о̄ллм,kld_txt_Kert1961_jeerrkja_oollmej_bajas,oollme meennen’ tenn n’iijjta aanne štobe sonn lɨgga(h)č nɨd’d’ kooxxt bɨ ruuce jev p’eezče s’iine gɒrre,17
человек,8,oollm,о̄ллм,kld_txt_Kert1961_jeerrkja_oollmej_bajas,oollme eel’l’ken’ saarrne parnaguejm štobe kɒmpaɲe paar’r’n soon al’n nɒɒj̥j̥tlede(h)č,17
человек,8,oollm,о̄ллм,kld_txt_Kert1961_jeerrkja_oollmej_bajas,oollme saarrnev,17
человек,8,oollm,о̄ллм,kld_txt_Kert1961_jeerrkja_oollmej_bajas,kues’s’ meene koollm p’eejv i šeeŋŋ vɒɒze i pugg oollme ujnsen’ što kaasska jaav’r ɒrr k’eed’k suel,17
человек,8,oollm,о̄ллм,kld_txt_Kert1961_jeerrkja_oollmej_bajas,ruuhce l’aajj n’eel’l’jlɒg’g’ oollme,17
человек,8,oollm,о̄ллм,kld_txt_Kert1961_jeerrkja_oollmej_bajas,kuhk’evudde suel gul’ii n’eel’l’jlɒg’g’ oollme,17
человек,8,oollm,о̄ллм,kld_txt_Kert1961_pro_vorona_tulena_i_dikogo_olena,čofta l’ii eellm oollme leeg loosse ap’p’s’e,17
человек,8,oollm,о̄ллм,kld_txt_Kert1961_pro_vorona_tulena_i_dikogo_olena,čofta l’ii eellm oollme leeg loosse ap’p’s’e,17
человек,8,oollm,о̄ллм,Переведенный корпус,k’iičes’t’ čuel’l’m saama l’ii t’iiv’v’t’ vujjev oollme,17
человек,8,oollma,о̄ллма,kld_txt_Kert1961_rybolovstvo_20210223,nuut'et' koollm oollmaguejm,1
человек,8,oolm,о̄лм,Переведенный корпус,čeexxč saam oollme saarnev puadd nim’b čislas’ aavgustes kues’s’ p’eervi vuer oolme ujnas al’m’es tas’t’,1
человек,8,oлmɛ,ом,kld_txt_Kert1961_byl_o_ljajne,l’ai sām’ oлmɛ,2
человек,8,oлmɛ,ом,kld_txt_Kert1961_byl_o_ljajne,oлmɛdḓɛ l’ai n’el’jлåg’g̭’ v’er’tɛ,2
человек.NOM.PL,1,ɒɒllme,оа̄ллмэ,,,1
человек.NOM.pl,1,oollme,о̄ллмэ,,,1
человек.acc.sg,1,оlmе,лм,,,1
человек.gen.sg,3,ollma,оллма,kld_txt_Kert1961_pro_vorona_tulena_i_dikogo_olena,ja eellm ollma leeg eps’e,1
человек.gen.sg,3,olm,олм,Переведенный корпус,mudda loon’n’t eft olme paj kɨr(’)r(’)t(’)ev vued’?e? l’ee∅ vɒɒjvšuvvev,1
человек.gen.sg,3,оollmе,оллм,kld_txt_Kert1961_rybolovstvo_20210223,tel' kuuht оollmе vuul'l'ken' par̥ket' soagge,1
человек.nom.pl,1,oollme,о̄ллмэ,,,5
человек.nom.sg,2,olma,олма,kld_SAM_SG_map_20230815,eexxt olma,3
человек.nom.sg,2,olma,олма,Переведенный корпус,koollset’ lɨgget’ t’een’n’et’ olma raadd kuuss muure mugga muur kas’s’ l’ii vaanas vuek’s’,3
человек.nom.sg,2,olma,олма,Переведенный корпус,kues’s’ koollas ja saav’ex’ l’eev lɨhkma olma kuu šɒbašt m’aahca soonn čuejjk s’iineguejm b’eda udlen’n’e,3
человек.nom.sg,2,olme,олмэ,Переведенный корпус,tel’e eeltnet nɨm’m’pe red’d’en’ rɨnnte i nuut’ k’eez’et k’iid’eguejm ele že eexxt olme veensen nuur’e vokgoarre nuehta a kut’es’ kut’ kuuxxt oollme kut’ p’iirаs nuut’ čoovvgev,3
человек.nom.sg,2,olme,олмэ,kld_txt_Kert1961_rybolovstvo_20210223,tanna eexxt olme tuerrpem muuren' el'ke tuerrpe,3
человек.nom.sg,2,olme,олмэ,Пkld_txt_Kert1961_suška škur,olme vaallt tuul’j ja kɒmmset’ leevlaht ja pɨjj koošškte,3
человек.nom/gen.sg,1,olma/oollma,олма/о̄ллма,,,1
через,4,pejjel',пэййэль,kld_txt_Kert1961_nuemmel_piras,kal'l'es' jall pere n'uezel't pejjel' p’eejv' ja pejjel’ p’eejv' š’iigten’n’e.,1
через,4,pejjel’,пэййэль,kld_txt_Kert1961_nuemmel_piras,kal'l'es' jall pere n'uezel't pejjel' p’eejv' ja pejjel’ p’eejv' š’iigten’n’e.,1
через,4,rast,раст,Переведенный корпус,vɨjem mɨjj rast laan’d’ lɒɒn’d’e m’iil’l’d’e čuujav’r’ čel’čedvɒɒr’e a al’m’es l’aajj b’eda mooǯes vɒɒvkez,1
через,4,бухта,бухта,Переведенный корпус,jeem’m’n’e mene rast Kul vuun al'l'm и идтиpst.3sg dem2.acc.sg сторонаILL.sg Кольский бухтаacc.sg? ???ill.sg и остановиться???pst.3sg,1
черные,1,čɒɒhp’,чоа̄ххьп,,,1
черный,1,čɒɒhp,чоа̄ххп,,,1
четвёртый,1,n'al'j,нялй,,,1
четыре,2,n’eel’l’j,нēллй,kld_txt_KarNC_deers,samo jeenne n’eel’l’jlɒg’g’e veer’t’ puaze,3
четыре,2,n’eel’l’j,нēллй,kld_txt_Kert1961_jeerrkja_oollmej_bajas,ruuhce l’aajj n’eel’l’jlɒg’g’ oollme,3
четыре,2,n’eel’l’j,нēллй,kld_txt_Kert1961_jeerrkja_oollmej_bajas,kuhk’evudde suel gul’ii n’eel’l’jlɒg’g’ oollme,3
четыре,2,ɲeel’l’j,нэ̄ллй,Переведенный корпус,nu nuut’et olme koollm ɲeel’l’j,3
четыре,2,ɲeel’l’j,нэ̄ллй,Переведенный корпус,nuuht’ l’ii kug’g’es’ vuud’en m’etrav koollm ɲeel’l’j čuud’e,3
четыре,2,ɲeel’l’j,нэ̄ллй,kld_txt_Genetz1891,tal’e čooggčaan p’eel’l’k’ ɲeel’l’jlɒg’g’ pudde,3
четыре.gen.sg,1,n’eel’j,нēлй,,,1
четыре.nom,1,n’eel’l’j,нēллй,,,1
чинить,2,čin,чын,kld_txt_Kert1961_pro_vorona_tulena_i_dikogo_olena,jennes’ činguud’e porrmuž,1
чинить,2,činn,чынн,kld_txt_Kert1961_pro_vorona_tulena_i_dikogo_olena,niijjt činnel’ porrmuž,1
чинить.imp.sg,1,čin,чын,,,1
число,1,čisl,чысл,,,1
чистить,2,čaal’,ча̄ль,Переведенный корпус,kuul’et’ čaal’et kot’ suel’det kot’ košktet,1
чистить,2,čist,чыст,kld_txt_KarNC_wedding_pt2,kencet’ sejčev čistev,1
читать,1,loogg,ло̄гк,,,1
что,6,men,мэн,kld_txt_Kert1961_pro_vorona_tulena_i_dikogo_olena,kaallsenč ejj t’iid’ mene i poorre,1
что,6,men(n),мэн(н),kld_txt_Lehtiranta_1_r’iim’ɲ_moajnas,juelγeɲen d’i(i) juelγeɲen men(n) vexxteɲɲe vu(e)jjbed’d’e kar’r’e(ẟ),1
что,6,mi,мы,kld_txt_Kert1961_pro_vorona_tulena_i_dikogo_olena,čin puk mi l’ii per’a,1
что,6,čte,чтэ,kld_txt_Lehtiranta_1_r’iim’ɲ_moajnas,r’iimmɲ saarrn čte jeel’ poor(e)[b] muun(e),11
что,6,čte,чтэ,kld_txt_Lehtiranta_1_r’iim’ɲ_moajnas,r’iimmɲ saarrn čte saap’p[d]’l’iŋ’geɲǯ l’ii ɲues’s’,11
что,6,čte,чтэ,kld_txt_Lehtiranta_1_r’iim’ɲ_moajnas,r’iimmɲ saarrn čte ɲuem’m’l(‘)eɲǯ l’ii ɲues’s’,11
что,6,čte,чтэ,kld_txt_Lehtiranta_1_r’iim’ɲ_moajnas,r’iimmɲ saarrn čte kuun’d(‘)(e) kuun’d(‘)(e) v’aalen sada,11
что,6,čte,чтэ,kld_txt_Lehtiranta_1_r’iim’ɲ_moajnas,r’iimmɲ saarrn čte mun(n) kɨr’j(e)xem,11
что,6,čte,чтэ,kld_txt_Lehtiranta_1_r’iim’ɲ_moajnas,r’iimmɲ saarrn čte jeenna l’ii tuujje tuun s’eel’g kɨr’j(e)xe(ẟ),11
что,6,čte,чтэ,kld_txt_Lehtiranta_1_r’iim’ɲ_moajnas,taall saarrn čte mun(n) (j)iiǯ’ǯ’ pugg lɨggam,11
что,6,čte,чтэ,kld_txt_Lehtiranta_1_r’iim’ɲ_moajnas,čte emm vuejt lɨggse(ẟ),11
что,6,čte,чтэ,kld_txt_Lehtiranta_1_r’iim’ɲ_moajnas,čte šiig l’ii,11
что,6,čte,чтэ,kld_txt_Lehtiranta_1_r’iim’ɲ_moajnas,čte vuur’r’del sada,11
что,6,čte,чтэ,kld_txt_Lehtiranta_2_r’iim’ɲ_i_taale_moajnas,ten(n) kuejjke l’ii taalest ja k’eet’kest ja ɲuem’m’lest vuen’ex s’eejjp čte s’eejp kuedd(e)jen jaavvra,11
что,6,što,што,Переведенный корпус,kuul’e kromje tavo što kɨptet suenneel paš’tet tagnazɨvamɨ tuaarax el’e pɒɒštkul’l’,20
что,6,što,што,Переведенный корпус,p’eejva l’eev što al’mes’ kopč(e)neddev peevl p’eejjv kues’s’ ejj vuaj meenne ab’b’r’ ab’b’r’ ejj vuaj i veeʒ a vuajj prosta meenne i veeʒ,20
что,6,što,што,Переведенный корпус,saam saarnev što nim’b’ aavgustes puadd kuevs i čɒɒhpes’ j’eer‘g lɒɒgas k’iin’n’t’e,20
что,6,što,што,Переведенный корпус,nu vot nap’r’im’eer / vot kooxxt / jesl’e m’eer gor’r’en’ kas’s’ puadd tav(’)v(’)al p’iiŋŋk / pɨjjen’ s’eenkes’ peevl l’ee∅ / to saam’ saarrnev što l’aaɲč tav(’)v(’)al p’iiŋŋg ja ɲues’s’ jeerrk / vuajj pued’d’e c’iigg jeerrk,20
что,6,što,што,Переведенный корпус,puer’es oollme saarrnev što vuus’ ɲues’s’ jeer’r’k’e siin’et’ čofta muehc,20
что,6,što,што,Переведенный корпус,saarrnev što l’aaɲč ɲues’s’ jeerrk / aab’b’r’ jeerrk / abrešuadd,20
что,6,što,што,kld_txt_Genetz1891,olmuj c'aal̥l̥ka što m'ii l'aak tonn v’iɨggolmejt egg vuajje mune kab’b’er' t’iivvte(d),20
что,6,što,што,kld_txt_Itkonen1931_6_page254,num’m’p cuer̥’r̥’t’ c’eel̥’k’e što vɨgga bɨdd moast,20
что,6,što,што,kld_txt_Kert1961_jeerrkja_oollmej_bajas,jesl’e kɒmpaɲe paar’r’n vaallt mun kuujje tanna munn lɨgga nɨd’d’ što ruuc m’iinet’ jev kɒn’t,20
что,6,što,што,kld_txt_Kert1961_jeerrkja_oollmej_bajas,i tedd šeeŋŋ jod’e koollm p’eejv nɨd’d’ što ejj kuessteɲč ɲim’ii,20
что,6,što,што,kld_txt_Kert1961_jeerrkja_oollmej_bajas,kues’s’ meene koollm p’eejv i šeeŋŋ vɒɒze i pugg oollme ujnsen’ što kaasska jaav’r ɒrr k’eed’k suel,20
что,6,što,што,Переведенный корпус,eexxt vuerr oollme t'iid'sen' što ruhc puadd kuelnegg čuhpe ja saam’et’ puket’ koan'te,20
что,6,što,што,kld_txt_Kert1961_rybolovstvo_20210223,kues's' k’iihčev što vuajj nuut' pɨjje,20
что,6,što,што,Переведенный корпус,kaal’l’es’ šɒɒleš n’iijtes’ što sonn šaannt jeenxem,20
что,6,što,што,Переведенный корпус,vuur’t’e vuur’t’e až’es’ ejj t’eedda sonn ejj jur’r’t’ma što vuel’l’k'teš soon kaal’l’me vaar’es’,20
что,6,što,што,Переведенный корпус,muuɲkaallsa son’n’e c’eel̥’k’e što v’aal puadd,20
что,6,što,што,Переведенный корпус,sonn nɨdd žal'ej ujjne n'iijjtes' kaallsa n'iijt sajes' vapteg ja cɒɒr al'k ahk'en' što lunten' ižes' pɒɒssvudes',20
что,6,što,што,Переведенный корпус,paar’r’n k’iičes’t’ tooge i mudda goarra k’iihč’ što viiǯed el’l’a kooz,20
что,6,što,што,Переведенный корпус,sonn jur’tel’ što saam’ puud’d’en’ što soon narot el’l’a jeel’l’men’,20
что,6,što,што,Переведенный корпус,sonn jur’tel’ što saam’ puud’d’en’ što soon narot el’l’a jeel’l’men’,20
что,6,štɒ,штоа,Переведенный корпус,a nɨm’p’ puadd i vuejj i šurnant paar’n’ eel štɒ munn puada toon konta men guejka most tovruž kon’tex,1
что.?,1,mej,мэй,,,1
что.???,1,meenne,мэ̄ннэ,,,1
что.ACC.PL,1,meejt,мэ̄йт,,,2
что.ACC.SG,2,meenn,мэ̄нн,Переведенный корпус,rɒdne n’iijtes’ meenn ejj lɨk soon paje pueraht a n’iijjtb’eel’l’ xošš i pugg per̥t m’iil’l’te lɨke jeen’n’b’eel’l’ soonen’ paje ɒr̥r̥tedd ja cele p’iijve m’iil’l’te ševraht,2
что.ACC.SG,2,meenn,мэ̄нн,Переведенный корпус,meenn lɨkax,2
что.ACC.SG,2,men,мэн,kld_txt_KarNC_wedding_pt2,ja tel’ men,1
что.acc.pl,1,meej(t),мэ̄й(т),,,1
что.acc.sg,4,man'(e),манҍ(э),kld_txt_Genetz1891,čaaʒ'jel'l'e puud'e(j) man'(e) kukxelk mune,1
что.acc.sg,4,mann,манн,kld_txt_Genetz1891,с'eel̥’l̥'k’en' mann mɨjje ejj šaan't’ al'ke,1
что.acc.sg,4,meenn,мэ̄нн,kld_GGM_SG_map_202308D,meenn moajns(‘)e,5
что.acc.sg,4,meenn,мэ̄нн,Переведенный корпус,meenn sɒɒnes kuuht jeer’g’ jɒd’exen’ p’eerg ja saav’ex’et koogg l’iijem koorrma saallvas sɨz’z’en’,5
что.acc.sg,4,meenn,мэ̄нн,kld_txt_KarNC_deers,sɨjj jiil’l’en’ puuʒet’ pɨɲɲen’ i tel’ meenn k’eez’ kɨd kuun’t’x’ev i čeexxča kooppčev,5
что.acc.sg,4,meenn,мэ̄нн,kld_txt_Kert1961_jeerrkja_oollmej_bajas,ujnbedde jebbe meennɲe,5
что.acc.sg,4,meenn,мэ̄нн,Переведенный корпус,meenn saarnax,5
что.acc.sg,4,meenn?,мэ̄нн?,kld_txt_KarNC_deers,kolxoz kues’s’gu šende tes’t’ meenn? meenem šendem kolxoz’n’ik,1
что.acc.sg?,1,meenn,мэ̄нн,,,1
что.acc?.pl,1,mejt?,мэйт?,,,1
что.gen.sg,2,meenn,мэ̄нн,Переведенный корпус,a mudda a lɨhkev kuk’a el’e an’exa k’iihčev kooxxt iiž’es’ rooŋ’ŋ’k’ i meenn kugga bɨdd,3
что.gen.sg,2,meenn,мэ̄нн,Переведенный корпус,čuujgmen’ k’iihčep man’t’e zv’eer l’eev keerrma man’t’esem k’iijje l’eev koonngɒrre l’eev keerrma meenn vuejga,3
что.gen.sg,2,meenn,мэ̄нн,kld_txt_Kert1961_pro_vorona_tulena_i_dikogo_olena,nuer’j poorrem luus kus’k’ ja jug’g’enalšem kuul’ raašk no per’a meenn karnses’t,3
что.gen.sg,2,men,мэн,Переведенный корпус,a nɨm’p’ puadd i vuejj i šurnant paar’n’ eel štɒ munn puada toon konta men guejka most tovruž kon’tex,1
что.loc.pl,1,meejt’,мэ̄йтҍ,,,1
что.nom.sg,3,m'ii,мӣ,kld_txt_Genetz1891,olmuj c'aal̥l̥ka što m'ii l'aak tonn v’iɨggolmejt egg vuajje mune kab’b’er' t’iivvte(d),1
что.nom.sg,3,mʼii,мӣ,kld_txt_KarNC_wedding_pt2,mʼii šente?”,2
что.nom.sg,3,mʼii,мӣ,kld_txt_KarNC_wedding_pt2,mʼii toost muehc?”,2
что.nom.sg,3,m’ii,мӣ,kld_txt_Genetz1891,sɨjj al'kes kočsen tonst m’ii l'ii pampel'e(j)t l'eeštaɲč pugg laampse(j)t pore,3
что.nom.sg,3,m’ii,мӣ,kld_txt_KarNC_wedding_pt2,ja m’ii toost cavvc,3
что.nom.sg,3,m’ii,мӣ,kld_txt_Kert1961_pro_vorona_tulena_i_dikogo_olena,a m’ii l’ii karnses’t porrmuššen kuem čoajva ja jɒrk kɒmme vuajva,3
чтобы,4,štobe,штобэ,Переведенный корпус,suem’p’ k’aaǯ’a kooret naak’ štobe l’aahč štobi vuajehček oojjke k’iid’ i l’aahč š’iiγ’ čuujjke,5
чтобы,4,štobe,штобэ,Переведенный корпус,k’eev’l’ lɨgget nɨt’t’ štobe soonn čoxta veeʒe ejj vuajče,5
чтобы,4,štobe,штобэ,Переведенный корпус,pɨjet nɨt’t’ štobe sɨjj l’iihčen’ seekksem m’eedas tes’t’ vuajj kues’s’ l’eev seekks m’eedas vuajj čuujjke udlen’n’e a kues’s’ pejjne paahka to rueppt seeks ejj jɒdd valas k’irse,5
чтобы,4,štobe,штобэ,kld_txt_Kert1961_jeerrkja_oollmej_bajas,oollme meennen’ tenn n’iijjta aanne štobe sonn lɨgga(h)č nɨd’d’ kooxxt bɨ ruuce jev p’eezče s’iine gɒrre,5
чтобы,4,štobe,штобэ,kld_txt_Kert1961_jeerrkja_oollmej_bajas,oollme eel’l’ken’ saarrne parnaguejm štobe kɒmpaɲe paar’r’n soon al’n nɒɒj̥j̥tlede(h)č,5
чтобы,4,štobi,штобы,Переведенный корпус,suem’p’ k’aaǯ’a kooret naak’ štobe l’aahč štobi vuajehček oojjke k’iid’ i l’aahč š’iiγ’ čuujjke,3
чтобы,4,štobi,штобы,Переведенный корпус,i kues’s’ čuujjklet’ štobi soonn l’aahč soonen’ l’aahč š’iiγ’ čuujjke,3
чтобы,4,štobi,штобы,Переведенный корпус,p’ees’s’ muur raadet mugga štobi soonn ejj vuajče muurrtje l’aahč bi rɒvas ja muulehče jeenne vuek’s’ i ejj sojnehče,3
чтобы,4,štobɨ,штобы,Переведенный корпус,pɨd’d’e sonn n’iijtes’ vaarra ɨšteht’ soon p’eez’ vuella a iiǯ vɨxxta vɨjjel’ mɒɒst štobɨ ejj ujjine n’iijtes’ sɒr’m’,3
чтобы,4,štobɨ,штобы,Переведенный корпус,muuɲkaallsa šɒlšuve taate sonn kaal’l’mde n’iijta da čofta n’iijjt l’aajj š’iig ja mooǯe cɒɒge sonn n’iijjta v’iil’l’k’es’ p’eeck štobɨ ejj kelmče,3
чтобы,4,štobɨ,штобы,Переведенный корпус,vuulklešuude evdes’ vaan’c’e vaar’ m’iil’l’te n’iijjt el’ge soon moolle štobɨ ejj kuedeče sonn ooxxte vaarra,3
чтобы,4,štop,штоп,kld_txt_Kert1961_rybolovstvo_20210223,štop luštɨj povve k'iirrknahč pɨjje kul̥p,1
чудо,1,tɨkven’,тыквэнҍ,,,1
чудовище,1,pampel',пампэль,,,1
чудовище.nom.sg,1,pampel',пампэль,,,1
чужой,1,v’iir’es’,вӣресь,,,1
чум,2,kɒvvs,коаввс,kld_txt_KarNC_deers,eevvdel’ mɨjj joddlem’ kɒvvseguejm,1
чум,2,čum,чум,kld_txt_KarNC_deers,ruup’p’s’es’ čum eevvdel’ jev el’l’ij m’iines’t’,2
чум,2,čum,чум,kld_txt_KarNC_deers,m’iin ruup’p’s’es’ čuma ɒɒlkxuv’v’en’ tala kolxozes’t’,2
чуть,1,čutt,чутт,,,1
чуять,2,apps,аппс,kld_txt_Itkonen1931_6_page254,saame leegg appsa,1
чуять,2,ap’s,апьс,kld_txt_Lehtiranta_3_kɒn’t’_moajnas,ap’sent,1
чёрный,1,čoahp’,чоаххьп,,,1
чёрт.NOM.SG,1,cuer̥’r̥’t’,цуэҏҏьт,,,1
чёрт.gen.sg,1,cuer̥’t’,цуэҏьт,,,1
чёрт.nom.sg,2,cuer̥’r̥’t’,цуэҏҏьт,kld_txt_Itkonen1931_6_page254,eexxt cuer̥’r̥’t’ c’eel̥’k’e,2
чёрт.nom.sg,2,cuer̥’r̥’t’,цуэҏҏьт,kld_txt_Itkonen1931_6_page254,num’m’p cuer̥’r̥’t’ c’eel̥’k’e što vɨgga bɨdd moast,2
чёрт.nom.sg,2,čaann,ча̄нн,Переведенный корпус,tonn mej pueres' čaann eg'g' pɨhta m'iinne lɒj̥et' kɒl'l'et' ja mooǯes' šolk ɒɒsset',1
шагать,1,vaan’n’c’,ва̄ннҍц,,,2
шапка,1,kap’p’r’,каппьр,,,1
шапка.acc.sg,2,kab'b'er',кабперь,kld_txt_Genetz1891,vaal'te ɨšte kɒb(e) raabe(j) kab'b'er' pɨjje(j) kuut' juul'k’es' keske ja raajk pukkej kap’p’r’e,1
шапка.acc.sg,2,kab’b’er',кабперь,kld_txt_Genetz1891,olmuj c'aal̥l̥ka što m'ii l'aak tonn v’iɨggolmejt egg vuajje mune kab’b’er' t’iivvte(d),1
шапка.gen.sg,2,kab'b'er',кабперь,kld_txt_Genetz1891,čaaʒ'jeelle kab'b'er' sɨz l'iiške(j) t'iiŋ’ke(j)t kab'b'er' sɨzn raajjk pugg koollken' kobba,2
шапка.gen.sg,2,kab'b'er',кабперь,kld_txt_Genetz1891,čaaʒ'jeelle kab'b'er' sɨz l'iiške(j) t'iiŋ’ke(j)t kab'b'er' sɨzn raajjk pugg koollken' kobba,2
шапка.gen.sg,2,kab’b’er',кабперь,kld_txt_Genetz1891,čaaʒ'jelle puude(j) t’iiŋ’ke(j)t i pɨt’e saaml’eɲče kab’b’er' sɨz lɨške(j) kab’b’er' lak’ šante,2
шапка.gen.sg,2,kab’b’er',кабперь,kld_txt_Genetz1891,čaaʒ'jelle puude(j) t’iiŋ’ke(j)t i pɨt’e saaml’eɲče kab’b’er' sɨz lɨške(j) kab’b’er' lak’ šante,2
швед,3,ruc,руц,kld_txt_Kert1961_byl_o_ljajne,odzkud˙d˙i͔n˙ kånnta rucɛ si̮z’n’,2
швед,3,ruc,руц,kld_txt_Kert1961_byl_o_ljajne,i kas’t˙ rucɛt˙ kåvvn,2
швед,3,ruuc,рӯц,kld_txt_Kert1961_jeerrkja_oollmej_bajas,oollme meennen’ tenn n’iijjta aanne štobe sonn lɨgga(h)č nɨd’d’ kooxxt bɨ ruuce jev p’eezče s’iine gɒrre,1
швед,3,ruuhc,рӯххц,kld_txt_Kert1961_jeerrkja_oollmej_bajas,ruuhce l’aajj n’eel’l’jlɒg’g’ oollme,1
швед.acc.sg,1,ruhcлa,руххца,,,1
швед.gen.sg,1,ruuc,рӯц,,,1
швед.nom.pl,2,ruuc,рӯц,kld_txt_Kert1961_jeerrkja_oollmej_bajas,eex’x’teš’(t’) nɨm’(p’)b’aalla jaav’r’ puud’d’en’ ruuc,3
швед.nom.pl,2,ruuc,рӯц,kld_txt_Kert1961_jeerrkja_oollmej_bajas,jesl’e kɒmpaɲe paar’r’n vaallt mun kuujje tanna munn lɨgga nɨd’d’ što ruuc m’iinet’ jev kɒn’t,3
швед.nom.pl,2,ruuc,рӯц,kld_txt_Kert1961_jeerrkja_oollmej_bajas,a ruuc uže vɨjjten’ jaavvra,3
швед.nom.pl,2,rūc,руц,kld_txt_Kert1961_byl_o_ljajne,rūc uitɛn˙ akes’ ja mur’r’tɛn˙ kuɛd˙,1
шевелиться,1,lɨgg,лыгк,,,4
шелк,1,šolk,шолк,,,1
шерсть.gen.sg,1,seekksem,сэ̄кксэм,,,1
шерсть.nom.sg,1,seekks,сэ̄ккс,,,1
шесть,3,kudd,кудт,Переведенный корпус,kuddlɒg’g’ kualmante ɨg’es’ janvari maanas’ munn učenekam’i avcand klaases’ vɨjjl’em čiirre puuʒeguejm,1
шесть,3,kud’d’,кудтҍ,kld_txt_KarNC_deers,soost l’aajj čuud’(d’) vɨdd l’iim’p’e kud’d’ nɨd’d’,1
шесть,3,kuudd,кӯдт,Переведенный корпус,taal’l’va veеʒ bɨvaet keess’em i bɨvaet i čovta keessem nu t’eennet kuuddlag’g’ keǯǯemlag’g’ sajn’tim’eetrav,1
шея,1,čaapx,ча̄пх,,,1
шея.gen.sg,1,čaapat,ча̄пат,,,1
шея.nom.sg,2,čaapex,ца̄пэх,kld_txt_KarNC_wedding_pt2,a mustgul čaapex kal’l’m’,2
шея.nom.sg,2,čaapex,ца̄пэх,kld_txt_KarNC_wedding_pt2,čaapex kal’l’m’ no l’eev m’iines’t’ lɨhcep’gul,2
шея.nom.sg,2,čaapex,ча̄пэх,kld_txt_KarNC_wedding_pt2,ja telʼ čaapex kal’l’m’.,1
шить,4,kuar,куар,Пkld_txt_Kert1961_suška škur,tuul’j al’n’ vuajj vued’d’e il’i kuarre maal’c’et’ ja rɒvvet’ a kɒmmsen’ kuaret’ tubɨrket’ p’imat’ buurket’,1
шить,4,kuarr,куарр,Пkld_txt_Kert1961_suška škur,tuul’j al’n’ vuajj vued’d’e il’i kuarre maal’c’et’ ja rɒvvet’ a kɒmmsen’ kuaret’ tubɨrket’ p’imat’ buurket’,1
шить,4,kɨr’j,кырй,kld_txt_Lehtiranta_1_r’iim’ɲ_moajnas,kɨr’j(e)(h)t muun(e) s’eel’g,1
шить,4,kɨr’j(e),кырй(э),kld_txt_Lehtiranta_1_r’iim’ɲ_moajnas,k’ee l’ii kɨr’j(e)xeɲǯ s’eel’g,3
шить,4,kɨr’j(e),кырй(э),kld_txt_Lehtiranta_1_r’iim’ɲ_moajnas,r’iimmɲ saarrn čte mun(n) kɨr’j(e)xem,3
шить,4,kɨr’j(e),кырй(э),kld_txt_Lehtiranta_1_r’iim’ɲ_moajnas,r’iimmɲ saarrn čte jeenna l’ii tuujje tuun s’eel’g kɨr’j(e)xe(ẟ),3
школа,1,škoola,шко̄ла,,,1
шкура,1,tuul’j,тӯлй,,,1
шкура.acc.sg,1,tuul’j,тӯлй,,,5
шкура.gen,1,tuul’j,тӯлй,,,1
шкура.gen.sg,1,tuul’j,тӯлй,,,2
шкура.nom.sg,1,tuull’j,тӯллй,,,1
штоф.acc.sg,1,štof,штоф,,,1
шуметь,2,šum,шум,Переведенный корпус,ejj eesstma sonn xar’a vuel’l’k’te kued’es’ vel’l’ej son’n’e vuessta aahk’ ja el’g’e šume kaallses’ eel,1
шуметь,2,šumm,шумм,Переведенный корпус,jeen’n’b’eel’l’ sraaze šummguud’e kaallsa ell,2
шуметь,2,šumm,шумм,Переведенный корпус,kues’s’ muuɲkaallsa puud'e sonn el'ge šumme soon eel,2
шуметь.npst.3sg,1,vuegg,вуэгк,,,1
щипать,3,pag',пагь,kld_txt_Genetz1891,taall c'aal̥l̥ka ɒra jel' pag'e,1
щипать,3,pag'g',пагкь,kld_txt_Genetz1891,sonn ejj alka pag'g'e(δ) voal'te(j) taale k'aassad'd'e muursoane vuella kuaddas’ vaancel’,1
щипать,3,pakk,пакк,kld_txt_Genetz1891,tal taall sonn taal vuejves’t’ kecest voal’te(j) pakke(δ),1
это,2,tenn,тэнн,kld_txt_Kert1961_rybolovstvo_20210223,ja maŋŋa tenn puk tuullt'ehten',1
это,2,tɛ,т,kld_txt_Kert1961_byl_o_ljajne,tɛin˙ dɛl’i portuvven˙,1
это.nom.sg,1,tedd,тэдт,,,1
этот,3,tatte,таттэ,kld_txt_Genetz1891,olmeɲč tatte moaze vaancel kuaddas’,1
этот,3,tat’t’e,татте,kld_txt_Genetz1891,tat’t’e v'aala vul'ke t’iiŋ’k’e gorra saaml'anč ɒrr t’iiŋ’ke(j)t’ vuerrt,1
этот,3,tɛi,ты,kld_txt_Kert1961_byl_o_ljajne,tɛi bale ruc jennɛ såmi͔t˙ kontl’i͔n˙,1
этот.ACC.PL,1,tejd,тэйд,,,1
этот.ACC.Sg,1,tenn,тэнн,,,1
этот.COM.SG,1,tejn,тэйн,,,1
этот.DAT.SG,1,tez,тэз,,,1
этот.LOC.SG,1,tes’t’,тэсьт,,,1
этот.NOM.SG,2,tedd,тэдт,kld_txt_Genetz1891,tedd vaallt k’iiddes’,3
этот.NOM.SG,2,tedd,тэдт,kld_txt_KarNC_wedding_pt2,tedd nɨšše,3
этот.NOM.SG,2,tedd,тэдт,Переведенный корпус,tedd l’aajj muuɲkaallsa muuɲkaallsa t’iirvxede n’iijten’ sonn vuessta,3
этот.NOM.SG,2,tudde,тудтэ,kld_txt_KarNC_wedding_pt2,tudde jeen’n’b’eel’ gɒr’r’,1
этот.acc.pl,1,tɛit,тыт,,,1
этот.acc.sg,1,tenn,тэнн,,,3
этот.attr,1,tenn,тэнн,,,2
этот.com.sg,1,tejn,тэйн,,,2
этот.dat.sg,1,tenn,тэнн,,,1
этот.dat.sg?,1,tez,тэз,,,1
этот.gen.sg,3,ten(n),тэн(н),kld_txt_Lehtiranta_2_r’iim’ɲ_i_taale_moajnas,ten(n) kuejjke l’ii taalest ja k’eet’kest ja ɲuem’m’lest vuen’ex s’eejjp čte s’eejp kuedd(e)jen jaavvra,1
этот.gen.sg,3,tenn,тэнн,Переведенный корпус,tenn rɒjj mɨjj sɒɒgem sɒɒnet zapraavat kuuht xaar’an’,3
этот.gen.sg,3,tenn,тэнн,kld_txt_Kert1961_rybolovstvo_20210223,tenn še cɨcces't' vuajj cɨhce soajmet',3
этот.gen.sg,3,tenn,тэнн,Переведенный корпус,kues’s’ jeen’n’b’eel’l’ ja soon rɒdne n’iijjt kullsen’ tenn bajas sɨjj čofta s’eennden’,3
этот.gen.sg,3,tenna,тэнна,Переведенный корпус,n’iijjta paar’r’n’ ponrav’dede i cɒɒr al’l’k’ i kaallsa n’iijjt nɒɒj̥j̥tledden’ i jeel’ešuud’d’en’ š’iiggten’n’e i tenna rajja jeellev i m’iinet’ kuessa kɒhčev,1
этот.loc.sg,4,tenn,тэнн,Переведенный корпус,tenn paxodes m’iineguejm l’iijjen puadda kar’elsk’i parna,3
этот.loc.sg,4,tenn,тэнн,Переведенный корпус,mɨjj tenn paxodes jiil’em b’eda druužna,3
этот.loc.sg,4,tenn,тэнн,Переведенный корпус,i tenn v’eečres kuu l’aajj kug’g’ meene m’iine b’eda mooǯten’n’e,3
этот.loc.sg,4,tes't,тэсьт,Переведенный корпус,tes't i moajjnse k'eeǯ,1
этот.loc.sg,4,tes’t,тэсьт,kld_txt_Kert1961_pro_vorona_tulena_i_dikogo_olena,tes’t kalsenč vuud’e nɨm’m’p ɨj ja kualmant p’eejv’ vaan’n’cel’ nuurmuss n’iijjtas kuessa,1
этот.loc.sg,4,tes’t’,тэсьт,Переведенный корпус,muur pugg l’eev tes’t’ mudd saj kaahta veezen’,4
этот.loc.sg,4,tes’t’,тэсьт,Переведенный корпус,pɨjet nɨt’t’ štobe sɨjj l’iihčen’ seekksem m’eedas tes’t’ vuajj kues’s’ l’eev seekks m’eedas vuajj čuujjke udlen’n’e a kues’s’ pejjne paahka to rueppt seeks ejj jɒdd valas k’irse,4
этот.loc.sg,4,tes’t’,тэсьт,kld_txt_KarNC_deers,kolxoz kues’s’gu šende tes’t’ meenn? meenem šendem kolxoz’n’ik,4
этот.loc.sg,4,tes’t’,тэсьт,kld_txt_KarNC_wedding_pt2,tel’ maŋŋa tes’t’ mejt?,4
этот.nom.pl,2,tegg,тэгк,Переведенный корпус,a tegg vuul’l’k’en’,1
этот.nom.pl,2,tegʼgʼe,тэгкэ,kld_txt_KarNC_wedding_pt2,tegʼgʼe avvta nɨšše jev luš'tʼ,1
этот.nom.sg,2,ted,тэд,Переведенный корпус,čeares tenn veeze kon pɨjet čeexxčа ted veeʒ pukk b’eda l’ii roovas i čaares vesenom taal’l’va mennev paje al’m’ al’m’,1
этот.nom.sg,2,tedd,тэдт,kld_SAM_SG_map_20230815,tedd sɨjjt l’ll kas’t l’eev paahk’,10
этот.nom.sg,2,tedd,тэдт,Переведенный корпус,ab’b’r l’ii gal nuurr abb’r tedd kues’es b’eda čaaʒ’ veeʒ mann kɨdda,10
этот.nom.sg,2,tedd,тэдт,Переведенный корпус,ur’d’es tedd lujav’r’ur’r’d’,10
этот.nom.sg,2,tedd,тэдт,kld_txt_Kert1961_jeerrkja_oollmej_bajas,a tedd n’iijjt l’aajj puer’es’,10
этот.nom.sg,2,tedd,тэдт,kld_txt_Kert1961_jeerrkja_oollmej_bajas,a tedd n’iijjt saarrn,10
этот.nom.sg,2,tedd,тэдт,kld_txt_Kert1961_jeerrkja_oollmej_bajas,i tedd šeeŋŋ jod’e koollm p’eejv nɨd’d’ što ejj kuessteɲč ɲim’ii,10
этот.nom.sg,2,tedd,тэдт,kld_txt_Kert1961_pro_vorona_tulena_i_dikogo_olena,tedd sɨjj jannas soag an’n’tev,10
этот.nom.sg,2,tedd,тэдт,Переведенный корпус,eex’x’t’eš’ raj vɨje mooǯes’ paar’r’n’ tedd l’aajj cɒɒr al’l’k’,10
этот.nom.sg,2,tedd,тэдт,Переведенный корпус,tedd mudda ejj men karvulle n’ik’ee,10
этот.nom.sg,2,tedd,тэдт,Переведенный корпус,i tedd jore luuv’t’ al’n ersajje,10
этот.obl,1,tenn,тэнн,,,3
этот.obl.pl,2,tej(d),тэй(д),Переведенный корпус,k’aavvla pɨjet vel nɒɒket’ a tej(d) nɒɒk’e k’aaǯa kruges’t’ pɨjet p’ees’s’ muur iižes’ suem’p’,1
этот.obl.pl,2,tejd,тэйд,Переведенный корпус,tejd raajket pɨjet p’e’r’enoskat’,1
этот.obl.sg,1,tenn,тэнн,,,3
этот.pl,1,tegg,тэгк,,,1
этот.sg.nom,1,tedd,тэдт,,,1
этот?,1,tejja,тэййа,,,1
юноша.nom.sg,1,paar’r’n’,па̄ррьн,,,2
я,1,munn,мунн,,,1
я.acc,1,mun,мун,,,1
я.gen,1,mon,мон,,,1
я.nom,1,munn,мунн,,,5
язык.nom.sg,1,ɲuuxxčem’,нӯххцэмь,,,1
яйцо,1,man’n’,маннҍ,,,1
якорь.acc.sg,1,jaakr,я̄кр,,,1
яловка,1,jaлovɛ,яёв,,,1
яма,3,kobb,кобп,kld_txt_Genetz1891,čaaʒ'jeelle kab'b'er' sɨz l'iiške(j) t'iiŋ’ke(j)t kab'b'er' sɨzn raajjk pugg koollken' kobba,1
яма,3,kobba,кобпа,Переведенный корпус,s’ines’t’ l’ijjen’ vennas k’aassen’č di l’ijjen’ t’eerpnenč kobba jev kuestče rɨnnte,1
яма,3,kɒb,коаб,kld_txt_Genetz1891,vaal'te ɨšte kɒb(e) raabe(j) kab'b'er' pɨjje(j) kuut' juul'k’es' keske ja raajk pukkej kap’p’r’e,1
январь,1,janvar,январ,,,1
ящик,1,ɨš’s’t’,ышсььт,,,1
…,2,o,о,Переведенный корпус,toolgɒr’r’en’ kɨp’ten man’n’ o šal’d,1
…,2,…,…,kld_txt_KarNC_wedding_pt2,… mɒššenʼ t’iiŋʼk’eguejm tam’p’e lʼeev pʼeelʼčudʼdʼ kopʼejkedde ili mar̥ʼr̥ʼkʼ.,1
